crop_type,growth_stage,soil_type,temperature,humidity,rainfall,soil_moisture,farm_area,crop_coefficient,water_requirement_liters
Sugarcane,Fruiting,loamy,22.4,75.7,0.0,21.5,4.86,1.45,9530.1
Cotton,Maturity,clay,35.3,86.0,0.0,55.1,6.31,1.15,2783.5
Maize,Fruiting,loamy,25.0,64.8,0.5,38.8,4.83,1.05,3970.1
Sugarcane,Fruiting,silt,29.2,80.9,0.0,15.9,9.45,1.45,20840.2
Wheat,Vegetative,clay,25.3,31.3,0.0,22.9,5.2,0.9,2908.6
Rice,Vegetative,silt,22.4,88.0,0.0,73.2,6.18,1.35,1679.0
Sugarcane,Fruiting,loamy,41.1,79.9,0.0,53.1,9.67,1.45,11675.1
Maize,Maturity,loamy,18.4,52.5,1.8,15.9,2.39,1.05,1596.3
Cotton,Flowering,loamy,32.5,85.2,0.0,70.3,4.77,1.15,1961.0
Wheat,Maturity,sandy,32.2,42.9,0.0,78.2,8.56,0.9,1023.3
Maize,Vegetative,sandy,36.5,57.1,0.0,16.7,1.52,1.05,1902.8
Groundnut,Maturity,silt,34.7,34.1,0.0,28.2,9.46,0.85,4129.4
Sugarcane,Flowering,sandy,21.9,85.4,0.0,71.6,8.13,1.45,4844.7
Groundnut,Seedling,sandy,39.8,42.7,3.7,37.9,3.4,0.85,906.5
Wheat,Flowering,loamy,29.6,70.0,1.1,25.9,2.58,0.9,1665.1
Wheat,Seedling,clay,41.1,41.4,2.4,33.5,0.85,0.9,219.4
Tomato,Vegetative,clay,27.9,27.1,0.0,59.2,5.54,1.0,1750.4
Sugarcane,Fruiting,sandy,36.3,40.4,0.0,56.1,6.52,1.45,8970.9
Cotton,Seedling,loamy,25.7,37.1,0.0,59.0,0.66,1.15,226.4
Sugarcane,Fruiting,loamy,34.6,50.1,9.7,37.2,1.58,1.45,2249.2
Sugarcane,Vegetative,sandy,23.5,36.4,0.0,32.0,9.96,1.45,16532.6
Cotton,Seedling,loamy,26.4,72.2,0.0,65.7,6.6,1.15,1807.8
Cotton,Seedling,silt,36.8,68.5,0.0,76.1,9.75,1.15,1528.4
Rice,Flowering,silt,41.9,36.4,0.0,26.6,3.98,1.35,5964.7
Sugarcane,Flowering,loamy,25.4,60.3,0.0,31.3,6.1,1.45,9522.5
Cotton,Flowering,clay,26.4,66.9,0.0,30.0,5.24,1.15,5498.1
Groundnut,Flowering,silt,33.5,36.5,0.0,74.5,4.02,0.85,633.5
Cotton,Fruiting,loamy,19.8,44.9,0.7,46.5,4.04,1.15,3880.9
Rice,Vegetative,sandy,31.7,31.3,0.0,24.1,5.42,1.35,9114.8
Tomato,Seedling,sandy,35.0,60.9,0.0,31.7,6.31,1.0,3543.2
Groundnut,Vegetative,sandy,30.0,76.9,0.0,66.7,8.96,0.85,2121.0
Rice,Flowering,loamy,21.7,88.8,0.0,31.3,0.87,1.35,1008.0
Sugarcane,Flowering,silt,25.8,78.8,0.0,44.7,8.5,1.45,9469.9
Cotton,Fruiting,silt,41.4,58.6,0.0,32.6,4.67,1.15,6562.1
Sugarcane,Vegetative,loamy,22.4,30.3,0.0,18.8,9.19,1.45,14343.5
Wheat,Seedling,silt,40.4,66.5,0.0,43.3,7.44,0.9,2209.6
Cotton,Fruiting,clay,26.5,74.3,0.1,18.0,0.89,1.15,1276.8
Groundnut,Vegetative,clay,29.8,55.8,0.0,40.9,6.35,0.85,2310.2
Maize,Fruiting,clay,24.3,26.0,0.0,50.1,7.0,1.05,4163.6
Rice,Seedling,silt,32.1,86.1,0.0,56.8,4.85,1.35,1901.3
Cotton,Flowering,loamy,33.0,78.3,3.7,32.8,2.54,1.15,2728.7
Rice,Flowering,sandy,19.7,45.7,6.5,67.9,3.18,1.35,1136.3
Groundnut,Vegetative,loamy,26.4,85.9,0.0,77.9,5.71,0.85,578.3
Cotton,Seedling,sandy,27.9,49.2,5.2,75.5,8.65,1.15,228.1
Tomato,Maturity,sandy,36.1,31.7,0.0,68.7,3.54,1.0,941.7
Groundnut,Maturity,loamy,38.3,48.1,0.0,46.4,5.18,0.85,1751.0
Maize,Maturity,sandy,32.5,61.0,0.0,65.8,1.58,1.05,522.0
Cotton,Vegetative,sandy,21.4,74.5,3.4,20.5,7.16,1.15,9755.5
Rice,Seedling,clay,39.4,34.5,2.5,52.8,8.7,1.35,3021.7
Sugarcane,Seedling,loamy,36.1,49.5,0.0,51.3,4.53,1.45,2862.7
Rice,Flowering,sandy,28.4,41.5,0.0,63.2,7.79,1.35,6068.3
Cotton,Maturity,silt,41.1,49.4,0.0,29.5,9.65,1.15,9218.1
Groundnut,Maturity,silt,31.3,46.0,0.0,74.7,2.9,0.85,300.1
Sugarcane,Seedling,loamy,34.7,54.5,0.0,73.6,0.93,1.45,243.6
Groundnut,Vegetative,silt,19.4,50.6,0.4,26.0,6.65,0.85,2985.7
Groundnut,Fruiting,loamy,41.4,89.1,0.0,35.1,8.23,0.85,5456.2
Groundnut,Maturity,loamy,39.9,78.5,0.0,54.9,4.47,0.85,1203.3
Sugarcane,Seedling,sandy,32.3,49.8,0.0,69.5,4.95,1.45,1963.8
Cotton,Seedling,loamy,19.4,81.2,0.0,79.8,5.78,1.15,603.4
Wheat,Seedling,clay,24.0,42.9,0.0,64.2,0.95,0.9,128.5
Sugarcane,Vegetative,clay,30.5,75.2,0.0,50.9,5.83,1.45,4469.4
Sugarcane,Maturity,loamy,33.3,77.3,0.0,78.7,6.28,1.45,1418.5
Rice,Flowering,sandy,39.7,47.6,0.0,40.8,6.41,1.35,9395.2
Maize,Vegetative,clay,29.8,46.4,3.5,19.9,1.72,1.05,1127.8
Sugarcane,Flowering,clay,34.7,36.7,0.0,71.8,5.39,1.45,2458.0
Cotton,Flowering,loamy,22.1,43.1,0.7,22.8,4.88,1.15,6551.5
Rice,Vegetative,loamy,30.1,69.9,0.0,55.8,1.28,1.35,836.6
Tomato,Seedling,sandy,22.4,38.6,0.0,55.2,4.0,1.0,1215.1
Rice,Maturity,clay,18.9,41.4,0.0,48.3,5.56,1.35,2910.3
Cotton,Flowering,sandy,20.5,72.9,0.0,69.6,1.35,1.15,645.2
Wheat,Fruiting,loamy,39.4,63.6,0.0,47.4,1.33,0.9,843.4
Tomato,Fruiting,sandy,27.1,46.9,0.0,30.9,5.23,1.0,5995.1
Wheat,Maturity,loamy,23.7,31.6,0.6,25.4,2.27,0.9,1074.4
Sugarcane,Seedling,sandy,19.2,26.2,0.0,73.3,5.97,1.45,1773.2
Cotton,Fruiting,sandy,37.6,41.8,0.0,75.4,5.79,1.15,2664.8
Groundnut,Maturity,clay,41.2,71.2,0.0,49.4,7.22,0.85,1914.4
Wheat,Maturity,clay,21.7,56.3,2.7,36.9,1.78,0.9,442.0
Tomato,Maturity,loamy,36.2,63.7,0.0,37.7,9.33,1.0,4681.3
Wheat,Fruiting,silt,27.8,85.6,16.5,39.6,9.3,0.9,194.6
Maize,Fruiting,clay,37.8,37.1,0.0,74.0,3.5,1.05,916.3
Rice,Seedling,clay,37.6,53.5,0.0,34.6,7.6,1.35,4604.3
Tomato,Vegetative,clay,19.6,39.9,0.0,36.6,7.44,1.0,3573.4
Rice,Fruiting,sandy,39.1,57.2,0.0,79.9,7.65,1.35,2791.9
Tomato,Fruiting,clay,35.1,57.1,4.9,49.9,4.1,1.0,1555.3
Maize,Fruiting,silt,30.1,60.1,0.0,65.2,0.62,1.05,263.7
Rice,Flowering,sandy,26.3,36.8,0.0,41.1,4.89,1.35,7111.7
Wheat,Flowering,silt,39.9,34.0,0.4,62.2,6.13,0.9,2018.6
Sugarcane,Vegetative,loamy,28.2,72.9,0.0,44.3,1.58,1.45,1676.0
Maize,Vegetative,clay,22.5,79.4,1.4,29.8,6.27,1.05,3612.7
Rice,Fruiting,loamy,18.1,46.7,0.0,74.8,3.79,1.35,1359.6
Rice,Flowering,clay,40.0,63.2,0.0,31.1,5.99,1.35,7556.7
Cotton,Vegetative,silt,23.1,58.5,0.0,51.2,8.68,1.15,5340.2
Sugarcane,Maturity,silt,30.1,63.7,0.0,28.6,9.03,1.45,10017.3
Maize,Maturity,clay,38.1,63.2,0.0,49.3,5.58,1.05,2150.8
Tomato,Vegetative,clay,31.4,35.1,0.0,76.5,4.05,1.0,556.4
Groundnut,Seedling,sandy,41.5,79.6,0.0,50.9,2.91,0.85,813.9
Sugarcane,Flowering,sandy,18.5,31.8,5.6,57.4,2.76,1.45,2357.6
Wheat,Flowering,silt,27.5,68.4,0.8,73.3,0.62,0.9,90.5
Sugarcane,Seedling,sandy,38.4,33.0,0.0,60.8,9.15,1.45,5370.1
Sugarcane,Vegetative,sandy,32.2,42.4,0.0,50.9,4.64,1.45,5686.7
Groundnut,Flowering,silt,41.4,75.7,0.0,79.0,4.98,0.85,560.9
Tomato,Seedling,silt,34.8,51.2,0.0,42.4,1.76,1.0,589.5
Maize,Maturity,clay,24.5,26.2,8.6,52.5,3.1,1.05,113.9
Rice,Fruiting,sandy,20.6,34.1,1.1,62.6,2.88,1.35,2388.6
Maize,Seedling,loamy,22.2,84.4,0.0,48.7,0.95,1.05,301.8
Cotton,Maturity,silt,36.5,29.4,0.0,74.5,7.35,1.15,1709.4
Cotton,Vegetative,sandy,33.9,85.9,4.6,17.0,2.99,1.15,4376.8
Wheat,Flowering,loamy,21.7,65.5,2.3,37.9,4.42,0.9,2078.5
Maize,Flowering,silt,28.4,41.0,0.0,60.2,3.09,1.05,1279.3
Groundnut,Flowering,sandy,41.1,76.4,0.0,20.6,9.6,0.85,9220.7
Cotton,Maturity,loamy,33.8,70.0,6.6,46.8,2.6,1.15,1118.1
Wheat,Maturity,sandy,25.1,85.1,0.0,45.8,8.69,0.9,3580.2
Sugarcane,Flowering,clay,30.5,66.9,0.0,51.4,5.07,1.45,4593.3
Rice,Fruiting,sandy,25.6,60.1,5.5,55.7,8.92,1.35,8137.6
Rice,Fruiting,clay,28.0,55.0,16.2,27.1,4.15,1.35,3614.8
Groundnut,Seedling,clay,20.2,46.9,0.0,15.2,4.94,0.85,1592.1
Wheat,Vegetative,silt,35.2,63.3,0.0,17.9,1.54,0.9,1035.5
Cotton,Vegetative,loamy,36.9,30.8,0.0,76.4,4.94,1.15,1305.4
Maize,Vegetative,loamy,35.8,29.2,0.0,30.0,8.39,1.05,6950.8
Rice,Flowering,silt,26.4,28.8,0.0,75.3,9.95,1.35,3170.7
Maize,Flowering,clay,30.4,56.9,0.0,45.1,6.42,1.05,3534.5
Cotton,Fruiting,loamy,39.3,87.1,0.0,57.6,5.73,1.15,4621.5
Cotton,Vegetative,silt,24.1,25.3,4.2,49.6,9.64,1.15,5169.4
Cotton,Vegetative,sandy,26.3,69.1,2.9,72.1,8.08,1.15,2357.9
Groundnut,Seedling,sandy,38.8,71.0,0.0,59.2,6.38,0.85,1413.3
Cotton,Maturity,clay,29.2,82.1,0.0,29.9,9.13,1.15,6772.4
Rice,Fruiting,clay,38.0,58.0,0.0,55.1,9.82,1.35,7869.2
Groundnut,Maturity,sandy,21.1,43.4,0.0,69.6,4.23,0.85,729.2
Sugarcane,Maturity,loamy,36.9,36.3,0.0,25.8,7.82,1.45,10458.1
Wheat,Vegetative,silt,19.1,81.6,0.0,63.7,1.74,0.9,390.5
Maize,Fruiting,sandy,19.6,78.4,0.0,31.4,0.51,1.05,581.9
Groundnut,Seedling,sandy,28.8,35.6,0.0,29.4,1.28,0.85,527.3
Wheat,Fruiting,clay,21.2,81.4,11.6,62.5,9.14,0.9,50.0
Cotton,Seedling,clay,39.5,39.9,0.8,57.4,4.0,1.15,1356.4
Sugarcane,Fruiting,silt,31.0,35.4,0.8,25.0,4.81,1.45,9553.0
Maize,Fruiting,loamy,39.9,87.9,0.0,15.1,6.18,1.05,8496.0
Wheat,Fruiting,silt,28.3,38.0,2.4,52.8,3.06,0.9,1154.7
Maize,Seedling,silt,29.2,69.2,0.0,61.9,6.74,1.05,1514.2
Tomato,Seedling,silt,36.7,27.6,2.3,30.7,9.87,1.0,3634.7
Wheat,Fruiting,silt,26.3,75.4,9.9,49.7,8.88,0.9,1131.2
Wheat,Seedling,loamy,19.9,50.8,0.0,59.8,8.11,0.9,1404.8
Tomato,Flowering,loamy,35.0,27.1,9.6,50.2,7.24,1.0,1671.0
Rice,Fruiting,clay,36.8,64.8,0.0,50.9,6.18,1.35,5636.4
Sugarcane,Seedling,silt,35.6,30.3,0.2,25.4,8.78,1.45,9104.7
Rice,Flowering,sandy,29.3,73.4,0.0,17.8,2.04,1.35,4159.3
Cotton,Flowering,silt,22.8,69.2,0.3,31.7,4.89,1.15,5016.6
Wheat,Maturity,sandy,28.0,80.0,0.0,64.9,5.3,0.9,1305.1
Tomato,Fruiting,clay,35.4,56.6,0.0,42.4,3.13,1.0,2176.9
Cotton,Vegetative,clay,26.6,50.0,0.0,30.3,7.87,1.15,7349.1
Rice,Fruiting,clay,41.3,36.8,0.0,31.1,8.77,1.35,12360.5
Sugarcane,Seedling,silt,32.2,35.6,0.0,31.8,6.74,1.45,6085.2
Groundnut,Maturity,sandy,28.9,40.3,0.3,48.8,3.7,0.85,1292.6
Wheat,Seedling,loamy,28.8,63.2,10.4,38.4,4.1,0.9,50.0
Groundnut,Maturity,loamy,38.3,77.4,0.0,28.4,1.56,0.85,729.2
Rice,Vegetative,loamy,30.7,85.9,0.1,44.4,9.37,1.35,8067.2
Wheat,Fruiting,clay,27.5,56.2,4.1,36.0,9.74,0.9,4143.0
Sugarcane,Flowering,clay,26.2,59.6,0.5,24.3,9.43,1.45,13695.0
Maize,Seedling,sandy,34.1,53.8,7.1,60.0,8.46,1.05,662.0
Rice,Flowering,clay,18.4,40.9,0.0,65.0,1.57,1.35,714.3
Wheat,Maturity,silt,33.6,31.9,0.0,18.1,9.78,0.9,5665.1
Tomato,Seedling,silt,36.1,30.9,1.2,57.3,7.77,1.0,1577.1
Rice,Vegetative,loamy,37.1,53.3,6.0,50.4,0.55,1.35,340.1
Sugarcane,Seedling,silt,32.6,61.6,0.0,53.8,5.68,1.45,3006.1
Cotton,Flowering,silt,34.0,65.3,0.0,71.1,5.43,1.15,2115.5
Wheat,Fruiting,loamy,37.5,32.1,0.0,31.0,5.03,0.9,4352.0
Wheat,Vegetative,silt,40.9,26.2,0.8,57.1,9.03,0.9,2669.5
Tomato,Fruiting,sandy,27.1,37.8,2.3,25.8,6.36,1.0,7662.6
Maize,Fruiting,sandy,31.9,30.8,0.0,78.5,8.32,1.05,2202.5
Wheat,Flowering,sandy,34.3,36.8,0.0,21.9,5.89,0.9,6266.6
Tomato,Fruiting,silt,30.6,32.3,0.0,48.5,6.14,1.0,3821.1
Rice,Seedling,sandy,32.7,51.7,0.0,38.0,2.75,1.35,2267.3
Cotton,Fruiting,silt,34.1,77.6,5.1,42.6,1.95,1.15,1858.7
Tomato,Flowering,silt,38.7,39.1,0.4,56.7,6.27,1.0,2687.9
Wheat,Maturity,loamy,19.4,34.2,0.0,58.9,4.71,0.9,1106.4
Maize,Seedling,loamy,18.4,47.2,0.0,36.9,9.1,1.05,3638.3
Maize,Seedling,silt,22.6,46.0,0.0,19.5,5.43,1.05,2961.9
Rice,Fruiting,loamy,19.7,66.6,0.0,59.2,2.69,1.35,1904.1
Rice,Fruiting,clay,26.7,89.7,2.1,52.7,1.34,1.35,943.5
Maize,Maturity,loamy,34.6,38.1,2.7,44.3,7.68,1.05,3340.4
Groundnut,Flowering,silt,27.2,32.8,12.8,62.9,7.8,0.85,50.0
Tomato,Seedling,clay,30.5,65.5,0.0,23.3,8.35,1.0,3513.4
Wheat,Fruiting,loamy,23.5,47.2,1.7,30.5,5.34,0.9,3767.4
Cotton,Fruiting,clay,28.7,64.0,0.0,47.3,9.93,1.15,8549.9
Sugarcane,Seedling,clay,31.0,65.8,0.0,61.9,1.84,1.45,677.4
Sugarcane,Fruiting,clay,19.9,51.2,0.0,37.5,9.77,1.45,13199.3
Tomato,Maturity,clay,25.5,64.4,0.0,68.9,3.52,1.0,569.3
Cotton,Seedling,clay,21.5,48.9,0.2,23.8,9.65,1.15,5959.3
Groundnut,Maturity,sandy,30.1,53.6,0.0,29.0,6.39,0.85,3452.7
Groundnut,Flowering,sandy,19.5,75.7,2.2,79.7,1.05,0.85,50.0
Tomato,Fruiting,clay,24.4,36.6,0.0,56.2,2.67,1.0,1136.3
Maize,Fruiting,silt,22.2,67.6,0.0,66.5,4.35,1.05,1523.0
Cotton,Fruiting,clay,37.9,72.7,5.1,42.1,5.07,1.15,4517.4
Wheat,Maturity,clay,34.3,37.3,3.4,69.2,6.48,0.9,196.3
Tomato,Fruiting,sandy,28.9,79.9,0.0,24.8,3.58,1.0,4273.3
Groundnut,Vegetative,silt,37.5,64.9,0.0,77.2,1.76,0.85,194.1
Tomato,Seedling,clay,28.5,41.6,6.4,73.6,4.88,1.0,50.0
Cotton,Vegetative,silt,39.5,66.4,3.3,48.7,1.93,1.15,1237.4
Maize,Maturity,silt,20.0,71.6,0.3,15.8,9.59,1.05,6679.3
Maize,Vegetative,sandy,25.1,47.7,0.0,27.0,2.15,1.05,2141.6
Rice,Fruiting,loamy,25.1,75.0,0.0,28.4,1.65,1.35,2466.9
Wheat,Fruiting,clay,19.7,87.4,0.0,35.9,1.69,0.9,878.5
Maize,Maturity,silt,36.0,77.8,3.7,37.0,9.32,1.05,3921.8
Sugarcane,Seedling,loamy,27.0,60.8,1.7,32.8,9.32,1.45,7338.7
Tomato,Maturity,sandy,34.1,45.6,7.4,50.4,6.54,1.0,1539.9
Wheat,Maturity,clay,38.2,72.4,0.0,26.5,5.68,0.9,2600.5
Cotton,Vegetative,sandy,29.7,34.8,0.0,64.3,7.56,1.15,4402.0
Cotton,Flowering,sandy,34.5,81.8,0.0,25.4,4.88,1.15,8397.8
Rice,Vegetative,sandy,25.5,73.3,0.0,59.7,4.06,1.35,2763.5
Tomato,Fruiting,silt,18.1,74.5,0.0,28.2,9.6,1.0,7357.4
Cotton,Flowering,loamy,21.0,50.0,0.0,29.1,1.81,1.15,2124.1
Wheat,Maturity,clay,34.7,25.2,0.0,66.6,1.38,0.9,232.3
Wheat,Flowering,silt,20.5,39.7,4.2,46.6,6.19,0.9,1951.6
Cotton,Fruiting,silt,25.7,66.4,0.0,63.5,9.83,1.15,5843.7
Cotton,Maturity,silt,20.9,72.8,0.0,19.1,8.11,1.15,7278.7
Sugarcane,Flowering,loamy,40.4,66.8,0.0,66.1,1.62,1.45,1187.1
Cotton,Seedling,clay,32.1,37.0,1.6,16.7,0.73,1.15,506.6
Wheat,Maturity,clay,30.4,44.4,9.9,42.9,8.79,0.9,50.0
Tomato,Maturity,clay,40.5,70.9,3.5,73.8,9.14,1.0,138.9
Tomato,Fruiting,clay,19.4,39.6,0.0,75.0,4.98,1.0,885.7
Wheat,Vegetative,silt,26.9,52.9,6.5,25.2,8.6,0.9,3003.7
Cotton,Fruiting,clay,39.8,34.1,0.0,37.6,9.05,1.15,10885.6
Sugarcane,Maturity,clay,37.9,76.2,0.0,78.7,1.88,1.45,370.7
Sugarcane,Vegetative,loamy,31.6,55.2,0.0,37.7,1.58,1.45,1956.9
Rice,Seedling,sandy,34.4,60.4,13.8,41.3,5.65,1.35,1709.1
Sugarcane,Seedling,loamy,32.7,39.7,0.0,24.2,6.81,1.45,7081.6
Cotton,Maturity,sandy,31.1,29.0,0.0,44.9,0.99,1.15,858.5
Sugarcane,Seedling,silt,26.2,81.7,0.0,64.0,0.67,1.45,240.0
Groundnut,Fruiting,clay,23.7,54.3,0.0,16.8,1.12,0.85,751.3
Wheat,Flowering,silt,24.8,50.4,0.0,44.4,4.28,0.9,2036.9
Cotton,Fruiting,clay,20.3,48.2,5.0,35.3,6.61,1.15,5691.7
Sugarcane,Vegetative,clay,28.7,61.3,0.0,38.6,9.02,1.45,9157.5
Groundnut,Seedling,sandy,22.4,83.1,3.7,43.6,6.35,0.85,998.7
Wheat,Flowering,silt,20.8,73.1,0.0,46.5,1.66,0.9,694.6
Groundnut,Vegetative,sandy,33.7,33.4,4.1,16.9,8.32,0.85,5839.7
Rice,Maturity,sandy,22.5,80.8,0.0,61.2,3.49,1.35,1894.6
Groundnut,Seedling,loamy,24.1,78.3,0.0,30.9,1.57,0.85,475.5
Rice,Seedling,loamy,28.1,83.8,4.7,54.9,4.64,1.35,1239.0
Groundnut,Flowering,clay,41.5,66.2,0.0,36.1,7.02,0.85,3553.5
Groundnut,Seedling,silt,23.5,79.4,0.0,60.1,5.37,0.85,759.4
Cotton,Seedling,loamy,27.8,74.4,8.2,67.5,1.06,1.15,50.0
Sugarcane,Vegetative,sandy,39.8,68.6,2.9,44.1,4.87,1.45,6562.3
Cotton,Flowering,clay,37.3,56.1,0.0,16.8,9.68,1.15,13925.7
Wheat,Seedling,sandy,41.3,78.7,0.0,78.8,6.4,0.9,632.4
Tomato,Fruiting,sandy,38.9,32.3,0.0,21.3,2.8,1.0,4148.0
Tomato,Fruiting,loamy,37.8,29.8,0.0,53.9,1.11,1.0,651.4
Sugarcane,Maturity,clay,37.1,27.3,0.0,70.6,5.45,1.45,1842.5
Maize,Fruiting,loamy,32.4,32.5,0.0,58.5,8.38,1.05,4860.9
Maize,Fruiting,clay,28.4,75.3,0.0,43.8,6.27,1.05,4275.1
Cotton,Fruiting,loamy,34.9,40.4,2.5,40.0,5.13,1.15,6238.5
Rice,Flowering,sandy,41.6,42.5,0.0,15.2,0.88,1.35,2095.3
Wheat,Vegetative,sandy,21.4,43.0,12.5,46.3,2.36,0.9,144.8
Tomato,Maturity,loamy,18.1,25.5,0.9,22.0,3.72,1.0,2134.2
Maize,Maturity,loamy,23.2,50.8,0.2,68.1,3.2,1.05,690.6
Cotton,Seedling,sandy,29.8,70.6,17.3,32.9,4.25,1.15,938.3
Groundnut,Flowering,silt,39.2,68.6,0.0,34.3,7.33,0.85,4231.6
Tomato,Fruiting,clay,24.2,68.2,0.0,21.0,6.17,1.0,5285.8
Groundnut,Seedling,loamy,27.7,45.9,0.0,57.0,6.64,0.85,1211.7
Wheat,Vegetative,sandy,39.9,64.8,0.0,22.8,9.07,0.9,8114.9
Wheat,Flowering,silt,41.8,78.3,0.0,44.2,1.3,0.9,707.3
Wheat,Seedling,sandy,26.2,72.4,0.0,60.0,4.58,0.9,1022.5
Cotton,Maturity,sandy,31.0,81.0,3.1,40.0,4.78,1.15,3982.0
Sugarcane,Flowering,silt,18.3,49.1,0.0,49.2,5.36,1.45,5322.7
Groundnut,Maturity,sandy,21.4,82.9,1.5,16.7,6.64,0.85,3391.2
Sugarcane,Flowering,clay,32.3,31.6,0.0,69.7,6.01,1.45,3102.1
Wheat,Seedling,sandy,34.5,34.1,2.3,47.9,9.66,0.9,2585.1
Wheat,Flowering,silt,27.9,50.7,1.3,46.7,1.74,0.9,728.1
Rice,Maturity,loamy,40.9,45.4,0.0,68.7,9.85,1.35,3554.5
Wheat,Fruiting,loamy,21.7,61.0,0.0,69.2,4.68,0.9,1142.5
Rice,Vegetative,silt,35.0,36.5,0.0,30.3,8.39,1.35,9520.1
Sugarcane,Maturity,sandy,21.6,78.1,0.0,62.7,3.35,1.45,2025.2
Wheat,Seedling,silt,32.9,38.1,1.8,45.9,5.66,0.9,1206.9
Maize,Fruiting,clay,21.1,76.4,0.0,32.9,8.83,1.05,6882.1
Groundnut,Seedling,sandy,29.1,88.8,0.0,53.3,4.07,0.85,967.7
Sugarcane,Flowering,sandy,40.0,48.5,0.0,44.6,4.71,1.45,7958.1
Sugarcane,Fruiting,sandy,40.9,38.0,0.0,43.5,8.55,1.45,17536.8
Maize,Maturity,sandy,35.6,74.6,9.3,71.7,5.51,1.05,50.0
Wheat,Maturity,silt,37.7,46.7,0.0,66.6,9.91,0.9,1886.4
Maize,Seedling,sandy,21.4,74.0,0.0,64.8,8.54,1.05,2035.3
Rice,Seedling,clay,19.9,51.5,1.8,37.7,1.55,1.35,668.7
Tomato,Vegetative,clay,23.8,56.1,0.0,58.3,2.51,1.0,732.0
Rice,Flowering,silt,25.0,34.9,1.1,52.9,8.5,1.35,6166.3
Maize,Maturity,sandy,26.6,67.1,0.0,47.7,4.77,1.05,2601.6
Rice,Fruiting,silt,31.3,66.4,0.0,30.3,3.38,1.35,5104.8
Groundnut,Maturity,sandy,36.6,42.6,2.4,23.7,6.48,0.85,3350.1
Cotton,Seedling,silt,27.7,31.7,0.0,61.5,6.14,1.15,1966.1
Tomato,Maturity,silt,35.8,45.6,0.0,32.6,8.51,1.0,4691.7
Groundnut,Fruiting,silt,39.8,86.3,0.0,75.9,6.91,0.85,1143.5
Tomato,Vegetative,sandy,22.0,71.3,0.0,64.5,9.53,1.0,3171.6
Sugarcane,Seedling,clay,24.5,55.9,0.0,21.8,5.24,1.45,4541.4
Cotton,Vegetative,silt,26.8,49.0,0.0,42.1,8.31,1.15,6648.8
Sugarcane,Vegetative,silt,26.9,81.5,0.0,66.8,7.66,1.45,3765.0
Sugarcane,Fruiting,clay,35.7,88.3,0.0,45.4,6.0,1.45,7268.0
Maize,Fruiting,sandy,26.8,28.8,0.0,32.4,8.44,1.05,10632.2
Tomato,Flowering,sandy,25.9,83.9,0.0,72.0,0.9,1.0,246.7
Rice,Seedling,silt,28.9,42.4,0.9,70.7,5.97,1.35,1191.2
Tomato,Vegetative,loamy,24.4,26.1,0.0,48.7,3.81,1.0,1730.6
Wheat,Fruiting,silt,31.6,68.1,0.0,58.9,5.7,0.9,2235.2
Maize,Flowering,silt,39.6,71.2,0.0,45.8,1.07,1.05,748.4
Groundnut,Vegetative,silt,41.0,86.3,0.0,50.4,9.65,0.85,3268.6
Cotton,Vegetative,silt,32.9,83.2,6.6,33.0,9.83,1.15,7163.6
Groundnut,Fruiting,sandy,24.2,47.4,8.7,45.5,8.96,0.85,2804.3
Tomato,Vegetative,loamy,29.9,40.0,0.0,34.6,7.73,1.0,4956.1
Maize,Vegetative,loamy,41.1,65.4,0.0,50.5,2.21,1.05,1292.3
Wheat,Maturity,silt,23.0,28.2,0.0,66.6,8.61,0.9,1433.0
Groundnut,Fruiting,clay,20.6,66.4,0.0,76.9,5.46,0.85,638.9
Rice,Flowering,sandy,19.8,65.5,13.9,66.5,9.13,1.35,1076.9
Rice,Seedling,sandy,27.5,86.9,0.0,70.5,7.84,1.35,2214.1
Cotton,Seedling,sandy,41.0,74.6,0.0,69.3,7.95,1.15,2521.9
Groundnut,Fruiting,clay,37.3,28.0,5.8,48.5,8.18,0.85,1941.8
Maize,Flowering,silt,33.9,32.7,0.0,74.8,9.94,1.05,2266.5
Tomato,Maturity,sandy,26.9,50.5,0.0,76.8,5.98,1.0,930.7
Groundnut,Maturity,silt,31.8,52.0,0.0,72.0,9.76,0.85,1181.7
Sugarcane,Vegetative,sandy,23.3,27.5,0.1,71.3,3.18,1.45,1706.7
Cotton,Flowering,loamy,30.4,74.3,0.0,73.1,9.49,1.15,3398.6
Maize,Maturity,clay,36.7,56.0,2.4,53.4,2.27,1.05,617.7
Groundnut,Seedling,sandy,19.7,86.2,0.0,67.7,8.44,0.85,1139.1
Maize,Fruiting,clay,36.6,47.9,0.0,45.1,0.93,1.05,667.5
Sugarcane,Maturity,clay,30.8,63.4,0.0,62.0,2.41,1.45,1108.5
Sugarcane,Maturity,loamy,28.5,82.4,0.2,35.2,7.45,1.45,7355.2
Maize,Vegetative,clay,39.5,78.2,1.0,23.1,3.7,1.05,2867.5
Sugarcane,Fruiting,sandy,23.3,74.6,2.7,39.7,4.44,1.45,7855.1
Tomato,Flowering,silt,19.0,42.2,3.2,61.4,7.71,1.0,1647.2
Wheat,Seedling,loamy,35.0,36.2,0.0,25.3,2.21,0.9,945.5
Rice,Flowering,loamy,22.7,47.4,0.0,70.7,7.16,1.35,3072.7
Groundnut,Maturity,sandy,31.2,45.3,0.0,40.2,9.11,0.85,4111.3
Tomato,Vegetative,loamy,20.3,61.3,0.0,49.7,5.64,1.0,2339.8
Maize,Seedling,loamy,35.2,81.1,0.0,50.9,4.27,1.05,1404.4
Sugarcane,Vegetative,silt,37.6,57.6,0.3,75.8,8.58,1.45,2746.6
Sugarcane,Flowering,sandy,18.3,68.8,0.0,33.7,3.41,1.45,6121.4
Tomato,Maturity,loamy,39.1,64.4,0.0,20.5,3.67,1.0,2441.3
Wheat,Maturity,sandy,19.4,49.3,0.0,58.6,6.51,0.9,1866.6
Wheat,Maturity,silt,41.8,46.1,0.0,15.7,4.78,0.9,2891.1
Rice,Seedling,clay,41.3,32.4,0.0,60.8,4.52,1.35,1534.0
Cotton,Flowering,clay,30.4,73.1,0.0,59.8,1.87,1.15,962.2
Sugarcane,Flowering,loamy,40.2,29.4,0.0,44.8,1.37,1.45,2010.7
Wheat,Flowering,clay,24.0,68.9,0.0,35.3,3.08,0.9,1564.1
Groundnut,Vegetative,loamy,22.2,32.6,0.0,28.9,9.42,0.85,4569.5
Maize,Fruiting,loamy,18.4,62.9,0.0,77.2,4.29,1.05,895.5
Maize,Vegetative,silt,34.1,88.5,0.4,43.2,1.38,1.05,780.5
Groundnut,Fruiting,loamy,30.3,53.5,19.6,50.5,6.87,0.85,50.0
Rice,Fruiting,loamy,20.2,38.0,0.0,15.9,2.86,1.35,5146.3
Rice,Flowering,loamy,28.2,39.0,0.0,39.2,3.66,1.35,4176.0
Rice,Flowering,silt,40.4,60.4,0.0,63.3,7.51,1.35,4616.2
Rice,Seedling,loamy,22.9,77.0,0.0,74.5,8.67,1.35,1555.5
Rice,Flowering,loamy,27.9,81.8,0.0,47.5,5.58,1.35,5228.6
Rice,Vegetative,sandy,25.0,53.9,0.1,47.7,1.03,1.35,1002.3
Wheat,Fruiting,silt,20.5,74.7,0.0,31.9,2.02,0.9,1340.8
Sugarcane,Flowering,loamy,37.8,54.0,5.7,75.1,4.71,1.45,1108.3
Rice,Seedling,loamy,35.8,30.0,0.0,29.0,8.19,1.35,6856.4
Tomato,Vegetative,clay,40.6,82.0,0.0,51.0,5.28,1.0,2165.4
Wheat,Seedling,clay,37.1,82.5,0.0,41.9,0.63,0.9,165.2
Sugarcane,Maturity,silt,34.7,39.9,0.4,15.1,7.33,1.45,10117.5
Wheat,Fruiting,clay,25.1,60.2,0.0,62.6,8.88,0.9,2619.2
Cotton,Fruiting,clay,30.5,64.5,1.0,40.4,2.72,1.15,2632.0
Sugarcane,Fruiting,silt,32.8,61.2,0.0,50.2,7.12,1.45,8556.5
Rice,Vegetative,sandy,31.1,62.4,0.0,60.3,5.21,1.35,3818.4
Maize,Maturity,sandy,21.4,70.0,0.0,73.2,2.44,1.05,466.6
Tomato,Seedling,sandy,19.7,55.8,0.0,59.8,2.91,1.0,743.3
Tomato,Fruiting,loamy,30.9,79.3,0.0,46.5,3.67,1.0,2391.1
Cotton,Flowering,clay,27.7,56.5,0.0,57.1,0.65,1.15,392.1
Rice,Fruiting,sandy,31.0,87.9,0.0,19.8,4.07,1.35,9077.4
Maize,Flowering,clay,25.7,39.3,0.0,19.5,4.01,1.05,3723.5
Cotton,Fruiting,silt,19.1,47.7,0.0,69.0,8.5,1.15,3948.6
Rice,Maturity,silt,31.2,29.3,0.0,65.8,7.64,1.35,2820.0
Sugarcane,Vegetative,silt,21.4,68.6,0.0,26.0,2.35,1.45,3113.0
Tomato,Flowering,loamy,33.7,82.8,0.0,25.2,5.0,1.0,4377.6
Maize,Flowering,clay,27.3,63.3,0.0,71.0,8.75,1.05,2139.5
Tomato,Vegetative,clay,21.2,53.9,0.0,43.0,5.72,1.0,2463.3
Tomato,Flowering,clay,36.0,39.6,0.0,45.1,3.15,1.0,1755.7
Rice,Maturity,sandy,37.7,55.0,0.0,65.3,7.6,1.35,4046.8
Tomato,Fruiting,silt,18.7,41.9,0.0,30.8,5.79,1.0,4623.3
Wheat,Seedling,silt,22.8,58.4,0.0,58.3,1.4,0.9,247.3
Cotton,Seedling,clay,35.0,87.9,0.0,75.7,8.11,1.15,1229.5
Maize,Maturity,loamy,41.1,83.0,0.0,15.9,1.26,1.05,1026.5
Maize,Flowering,clay,18.3,74.7,0.0,17.5,8.45,1.05,7208.7
Maize,Maturity,loamy,32.1,62.8,0.0,43.7,7.22,1.05,3784.9
Cotton,Seedling,silt,31.7,81.4,0.0,55.2,6.51,1.15,2323.5
Rice,Fruiting,clay,37.3,71.5,3.1,44.6,6.91,1.35,6341.1
Sugarcane,Vegetative,silt,40.6,35.9,0.0,60.3,6.66,1.45,4825.8
Sugarcane,Fruiting,loamy,22.3,70.8,0.0,69.4,2.11,1.45,1263.2
Groundnut,Vegetative,silt,18.6,36.1,0.0,59.6,9.15,0.85,2124.5
Maize,Maturity,clay,31.7,43.0,0.0,53.5,3.87,1.05,1321.9
Wheat,Fruiting,silt,19.6,40.0,0.0,31.0,7.06,0.9,4858.3
Cotton,Flowering,loamy,37.2,82.5,0.5,29.1,7.07,1.15,9890.1
Sugarcane,Seedling,silt,40.6,75.4,0.5,43.3,4.26,1.45,3056.1
Maize,Flowering,clay,27.3,29.6,0.8,45.5,3.05,1.05,1698.8
Rice,Fruiting,sandy,21.5,88.2,0.0,43.6,3.14,1.35,4224.6
Maize,Fruiting,clay,24.2,48.1,3.9,28.7,8.19,1.05,6235.2
Sugarcane,Vegetative,silt,19.8,89.1,1.1,68.9,7.21,1.45,2654.5
Wheat,Vegetative,silt,25.3,45.3,0.0,71.9,4.7,0.9,771.6
Sugarcane,Vegetative,loamy,35.2,43.3,1.6,37.6,5.7,1.45,7159.7
Tomato,Fruiting,clay,22.7,56.8,0.0,46.4,8.46,1.0,4402.5
Sugarcane,Seedling,sandy,37.2,33.0,0.0,48.4,9.08,1.45,8154.9
Groundnut,Vegetative,clay,33.5,39.9,0.0,58.0,1.84,0.85,449.2
Wheat,Fruiting,loamy,24.7,39.2,0.0,33.6,9.31,0.9,6744.8
Tomato,Flowering,clay,26.8,30.7,0.0,66.7,2.16,1.0,577.9
Tomato,Seedling,sandy,23.2,81.8,1.0,15.0,8.77,1.0,5292.2
Maize,Seedling,clay,24.4,61.0,0.8,30.4,9.51,1.05,3677.2
Sugarcane,Flowering,clay,36.9,63.3,0.0,60.7,6.34,1.45,4606.8
Wheat,Maturity,silt,27.0,71.0,0.0,64.6,0.93,0.9,179.3
Tomato,Flowering,silt,34.1,55.4,5.2,55.7,3.15,1.0,826.5
Sugarcane,Fruiting,loamy,36.6,84.5,0.0,60.2,6.3,1.45,6239.8
Rice,Flowering,sandy,31.6,67.3,0.0,70.7,8.43,1.35,4632.2
Wheat,Maturity,loamy,37.8,59.1,5.2,37.4,0.79,0.9,212.2
Cotton,Vegetative,sandy,19.0,66.4,0.0,27.5,3.31,1.15,4341.6
Groundnut,Fruiting,clay,24.7,43.3,11.6,61.5,7.21,0.85,50.0
Sugarcane,Fruiting,clay,37.1,43.1,0.5,70.2,1.35,1.45,754.7
Groundnut,Vegetative,silt,22.8,35.7,0.0,32.7,3.74,0.85,1689.2
Maize,Seedling,sandy,30.0,41.0,0.0,63.8,7.66,1.05,2184.5
Maize,Flowering,clay,40.6,76.0,0.0,31.2,7.31,1.05,5956.5
Sugarcane,Vegetative,silt,36.2,44.2,1.2,43.6,7.43,1.45,7939.2
Groundnut,Seedling,silt,20.9,72.8,2.7,47.0,3.35,0.85,377.3
Groundnut,Seedling,loamy,32.0,50.4,1.5,29.2,0.64,0.85,182.6
Cotton,Flowering,silt,27.6,46.2,0.0,67.1,1.49,1.15,685.5
Maize,Maturity,sandy,26.7,31.0,3.1,73.2,7.94,1.05,939.2
Cotton,Fruiting,silt,20.5,36.2,2.9,76.0,8.28,1.15,1763.1
Rice,Seedling,sandy,41.3,53.0,1.5,18.4,7.07,1.35,8031.8
Sugarcane,Seedling,loamy,21.3,69.8,0.0,20.0,9.01,1.45,8754.2
Wheat,Seedling,loamy,31.4,35.1,0.0,74.3,5.87,0.9,595.0
Sugarcane,Maturity,sandy,36.8,42.9,0.8,59.1,1.23,1.45,947.3
Sugarcane,Seedling,clay,18.8,55.9,1.8,57.7,9.73,1.45,3228.6
Maize,Fruiting,sandy,30.3,75.3,0.0,57.1,2.7,1.05,1934.9
Cotton,Vegetative,silt,19.1,45.8,0.0,77.5,4.72,1.15,938.0
Wheat,Maturity,silt,23.2,43.7,2.8,74.0,1.98,0.9,50.0
Rice,Fruiting,silt,39.1,61.2,0.0,62.5,9.6,1.35,7111.9
Groundnut,Flowering,sandy,33.2,65.9,0.0,49.5,6.94,0.85,3571.0
Maize,Fruiting,clay,37.8,34.5,0.0,69.9,4.6,1.05,1525.6
Rice,Vegetative,sandy,29.6,58.4,0.0,36.1,0.87,1.35,1126.9
Cotton,Vegetative,sandy,35.1,70.3,1.4,28.7,8.64,1.15,11769.5
Tomato,Fruiting,clay,36.8,42.3,16.2,54.2,6.77,1.0,50.0
Tomato,Vegetative,loamy,25.3,37.9,0.0,42.3,5.22,1.0,2784.1
Sugarcane,Seedling,clay,39.6,30.5,1.7,16.1,6.79,1.45,6623.1
Groundnut,Vegetative,clay,23.6,26.5,0.0,23.8,2.7,0.85,1256.0
Cotton,Seedling,sandy,27.4,26.9,3.1,66.2,3.41,1.15,825.3
Rice,Fruiting,silt,27.5,88.3,2.7,61.1,3.08,1.35,1798.7
Wheat,Fruiting,silt,27.9,35.6,0.9,31.9,1.33,0.9,946.6
Rice,Fruiting,silt,19.2,65.7,1.2,36.6,6.8,1.35,7964.4
Maize,Flowering,sandy,27.5,59.4,0.0,67.4,7.72,1.05,3287.6
Groundnut,Maturity,silt,35.6,47.5,1.8,26.1,8.36,0.85,3104.8
Rice,Maturity,sandy,33.4,41.9,0.0,34.3,2.68,1.35,3188.6
Cotton,Fruiting,sandy,37.0,34.2,2.8,17.9,6.74,1.15,15054.7
Groundnut,Maturity,silt,19.9,89.5,0.0,78.5,8.04,0.85,546.8
Cotton,Seedling,loamy,38.8,43.8,0.0,41.7,4.56,1.15,2841.5
Wheat,Maturity,sandy,34.5,78.5,0.0,16.1,8.27,0.9,5899.2
Sugarcane,Seedling,loamy,29.8,37.7,0.0,66.4,6.22,1.45,2242.2
Cotton,Vegetative,sandy,41.1,33.8,0.0,76.4,7.78,1.15,2663.0
Rice,Fruiting,clay,28.3,42.9,5.1,60.0,2.72,1.35,1385.5
Rice,Maturity,clay,21.1,64.4,6.6,62.7,3.74,1.35,419.1
Rice,Seedling,clay,27.9,33.2,0.0,67.4,8.5,1.35,2149.0
Cotton,Fruiting,silt,22.2,44.2,0.0,18.3,8.96,1.15,14115.6
Groundnut,Fruiting,loamy,18.6,48.6,0.0,23.3,8.1,0.85,5853.9
Maize,Fruiting,silt,37.0,69.0,0.0,34.2,0.51,1.05,503.1
Cotton,Flowering,loamy,33.9,66.2,3.2,62.4,3.57,1.15,1765.2
Sugarcane,Fruiting,loamy,38.0,84.7,3.7,41.1,7.42,1.45,11557.9
Cotton,Flowering,loamy,18.3,46.0,2.8,21.0,8.25,1.15,10290.6
Sugarcane,Seedling,sandy,27.1,64.5,1.7,21.2,3.49,1.45,4324.0
Sugarcane,Flowering,sandy,41.7,53.9,0.0,79.7,6.04,1.45,2337.7
Sugarcane,Seedling,loamy,29.7,80.9,0.0,38.7,7.52,1.45,5864.0
Maize,Flowering,silt,34.6,70.5,0.0,47.5,7.44,1.05,4541.9
Groundnut,Seedling,clay,25.4,57.0,5.6,29.7,5.73,0.85,446.4
Rice,Flowering,clay,25.2,43.1,0.0,69.1,9.77,1.35,3797.5
Cotton,Vegetative,clay,37.7,27.7,0.0,31.4,3.42,1.15,3359.6
Rice,Fruiting,loamy,41.4,60.4,0.0,19.9,9.12,1.35,17980.4
Cotton,Maturity,loamy,18.5,45.5,0.0,60.6,3.65,1.15,1506.5
Wheat,Fruiting,sandy,40.3,68.9,0.0,50.8,8.01,0.9,5629.9
Tomato,Vegetative,loamy,19.5,47.1,2.5,57.8,9.98,1.0,2384.6
Wheat,Fruiting,loamy,38.9,54.4,14.9,54.9,6.36,0.9,50.0
Sugarcane,Seedling,clay,35.5,33.8,0.8,32.1,5.49,1.45,4159.1
Rice,Flowering,silt,25.1,35.6,3.9,55.3,7.13,1.35,4224.3
Maize,Flowering,silt,31.0,30.2,0.0,40.8,3.32,1.05,2435.9
Cotton,Flowering,sandy,26.9,64.9,2.6,45.5,5.27,1.15,5442.5
Rice,Fruiting,silt,37.9,75.9,0.0,23.1,8.81,1.35,14971.4
Sugarcane,Vegetative,loamy,27.5,64.2,0.0,42.5,9.96,1.45,10949.5
Wheat,Flowering,sandy,41.6,30.6,5.9,23.6,4.68,0.9,3970.1
Groundnut,Maturity,silt,19.3,64.0,0.0,29.1,4.7,0.85,1747.7
Tomato,Vegetative,loamy,19.6,39.2,0.0,44.0,0.64,1.0,321.1
Cotton,Fruiting,silt,23.3,65.7,3.0,18.9,6.24,1.15,8999.5
Rice,Flowering,sandy,27.0,65.6,0.0,63.2,2.82,1.35,2168.1
Cotton,Fruiting,sandy,38.5,86.9,7.5,27.6,5.01,1.15,8797.0
Cotton,Seedling,silt,24.2,32.4,0.0,68.5,9.08,1.15,2265.3
Tomato,Maturity,silt,19.1,86.5,6.5,20.0,2.11,1.0,643.0
Tomato,Flowering,clay,34.4,86.7,0.0,51.1,1.23,1.0,545.6
Groundnut,Seedling,silt,33.4,51.7,0.0,16.6,3.69,0.85,1476.1
Sugarcane,Maturity,loamy,22.1,28.3,3.4,53.2,1.57,1.45,909.3
Sugarcane,Fruiting,sandy,28.5,65.8,0.0,36.1,7.03,1.45,15634.5
Cotton,Flowering,clay,37.5,42.7,0.0,48.9,1.15,1.15,913.8
Wheat,Seedling,loamy,34.6,34.1,0.0,41.2,5.44,0.9,1729.5
Wheat,Fruiting,sandy,40.8,82.2,0.0,28.5,3.88,0.9,4326.1
Sugarcane,Flowering,sandy,28.0,48.3,0.0,25.5,4.98,1.45,11642.8
Rice,Flowering,sandy,18.6,48.1,0.0,32.0,7.1,1.35,11209.3
Maize,Seedling,sandy,22.7,58.4,0.0,35.6,9.16,1.05,4919.1
Rice,Seedling,clay,18.2,57.3,0.0,16.6,6.06,1.35,4251.9
Cotton,Maturity,sandy,19.5,27.0,0.0,23.1,2.91,1.15,3307.1
Tomato,Fruiting,clay,31.9,82.9,0.0,42.9,7.62,1.0,4714.7
Cotton,Seedling,loamy,25.9,35.7,0.0,40.0,4.64,1.15,2786.6
Wheat,Seedling,silt,22.3,72.0,0.0,52.6,0.64,0.9,137.1
Maize,Seedling,sandy,18.3,67.2,0.0,75.6,0.69,1.05,98.3
Rice,Vegetative,loamy,40.4,89.8,4.5,72.2,0.97,1.35,191.7
Wheat,Seedling,clay,24.1,39.3,0.0,47.5,6.91,0.9,1552.9
Groundnut,Vegetative,clay,27.9,38.6,0.0,75.7,3.38,0.85,345.5
Cotton,Maturity,sandy,21.6,34.9,1.4,26.9,9.67,1.15,10847.2
Sugarcane,Flowering,clay,21.5,38.4,0.0,40.9,0.56,1.45,600.4
Wheat,Seedling,silt,37.1,46.0,5.1,57.8,6.59,0.9,177.8
Cotton,Vegetative,silt,32.4,56.6,0.0,71.6,7.96,1.15,2589.1
Groundnut,Seedling,clay,34.6,86.4,4.0,47.5,6.63,0.85,394.3
Rice,Fruiting,sandy,22.3,25.3,2.1,59.4,2.74,1.35,2476.0
Cotton,Flowering,silt,24.9,75.9,0.0,53.9,1.28,1.15,901.0
Cotton,Maturity,silt,38.6,87.4,0.9,27.6,8.3,1.15,7589.1
Rice,Maturity,loamy,22.5,71.8,0.0,45.0,8.37,1.35,5631.9
Wheat,Flowering,silt,29.3,70.9,8.9,34.8,1.82,0.9,511.1
Rice,Vegetative,clay,39.3,28.1,0.0,56.0,3.07,1.35,1955.8
Maize,Fruiting,loamy,23.3,28.7,0.0,26.2,2.09,1.05,2238.3
Sugarcane,Maturity,sandy,30.1,58.0,0.0,31.2,1.2,1.45,1755.1
Maize,Fruiting,loamy,27.9,78.1,0.0,58.8,1.8,1.05,984.5
Rice,Vegetative,silt,30.3,45.9,0.0,43.3,9.25,1.35,7993.2
Tomato,Maturity,clay,23.3,25.0,0.0,63.2,2.09,1.0,433.6
Wheat,Flowering,clay,39.0,72.0,0.0,35.0,2.8,0.9,1586.0
Tomato,Fruiting,clay,20.7,27.3,18.1,18.5,2.3,1.0,588.7
Tomato,Maturity,silt,37.3,47.2,0.0,48.1,8.68,1.0,3431.8
Cotton,Vegetative,clay,31.5,43.2,0.0,40.9,8.7,1.15,6979.5
Maize,Maturity,clay,26.3,25.5,1.8,68.2,3.7,1.05,487.6
Sugarcane,Flowering,clay,31.3,43.9,0.0,71.9,9.1,1.45,3902.3
Maize,Flowering,loamy,30.9,79.6,0.0,79.6,3.49,1.05,555.7
Wheat,Flowering,silt,24.8,46.2,0.0,17.8,8.71,0.9,6691.2
Wheat,Maturity,loamy,40.9,41.1,6.9,70.5,0.63,0.9,50.0
Rice,Flowering,loamy,37.7,82.7,0.8,33.8,4.08,1.35,5316.7
Groundnut,Flowering,clay,22.0,45.2,0.0,63.1,6.63,0.85,1451.5
Wheat,Flowering,clay,23.3,37.1,10.5,32.0,9.71,0.9,1668.1
Tomato,Fruiting,loamy,38.5,32.5,0.0,68.9,5.33,1.0,1869.0
Maize,Vegetative,sandy,33.1,37.5,0.0,74.6,8.93,1.05,2465.2
Sugarcane,Vegetative,sandy,19.7,46.8,0.0,38.1,1.91,1.45,2792.5
Wheat,Fruiting,loamy,28.2,87.9,0.0,75.6,6.07,0.9,1103.2
Sugarcane,Flowering,silt,22.9,55.5,5.6,22.1,8.89,1.45,13700.5
Wheat,Vegetative,loamy,38.5,72.1,1.6,28.1,5.68,0.9,3186.2
Wheat,Seedling,loamy,23.6,80.2,1.8,67.8,3.76,0.9,248.0
Wheat,Vegetative,sandy,23.8,53.8,1.2,72.0,7.42,0.9,1203.6
Groundnut,Maturity,loamy,25.9,49.2,5.0,76.9,7.51,0.85,50.0
Tomato,Maturity,sandy,30.0,39.1,7.2,46.7,7.07,1.0,1869.4
Wheat,Fruiting,loamy,28.7,56.8,0.0,52.0,7.74,0.9,3772.1
Cotton,Seedling,sandy,38.0,89.1,0.0,37.0,5.67,1.15,4636.9
Maize,Seedling,loamy,18.5,29.1,0.0,45.2,6.38,1.05,2360.2
Wheat,Flowering,clay,22.9,44.0,0.0,29.0,9.69,0.9,5452.9
Maize,Vegetative,sandy,32.7,77.4,0.0,49.8,6.37,1.05,4262.0
Maize,Fruiting,silt,18.0,27.6,13.2,58.1,8.47,1.05,295.2
Groundnut,Vegetative,silt,38.6,86.0,0.0,70.6,4.47,0.85,739.3
Wheat,Maturity,silt,22.3,32.0,0.0,36.2,2.32,0.9,910.4
Cotton,Fruiting,sandy,38.4,30.5,0.0,32.8,8.36,1.15,16335.1
Tomato,Flowering,loamy,24.9,58.7,0.0,60.8,9.32,1.0,3528.5
Maize,Flowering,sandy,40.9,71.8,0.0,31.8,1.0,1.05,1170.9
Wheat,Flowering,loamy,31.5,64.0,0.0,55.1,9.71,0.9,3924.6
Maize,Flowering,clay,20.9,71.9,0.7,46.7,0.74,1.05,354.3
Rice,Flowering,silt,30.5,37.8,5.7,20.5,4.64,1.35,6017.0
Wheat,Vegetative,loamy,37.3,33.9,0.0,40.2,3.23,0.9,1726.8
Maize,Fruiting,clay,26.1,84.8,0.0,63.1,5.11,1.05,1944.0
Rice,Maturity,silt,22.3,43.3,0.0,65.9,7.63,1.35,2739.2
Rice,Flowering,clay,30.1,75.0,0.0,22.7,0.85,1.35,1086.0
Groundnut,Maturity,sandy,19.1,53.5,6.5,42.4,0.88,0.85,144.7
Wheat,Vegetative,clay,26.4,65.1,7.6,41.3,9.94,0.9,1156.0
Rice,Vegetative,clay,38.8,64.1,4.2,56.0,4.83,1.35,2262.9
Wheat,Seedling,silt,40.2,28.7,0.0,54.7,5.69,0.9,1332.0
Maize,Flowering,loamy,23.3,58.5,0.0,73.9,7.56,1.05,1798.9
Groundnut,Vegetative,sandy,34.4,85.6,3.0,52.8,7.78,0.85,2298.6
Sugarcane,Maturity,loamy,33.6,83.5,3.4,35.1,2.42,1.45,2304.5
Cotton,Fruiting,loamy,27.0,38.6,0.0,79.7,4.78,1.15,1204.8
Maize,Maturity,loamy,41.6,38.6,0.5,65.0,4.54,1.05,1258.1
Tomato,Fruiting,silt,27.2,44.6,0.0,41.2,6.53,1.0,4602.3
Groundnut,Flowering,loamy,41.4,37.2,0.0,67.8,1.44,0.85,376.0
Sugarcane,Seedling,silt,40.2,89.8,0.1,35.2,4.29,1.45,3459.7
Wheat,Flowering,clay,25.3,88.9,0.0,78.5,4.08,0.9,419.2
Maize,Maturity,clay,35.8,60.3,3.7,53.5,5.15,1.05,1149.0
Sugarcane,Maturity,clay,35.8,39.8,0.2,45.8,2.1,1.45,1572.0
Cotton,Flowering,clay,39.2,34.9,0.0,42.3,7.16,1.15,6485.6
Tomato,Fruiting,sandy,24.2,85.7,0.0,48.0,7.63,1.0,5678.1
Sugarcane,Seedling,silt,26.6,59.9,0.0,76.0,3.3,1.45,617.2
Wheat,Fruiting,sandy,34.7,30.4,0.0,19.5,5.72,0.9,7243.5
Sugarcane,Vegetative,sandy,21.8,29.0,6.1,41.1,5.28,1.45,6172.3
Maize,Maturity,sandy,25.3,37.5,0.5,65.7,4.98,1.05,1475.7
Groundnut,Flowering,clay,37.7,25.5,2.1,18.4,4.78,0.85,2826.2
Rice,Flowering,silt,34.9,58.9,0.0,56.3,7.78,1.35,6006.7
Cotton,Flowering,silt,31.5,32.3,0.0,66.5,9.87,1.15,4841.9
Groundnut,Vegetative,sandy,39.3,83.1,0.0,75.2,9.64,0.85,1478.0
Wheat,Seedling,silt,24.3,55.7,0.0,68.5,7.24,0.9,899.9
Maize,Flowering,clay,31.9,30.4,0.0,48.2,2.96,1.05,1648.9
Maize,Flowering,loamy,31.7,84.1,0.0,76.6,1.37,1.05,273.5
Sugarcane,Vegetative,clay,40.6,76.2,0.0,59.7,7.61,1.45,4977.2
Wheat,Flowering,sandy,30.8,51.4,0.0,70.5,5.23,0.9,1462.7
Maize,Seedling,silt,31.1,70.2,0.0,54.7,4.02,1.05,1106.1
Tomato,Seedling,sandy,18.7,40.6,0.1,48.4,8.07,1.0,2854.4
Maize,Fruiting,silt,23.7,39.6,2.5,15.6,6.66,1.05,6857.8
Wheat,Flowering,silt,38.7,34.1,0.0,52.9,7.32,0.9,3278.1
Sugarcane,Fruiting,clay,21.2,42.1,0.0,23.1,6.2,1.45,10835.8
Wheat,Fruiting,sandy,41.2,53.8,0.0,59.7,3.1,0.9,1811.3
Groundnut,Maturity,clay,20.6,78.4,0.0,18.1,9.51,0.85,3692.4
Rice,Vegetative,sandy,31.8,88.9,0.0,61.5,6.27,1.35,4420.6
Sugarcane,Vegetative,clay,29.8,89.1,0.0,59.7,8.24,1.45,4614.1
Cotton,Vegetative,sandy,19.7,37.9,0.0,50.4,1.69,1.15,1386.7
Sugarcane,Seedling,silt,23.1,51.7,4.3,38.8,4.21,1.45,2296.2
Wheat,Flowering,sandy,24.4,53.1,0.0,15.8,6.62,0.9,6846.3
Groundnut,Seedling,sandy,33.3,89.5,5.3,26.4,8.73,0.85,2129.7
Cotton,Flowering,silt,28.7,72.3,0.0,29.6,6.79,1.15,8006.5
Groundnut,Maturity,silt,29.0,50.8,0.0,15.1,2.98,0.85,1558.5
Maize,Vegetative,clay,35.1,53.9,0.0,34.3,9.33,1.05,5998.8
Sugarcane,Fruiting,loamy,19.3,54.0,2.8,44.6,2.05,1.45,2577.0
Wheat,Vegetative,silt,36.4,32.4,0.0,52.5,6.64,0.9,2385.8
Wheat,Vegetative,sandy,24.0,78.5,0.0,47.4,3.32,0.9,1573.6
Groundnut,Vegetative,sandy,21.9,31.8,0.0,49.3,4.94,0.85,1982.7
Cotton,Maturity,sandy,28.5,33.4,0.0,35.5,6.4,1.15,6514.8
Sugarcane,Maturity,sandy,27.2,86.3,0.0,61.2,1.57,1.45,999.4
Tomato,Maturity,clay,33.3,47.2,21.2,33.1,9.34,1.0,50.0
Sugarcane,Vegetative,sandy,20.2,69.3,0.0,50.0,2.92,1.45,3161.1
Tomato,Seedling,sandy,28.5,27.6,0.0,60.6,4.86,1.0,1331.7
Groundnut,Maturity,sandy,33.4,45.3,2.6,78.2,3.92,0.85,66.1
Rice,Maturity,clay,37.6,73.7,4.2,18.7,3.76,1.35,3194.1
Maize,Flowering,silt,35.2,88.2,0.0,71.5,7.5,1.05,2039.9
Rice,Vegetative,clay,28.1,79.5,7.3,50.8,2.33,1.35,863.8
Groundnut,Vegetative,clay,28.5,47.3,2.8,64.2,6.03,0.85,547.5
Groundnut,Fruiting,loamy,22.4,28.7,0.0,16.1,0.97,0.85,829.2
Tomato,Seedling,loamy,24.8,89.7,0.0,31.9,8.46,1.0,3345.6
Sugarcane,Maturity,loamy,39.4,69.8,0.0,34.9,7.71,1.45,8617.1
Rice,Fruiting,loamy,20.5,77.8,0.0,65.8,7.18,1.35,4127.8
Sugarcane,Vegetative,silt,34.1,57.3,10.5,16.2,4.6,1.45,6264.5
Sugarcane,Flowering,silt,23.6,57.1,8.6,24.4,7.71,1.45,10148.1
Groundnut,Fruiting,silt,23.0,74.0,0.0,52.3,3.83,0.85,1466.4
Groundnut,Flowering,loamy,27.7,89.0,1.2,38.0,5.86,0.85,2740.8
Cotton,Flowering,silt,24.4,83.2,0.0,74.0,2.1,1.15,626.1
Groundnut,Fruiting,loamy,25.2,37.2,1.3,24.4,1.49,0.85,1056.3
Rice,Flowering,loamy,20.6,52.5,0.0,69.6,5.68,1.35,2447.7
Rice,Vegetative,silt,33.7,59.9,0.0,55.9,3.03,1.35,1946.1
Wheat,Vegetative,loamy,28.3,58.2,0.0,37.2,2.24,0.9,1130.6
Tomato,Flowering,clay,34.5,40.8,5.6,65.7,9.15,1.0,857.9
Groundnut,Fruiting,loamy,28.3,53.5,0.0,75.9,9.44,0.85,1530.0
Tomato,Seedling,loamy,29.4,81.9,1.1,25.6,3.82,1.0,1593.9
Wheat,Vegetative,loamy,34.3,44.5,2.1,73.4,9.39,0.9,915.6
Groundnut,Vegetative,silt,42.0,38.7,0.0,77.8,9.2,0.85,1023.8
Groundnut,Vegetative,silt,33.1,89.3,1.5,62.7,5.46,0.85,927.7
Rice,Seedling,loamy,20.1,47.2,0.0,42.1,2.08,1.35,1144.7
Groundnut,Flowering,sandy,19.3,26.2,0.0,62.3,7.97,0.85,2575.0
Maize,Vegetative,clay,35.0,72.6,0.0,56.4,1.17,1.05,431.2
Wheat,Flowering,loamy,18.8,66.3,6.9,40.4,8.96,0.9,2432.6
Cotton,Vegetative,clay,21.7,65.7,0.0,33.0,4.77,1.15,3928.6
Cotton,Maturity,silt,32.9,82.3,11.2,61.6,6.81,1.15,50.0
Rice,Flowering,clay,30.6,38.0,0.0,24.5,8.84,1.35,11573.3
Tomato,Vegetative,silt,23.1,40.4,0.0,42.0,2.95,1.0,1479.8
Sugarcane,Seedling,sandy,34.8,28.6,0.0,48.0,4.69,1.45,4105.0
Tomato,Vegetative,loamy,38.9,83.8,0.0,61.8,6.38,1.0,2163.6
Wheat,Vegetative,sandy,40.4,66.4,0.0,24.7,9.33,0.9,7844.6
Maize,Seedling,clay,36.7,39.3,0.0,75.2,7.25,1.05,832.1
Sugarcane,Vegetative,silt,38.5,48.3,0.0,42.9,3.41,1.45,3627.7
Groundnut,Maturity,sandy,23.9,71.6,0.0,54.9,8.98,0.85,2578.2
Maize,Flowering,clay,35.6,69.5,0.8,33.3,4.41,1.05,3171.6
Rice,Seedling,sandy,26.8,31.7,4.2,32.5,9.98,1.35,7508.1
Maize,Flowering,clay,37.0,65.1,0.0,35.1,4.0,1.05,3060.0
Sugarcane,Maturity,loamy,20.8,79.9,0.0,17.4,1.27,1.45,1660.1
Rice,Fruiting,sandy,37.8,76.4,0.0,70.3,3.25,1.35,2252.8
Cotton,Maturity,sandy,31.6,49.5,11.7,41.0,9.84,1.15,5141.2
Tomato,Vegetative,silt,31.6,85.6,0.0,15.9,5.65,1.0,4781.2
Maize,Fruiting,sandy,37.6,68.4,0.0,28.7,3.57,1.05,5048.8
Maize,Maturity,sandy,32.7,35.2,0.0,19.7,6.45,1.05,6529.0
Maize,Seedling,sandy,20.9,65.4,9.5,62.8,8.73,1.05,50.0
Rice,Fruiting,silt,25.1,25.0,0.0,64.7,1.25,1.35,790.3
Groundnut,Seedling,silt,35.3,31.6,0.0,66.3,2.72,0.85,351.5
Tomato,Vegetative,silt,37.3,50.0,1.9,33.8,4.79,1.0,2819.9
Rice,Vegetative,loamy,36.2,31.9,0.0,75.9,5.38,1.35,1590.1
Groundnut,Flowering,loamy,29.8,55.7,0.0,69.1,4.33,0.85,925.0
Tomato,Maturity,clay,31.7,40.5,0.0,36.7,1.51,1.0,644.0
Maize,Seedling,silt,34.5,82.0,1.2,34.4,6.89,1.05,2752.2
Cotton,Fruiting,silt,24.2,40.8,0.0,28.4,7.24,1.15,10015.5
Wheat,Seedling,sandy,31.5,38.3,4.7,70.4,2.38,0.9,50.0
Wheat,Vegetative,sandy,25.7,83.9,0.5,47.0,1.28,0.9,601.7
Groundnut,Vegetative,clay,24.5,70.7,0.0,32.2,6.88,0.85,2734.8
Cotton,Maturity,silt,18.1,90.0,0.0,48.1,3.35,1.15,1696.5
Maize,Maturity,sandy,39.1,37.7,0.0,56.5,7.14,1.05,3425.7
Wheat,Flowering,clay,30.8,55.6,0.0,22.7,7.69,0.9,5131.7
Cotton,Maturity,sandy,19.5,37.2,0.0,62.0,1.79,1.15,849.4
Wheat,Maturity,silt,40.2,26.0,0.0,19.0,4.78,0.9,2902.6
Maize,Vegetative,clay,19.3,65.7,0.0,48.3,5.51,1.05,2204.7
Cotton,Fruiting,silt,31.7,46.6,0.0,47.4,1.55,1.15,1514.4
Wheat,Flowering,silt,21.3,34.5,0.0,65.9,9.41,0.9,2311.7
Cotton,Seedling,clay,38.2,38.6,0.0,41.2,9.24,1.15,4777.4
Maize,Vegetative,silt,29.6,45.5,0.0,72.8,7.08,1.05,1521.3
Groundnut,Flowering,silt,36.5,77.2,0.0,39.3,1.94,0.85,985.3
Groundnut,Fruiting,sandy,33.1,32.9,0.0,40.4,6.0,0.85,4632.5
Groundnut,Maturity,sandy,30.0,49.9,12.5,38.0,4.49,0.85,111.9
Sugarcane,Vegetative,clay,35.5,57.5,1.9,27.2,0.6,1.45,729.1
Wheat,Fruiting,loamy,29.1,36.3,1.4,41.0,5.72,0.9,3590.5
Sugarcane,Seedling,silt,20.9,80.3,0.0,69.8,5.26,1.45,1425.6
Wheat,Flowering,sandy,25.3,66.5,0.0,19.3,5.72,0.9,5733.5
Maize,Fruiting,loamy,38.2,37.7,0.0,64.5,7.28,1.05,3630.0
Tomato,Maturity,loamy,28.4,87.8,2.1,40.3,9.54,1.0,3586.5
Tomato,Flowering,silt,34.1,70.6,1.6,60.7,0.71,1.0,226.3
Cotton,Seedling,clay,27.2,53.8,0.0,49.2,8.18,1.15,3277.7
Groundnut,Maturity,loamy,26.2,37.6,2.9,20.5,7.01,0.85,2537.5
Cotton,Seedling,loamy,31.1,48.4,0.3,76.8,4.38,1.15,630.5
Tomato,Seedling,sandy,27.3,42.4,1.9,23.2,4.44,1.0,2402.7
Wheat,Fruiting,loamy,24.9,41.1,0.0,68.6,4.47,0.9,1220.8
Cotton,Seedling,clay,35.0,25.5,2.6,52.0,9.25,1.15,2882.9
Rice,Seedling,loamy,40.1,45.2,0.0,73.9,5.65,1.35,1209.4
Groundnut,Flowering,sandy,21.9,57.7,0.0,37.0,9.39,0.85,5947.6
Wheat,Flowering,loamy,18.9,73.2,0.0,72.8,6.21,0.9,1075.3
Cotton,Flowering,clay,35.8,43.2,2.9,41.9,7.63,1.15,6261.7
Wheat,Seedling,clay,28.6,61.5,0.0,74.7,4.68,0.9,389.4
Rice,Fruiting,silt,19.4,82.8,1.4,48.3,9.44,1.35,8284.1
Rice,Fruiting,silt,38.6,50.7,0.0,40.1,9.2,1.35,12352.8
Rice,Fruiting,sandy,21.3,46.9,3.1,62.5,4.18,1.35,3219.5
Tomato,Vegetative,silt,35.3,86.2,0.0,65.4,5.84,1.0,1525.1
Cotton,Maturity,silt,35.0,71.4,0.0,27.9,1.87,1.15,1685.3
Rice,Flowering,clay,29.6,29.1,0.0,79.8,4.59,1.35,948.5
Sugarcane,Seedling,loamy,27.7,27.7,1.5,59.6,9.51,1.45,3942.6
Rice,Flowering,silt,34.9,80.4,1.5,76.5,7.4,1.35,1799.3
Wheat,Flowering,loamy,35.1,85.1,2.5,49.3,1.71,0.9,630.1
Cotton,Flowering,clay,26.6,51.4,12.3,32.5,5.18,1.15,3001.1
Tomato,Fruiting,loamy,25.2,51.7,0.0,23.5,4.03,1.0,4001.4
Tomato,Vegetative,loamy,41.1,64.5,0.0,17.3,6.75,1.0,6091.2
Maize,Flowering,clay,40.2,38.4,7.3,20.9,8.62,1.05,6034.2
Wheat,Maturity,sandy,35.5,88.7,0.6,28.8,8.03,0.9,4743.9
Maize,Maturity,clay,23.6,32.5,1.4,75.1,8.75,1.05,741.7
Cotton,Maturity,sandy,29.0,64.5,0.0,77.9,3.05,1.15,659.3
Sugarcane,Seedling,sandy,23.8,73.3,4.9,46.4,3.3,1.45,1990.1
Cotton,Vegetative,loamy,35.1,48.8,0.0,77.1,2.78,1.15,662.6
Sugarcane,Maturity,silt,26.5,70.3,0.0,42.3,5.84,1.45,4850.0
Groundnut,Seedling,clay,22.1,66.4,0.0,18.9,4.07,0.85,1259.9
Cotton,Seedling,clay,35.7,30.6,0.0,45.6,0.97,1.15,468.6
Rice,Maturity,sandy,26.5,36.5,0.0,46.4,4.21,1.35,3674.3
Tomato,Maturity,loamy,40.7,38.8,0.0,31.8,8.28,1.0,5003.3
Groundnut,Fruiting,sandy,22.7,30.6,3.3,58.7,5.54,0.85,1834.4
Sugarcane,Vegetative,silt,35.4,32.4,0.0,50.2,8.27,1.45,8240.3
Groundnut,Vegetative,silt,19.7,47.5,0.0,68.2,5.72,0.85,936.8
Sugarcane,Maturity,loamy,27.8,69.0,0.0,60.3,1.36,1.45,745.7
Cotton,Maturity,silt,35.4,37.3,0.0,27.9,4.66,1.15,4188.9
Groundnut,Vegetative,sandy,24.0,45.8,0.5,52.2,4.7,0.85,1664.1
Rice,Maturity,silt,37.1,44.9,0.0,40.6,8.03,1.35,6598.3
Groundnut,Maturity,sandy,19.5,33.6,0.0,31.5,5.78,0.85,2705.1
Wheat,Seedling,loamy,36.1,26.1,0.0,41.1,3.33,0.9,1079.8
Rice,Flowering,clay,23.2,69.0,0.0,63.2,6.79,1.35,3344.6
Maize,Vegetative,clay,25.1,62.1,0.0,34.7,4.86,1.05,2965.0
Maize,Fruiting,loamy,23.6,71.1,0.0,42.0,1.35,1.05,1073.2
Wheat,Maturity,silt,36.5,29.9,0.0,53.7,1.35,0.9,396.4
Tomato,Vegetative,clay,29.4,25.3,0.0,25.1,6.81,1.0,4353.5
Maize,Seedling,loamy,18.1,40.5,9.8,22.4,5.92,1.05,1054.5
Tomato,Vegetative,loamy,28.4,73.6,0.0,22.4,5.42,1.0,4135.2
Sugarcane,Fruiting,loamy,22.2,36.5,0.0,19.1,6.18,1.45,13183.3
Rice,Seedling,clay,39.7,88.4,0.0,36.3,1.57,1.35,944.7
Groundnut,Fruiting,clay,19.2,64.2,5.8,16.0,3.47,0.85,1537.3
Tomato,Maturity,loamy,32.4,42.8,0.0,76.2,8.69,1.0,1165.5
Tomato,Vegetative,sandy,37.8,44.7,1.8,45.4,3.21,1.0,1979.2
Cotton,Seedling,loamy,20.4,62.7,0.0,49.8,7.99,1.15,3440.5
Tomato,Seedling,clay,37.8,61.7,0.7,18.5,6.83,1.0,3056.8
Tomato,Fruiting,silt,40.4,80.9,0.0,48.8,9.76,1.0,6416.1
Wheat,Vegetative,clay,19.4,58.6,0.0,33.8,8.6,0.9,3493.7
Rice,Maturity,clay,27.4,31.9,3.9,53.1,6.12,1.35,2197.0
Rice,Vegetative,clay,20.0,84.1,0.0,44.2,6.19,1.35,4273.0
Wheat,Seedling,silt,33.1,49.1,0.0,67.9,2.72,0.9,357.3
Groundnut,Maturity,loamy,22.3,62.6,0.0,20.4,6.39,0.85,2983.2
Tomato,Vegetative,clay,22.6,75.0,0.0,28.4,3.56,1.0,1922.8
Cotton,Vegetative,sandy,40.4,38.4,1.6,48.1,4.88,1.15,4800.4
Wheat,Vegetative,silt,18.1,45.8,1.9,28.0,0.86,0.9,369.2
Sugarcane,Flowering,sandy,36.4,48.2,0.0,39.5,9.08,1.45,16974.1
Wheat,Flowering,silt,27.1,84.2,0.0,75.7,0.96,0.9,143.2
Maize,Fruiting,silt,39.1,60.7,0.0,33.3,7.36,1.05,7504.1
Sugarcane,Fruiting,clay,21.1,86.6,2.3,64.8,5.23,1.45,2840.7
Wheat,Maturity,clay,32.2,59.9,0.0,33.9,8.88,0.9,3475.3
Sugarcane,Vegetative,loamy,29.4,54.0,0.0,38.4,5.64,1.45,6721.8
Maize,Seedling,sandy,27.0,58.1,0.0,75.7,8.77,1.05,1335.2
Wheat,Seedling,loamy,33.9,55.6,0.0,18.9,4.43,0.9,2008.8
Wheat,Fruiting,sandy,22.0,49.6,1.5,58.7,5.33,0.9,2252.1
Tomato,Vegetative,loamy,25.3,52.9,2.2,17.0,9.5,1.0,7085.4
Sugarcane,Seedling,clay,34.7,35.4,0.0,44.6,7.2,1.45,4440.7
Tomato,Flowering,sandy,37.9,74.8,0.0,49.7,0.5,1.0,356.7
Groundnut,Fruiting,loamy,24.0,77.4,1.1,47.8,8.72,0.85,3603.5
Cotton,Fruiting,loamy,31.2,78.1,0.0,54.2,5.19,1.15,4461.2
Cotton,Fruiting,clay,32.8,25.2,0.0,31.9,6.54,1.15,8564.0
Wheat,Vegetative,clay,28.8,59.9,0.0,40.7,6.64,0.9,2657.6
Wheat,Vegetative,clay,19.9,69.7,0.0,23.8,4.75,0.9,2314.4
Cotton,Seedling,clay,29.1,82.7,0.0,41.3,4.87,1.15,2319.2
Sugarcane,Vegetative,sandy,34.3,75.6,0.0,17.2,5.23,1.45,11292.5
Tomato,Fruiting,sandy,33.0,29.8,2.5,52.3,6.56,1.0,4379.4
Tomato,Vegetative,loamy,18.2,41.8,0.0,34.3,0.81,1.0,478.2
Wheat,Vegetative,loamy,41.9,56.3,0.0,17.8,3.44,0.9,2813.8
Maize,Maturity,clay,33.7,42.9,12.0,79.9,9.96,1.05,50.0
Sugarcane,Vegetative,loamy,23.9,82.3,0.0,74.7,4.38,1.45,1422.5
Sugarcane,Maturity,silt,36.9,45.2,1.4,60.6,1.58,1.45,838.0
Wheat,Flowering,clay,20.0,74.8,0.0,26.2,7.65,0.9,4425.9
Rice,Vegetative,silt,34.1,35.5,0.0,71.3,6.45,1.35,2304.3
Cotton,Flowering,loamy,29.3,62.2,0.0,55.7,8.97,1.15,6512.4
Wheat,Maturity,loamy,32.8,75.0,0.0,72.9,3.07,0.9,422.0
Sugarcane,Fruiting,loamy,31.9,72.4,0.0,60.5,7.26,1.45,7049.6
Cotton,Maturity,silt,21.2,74.2,0.0,68.2,3.79,1.15,1046.1
Rice,Maturity,silt,33.7,54.6,1.8,78.8,1.78,1.35,206.4
Cotton,Maturity,silt,23.5,84.9,0.0,47.6,6.25,1.15,3371.7
Wheat,Seedling,loamy,37.4,82.6,1.1,45.3,3.02,0.9,813.2
Cotton,Vegetative,sandy,30.4,32.3,9.5,31.4,4.36,1.15,4624.2
Rice,Seedling,sandy,24.4,58.1,0.0,51.8,7.29,1.35,4117.1
Groundnut,Flowering,sandy,40.7,40.9,0.5,73.2,9.73,0.85,2096.4
Tomato,Maturity,sandy,19.1,60.4,0.0,54.9,8.75,1.0,3299.2
Rice,Seedling,sandy,41.2,75.7,0.0,60.2,8.34,1.35,4178.4
Sugarcane,Vegetative,loamy,37.5,80.5,8.6,73.8,3.55,1.45,330.3
Wheat,Seedling,silt,41.6,88.9,0.0,36.2,8.26,0.9,2691.3
Sugarcane,Maturity,sandy,19.2,54.1,0.0,23.2,1.67,1.45,2421.8
Sugarcane,Vegetative,silt,19.7,67.9,0.0,79.5,6.76,1.45,1440.2
Tomato,Seedling,loamy,40.3,86.7,2.8,77.5,5.7,1.0,50.0
Tomato,Seedling,loamy,21.9,88.6,0.0,38.7,6.57,1.0,2211.2
Groundnut,Maturity,loamy,34.1,29.7,0.0,46.2,4.32,0.85,1380.4
Maize,Vegetative,sandy,36.5,42.2,0.0,78.2,6.26,1.05,1266.9
Tomato,Fruiting,loamy,32.6,51.2,0.0,63.3,6.79,1.0,2801.5
Sugarcane,Flowering,silt,31.8,39.0,0.0,48.7,3.85,1.45,4426.7
Sugarcane,Flowering,silt,30.2,78.9,0.0,23.3,1.67,1.45,2779.1
Wheat,Maturity,sandy,36.7,61.2,3.6,25.5,9.86,0.9,5464.1
Tomato,Maturity,clay,22.7,81.9,0.0,50.1,8.57,1.0,2443.5
Tomato,Maturity,loamy,38.5,58.5,0.0,48.7,3.33,1.0,1311.5
Tomato,Flowering,clay,27.7,63.3,0.0,26.4,9.88,1.0,6822.1
Sugarcane,Vegetative,clay,32.9,43.4,7.9,37.7,7.36,1.45,6184.6
Maize,Flowering,silt,21.9,83.2,4.1,19.3,7.06,1.05,5809.8
Sugarcane,Maturity,sandy,23.2,68.5,12.4,53.8,4.53,1.45,1673.2
Maize,Flowering,loamy,34.5,81.2,1.2,22.6,6.35,1.05,6264.8
Sugarcane,Maturity,silt,27.4,52.0,0.0,21.5,3.44,1.45,4411.8
Rice,Seedling,sandy,22.4,53.1,0.0,48.8,8.68,1.35,5455.0
Tomato,Seedling,silt,21.1,66.6,0.3,56.9,3.73,1.0,758.2
Sugarcane,Fruiting,loamy,38.0,37.7,0.0,59.0,5.22,1.45,5856.8
Maize,Fruiting,sandy,27.7,39.6,0.0,38.9,9.18,1.05,9915.9
Maize,Seedling,silt,33.6,64.9,0.0,17.5,8.77,1.05,4978.7
Tomato,Seedling,loamy,38.5,34.1,2.7,21.2,1.02,1.0,462.0
Maize,Maturity,loamy,39.1,77.9,0.0,75.7,8.66,1.05,1395.9
Maize,Maturity,sandy,31.7,81.0,0.3,70.3,2.52,1.05,635.0
Rice,Maturity,loamy,24.6,76.5,0.0,31.5,8.9,1.35,8170.2
Tomato,Seedling,silt,38.1,89.7,0.1,54.6,8.3,1.0,2029.3
Rice,Seedling,sandy,25.8,71.9,0.0,75.5,8.0,1.35,1695.6
Rice,Seedling,clay,31.1,66.6,1.1,22.8,2.63,1.35,1839.1
Maize,Fruiting,silt,27.7,50.6,0.7,53.4,9.9,1.05,5716.0
Rice,Maturity,clay,29.0,40.5,0.0,21.8,5.94,1.35,5723.6
Tomato,Maturity,loamy,34.2,60.3,0.0,68.4,0.77,1.0,159.9
Maize,Seedling,sandy,30.0,83.1,8.8,68.3,0.86,1.05,50.0
Wheat,Seedling,clay,25.2,51.8,0.0,46.7,6.49,0.9,1372.4
Tomato,Flowering,loamy,35.3,68.9,0.0,39.9,2.61,1.0,1813.2
Groundnut,Seedling,sandy,19.1,80.3,0.0,67.7,4.06,0.85,570.9
Rice,Seedling,clay,24.7,68.4,0.0,73.8,3.54,1.35,563.6
Sugarcane,Seedling,sandy,32.5,44.2,0.0,45.7,0.87,1.45,771.0
Maize,Fruiting,loamy,40.2,87.5,0.0,21.0,7.43,1.05,9741.9
Groundnut,Seedling,loamy,27.7,32.3,3.0,49.3,8.92,0.85,1058.9
Maize,Flowering,sandy,40.1,31.8,0.0,73.1,9.76,1.05,3474.2
Maize,Maturity,clay,34.5,58.4,0.8,53.5,1.19,1.05,370.3
Maize,Flowering,clay,31.7,77.8,5.8,22.2,7.35,1.05,4927.7
Sugarcane,Maturity,loamy,30.0,48.2,0.0,60.0,8.77,1.45,5133.4
Sugarcane,Maturity,loamy,22.2,45.9,0.0,48.3,9.38,1.45,6870.3
Tomato,Flowering,sandy,30.7,65.0,2.3,64.9,7.6,1.0,2569.7
Tomato,Fruiting,clay,35.3,62.0,4.7,72.4,6.03,1.0,441.8
Maize,Vegetative,silt,26.3,43.0,0.0,56.9,3.88,1.05,1514.5
Groundnut,Fruiting,sandy,31.3,74.5,0.0,17.2,3.98,0.85,4124.1
Sugarcane,Maturity,sandy,23.4,85.0,0.0,51.0,9.34,1.45,7783.0
Wheat,Maturity,clay,21.4,31.2,0.0,50.3,5.51,0.9,1449.3
Cotton,Flowering,silt,31.9,35.6,3.9,67.4,9.9,1.15,3352.3
Rice,Seedling,clay,22.1,73.2,0.0,25.3,7.04,1.35,4442.3
Tomato,Vegetative,loamy,34.1,87.5,0.0,15.9,1.27,1.0,1038.9
Maize,Flowering,silt,38.8,88.9,0.0,69.6,6.66,1.05,2019.3
Wheat,Seedling,loamy,25.8,46.7,0.1,67.2,9.02,0.9,1166.9
Maize,Vegetative,clay,33.2,43.7,3.6,34.1,4.3,1.05,2211.0
Maize,Seedling,sandy,31.2,39.3,0.0,62.3,0.51,1.05,156.7
Wheat,Seedling,silt,22.5,42.5,0.0,58.6,3.52,0.9,630.4
Cotton,Flowering,clay,23.4,28.7,0.0,29.9,5.4,1.15,5481.2
Groundnut,Vegetative,loamy,33.7,29.6,0.0,50.2,7.3,0.85,2709.5
Groundnut,Flowering,sandy,26.1,61.4,0.3,41.9,2.46,0.85,1414.5
Wheat,Maturity,sandy,33.9,38.5,0.0,45.6,4.41,0.9,2099.5
Cotton,Vegetative,silt,37.7,64.9,0.0,22.7,0.63,1.15,748.6
Wheat,Vegetative,loamy,24.0,79.4,2.5,52.1,4.37,0.9,1129.9
Sugarcane,Vegetative,sandy,22.8,25.6,3.5,78.3,2.34,1.45,504.7
Rice,Fruiting,sandy,25.1,64.0,0.0,36.4,6.3,1.35,10174.3
Tomato,Fruiting,clay,19.3,54.7,0.0,21.8,8.32,1.0,6706.9
Sugarcane,Flowering,clay,25.6,51.0,0.0,67.1,4.69,1.45,2532.0
Maize,Seedling,silt,24.2,82.5,3.0,32.5,8.13,1.05,2585.1
Groundnut,Seedling,sandy,25.4,44.0,5.8,67.4,6.86,0.85,50.0
Sugarcane,Seedling,loamy,23.9,69.2,0.5,41.7,6.65,1.45,4658.3
Groundnut,Fruiting,sandy,40.6,41.9,0.0,65.2,2.1,0.85,842.2
Maize,Fruiting,silt,18.9,53.9,0.0,79.9,8.94,1.05,1393.4
Sugarcane,Vegetative,clay,39.6,35.7,1.7,55.6,7.42,1.45,5174.5
Groundnut,Flowering,sandy,19.9,70.1,0.0,74.4,8.86,0.85,1582.6
Sugarcane,Flowering,clay,36.3,63.1,0.0,73.4,1.72,1.45,714.8
Maize,Flowering,clay,33.3,35.5,0.0,25.0,9.26,1.05,8217.0
Maize,Seedling,clay,24.5,77.3,0.0,44.1,3.44,1.05,995.9
Maize,Flowering,loamy,37.0,79.5,3.7,32.8,3.49,1.05,2674.9
Tomato,Vegetative,clay,33.1,41.9,0.0,62.8,3.38,1.0,917.5
Groundnut,Fruiting,loamy,20.2,68.8,0.0,69.8,4.29,0.85,890.0
Groundnut,Vegetative,clay,32.8,54.7,0.0,69.7,8.11,0.85,1183.7
Wheat,Vegetative,loamy,18.3,75.5,6.0,54.7,4.09,0.9,376.3
Tomato,Maturity,loamy,37.1,31.4,0.0,37.5,9.74,1.0,5060.5
Sugarcane,Flowering,loamy,38.9,34.0,0.5,77.4,7.09,1.45,2589.3
Maize,Fruiting,loamy,26.6,36.9,3.6,70.9,1.66,1.05,325.9
Maize,Maturity,silt,18.4,56.3,0.0,52.1,4.64,1.05,1562.1
Rice,Seedling,clay,19.7,46.5,0.0,62.5,5.56,1.35,1561.2
Rice,Fruiting,loamy,34.4,67.9,0.0,18.4,8.9,1.35,16882.4
Wheat,Maturity,silt,23.5,61.5,0.5,74.4,4.39,0.9,408.2
Groundnut,Flowering,clay,41.7,50.3,0.0,54.3,2.39,0.85,811.3
Rice,Fruiting,clay,33.0,69.5,0.0,16.2,5.09,1.35,8733.9
Tomato,Fruiting,sandy,22.1,59.4,0.0,22.7,6.72,1.0,7913.3
Tomato,Maturity,sandy,40.4,81.4,0.0,54.6,9.72,1.0,4404.4
Maize,Flowering,silt,32.8,69.9,0.0,42.0,4.33,1.05,2955.7
Rice,Seedling,loamy,18.5,44.7,8.9,31.4,5.58,1.35,2069.1
Groundnut,Flowering,clay,36.8,87.6,0.0,46.3,4.07,0.85,1521.8
Sugarcane,Flowering,clay,28.5,37.7,0.0,46.6,3.34,1.45,3329.1
Tomato,Flowering,sandy,19.0,31.2,0.0,19.5,9.96,1.0,11223.2
Groundnut,Seedling,silt,23.8,85.8,0.0,71.8,4.25,0.85,363.1
Tomato,Maturity,loamy,34.5,61.9,4.0,75.5,1.55,1.0,50.0
Rice,Maturity,clay,24.1,33.3,0.2,25.2,2.15,1.35,1741.5
Groundnut,Vegetative,silt,34.5,88.6,0.0,67.3,2.05,0.85,388.5
Maize,Flowering,sandy,26.4,60.8,1.6,53.3,5.49,1.05,3380.7
Tomato,Maturity,loamy,20.7,53.8,0.0,21.6,0.97,1.0,553.9
Cotton,Seedling,clay,34.3,26.6,1.9,58.5,2.55,1.15,695.1
Groundnut,Fruiting,silt,41.5,25.7,0.0,70.9,2.89,0.85,687.6
Sugarcane,Seedling,silt,37.0,30.6,0.0,16.4,8.26,1.45,9882.5
Sugarcane,Fruiting,clay,37.6,57.2,0.0,57.2,2.05,1.45,1859.9
Sugarcane,Seedling,loamy,32.6,36.7,0.9,62.0,8.2,1.45,3367.8
Maize,Vegetative,clay,19.8,58.2,0.0,19.6,2.3,1.05,1642.3
Maize,Fruiting,silt,37.9,87.1,4.2,16.3,5.05,1.05,5419.9
Maize,Fruiting,loamy,22.8,36.6,0.0,48.1,5.03,1.05,3564.2
Rice,Vegetative,loamy,38.6,86.5,0.0,20.1,2.13,1.35,2961.9
Tomato,Maturity,clay,23.1,68.7,0.0,73.7,1.55,1.0,181.6
Wheat,Maturity,clay,21.0,61.8,1.8,26.0,3.69,0.9,1287.7
Groundnut,Maturity,sandy,18.6,25.8,7.4,62.5,8.78,0.85,50.0
Rice,Fruiting,loamy,37.9,28.2,0.0,27.8,3.51,1.35,6326.5
Wheat,Flowering,loamy,42.0,79.8,1.6,55.7,7.19,0.9,2503.5
Groundnut,Seedling,silt,38.7,54.2,0.0,59.8,6.27,0.85,1018.0
Rice,Vegetative,sandy,23.4,62.4,0.0,26.1,6.8,1.35,10502.0
Groundnut,Seedling,clay,31.5,68.6,4.3,45.6,9.58,0.85,548.6
Cotton,Fruiting,clay,26.6,42.9,0.0,35.6,8.57,1.15,9679.2
Maize,Vegetative,clay,28.9,38.6,0.0,48.1,4.11,1.05,1933.6
Sugarcane,Flowering,sandy,36.3,87.1,7.7,25.8,7.59,1.45,15154.1
Maize,Fruiting,clay,33.1,84.0,0.0,32.4,7.13,1.05,5678.1
Maize,Flowering,silt,18.5,66.6,1.9,28.4,6.71,1.05,4898.8
Tomato,Vegetative,loamy,32.1,42.0,14.7,30.7,3.15,1.0,570.2
Cotton,Maturity,loamy,39.9,73.0,0.0,28.2,7.56,1.15,7525.3
Maize,Seedling,clay,37.3,89.7,0.0,48.8,3.3,1.05,980.3
Maize,Flowering,loamy,34.3,59.0,5.3,40.5,5.16,1.05,2929.2
Groundnut,Seedling,silt,40.4,71.8,5.1,48.4,2.7,0.85,151.1
Tomato,Maturity,loamy,38.8,43.7,0.0,24.1,0.71,1.0,468.4
Cotton,Fruiting,sandy,25.4,43.2,12.5,62.7,0.5,1.15,191.8
Maize,Seedling,loamy,39.2,54.4,6.8,24.7,4.43,1.05,1565.1
Maize,Vegetative,sandy,29.0,80.0,0.0,25.2,4.55,1.05,4565.5
Tomato,Flowering,silt,27.4,65.4,12.1,40.4,4.36,1.0,809.1
Maize,Seedling,clay,25.8,33.9,0.0,72.1,6.07,1.05,786.5
Cotton,Fruiting,clay,37.6,77.2,6.5,78.0,9.62,1.15,306.0
Cotton,Seedling,loamy,22.0,89.5,0.0,33.7,2.94,1.15,1698.4
Tomato,Maturity,loamy,39.2,56.5,0.0,73.5,4.76,1.0,823.7
Tomato,Fruiting,silt,28.7,36.4,0.8,80.0,3.05,1.0,374.8
Tomato,Fruiting,silt,24.5,74.9,7.6,45.1,4.97,1.0,1663.1
Sugarcane,Vegetative,loamy,37.1,60.0,1.3,62.9,6.21,1.45,3782.2
Sugarcane,Vegetative,loamy,35.1,81.0,0.0,41.5,7.03,1.45,7818.2
Tomato,Seedling,clay,39.1,52.2,0.0,21.9,2.71,1.0,1241.7
Cotton,Vegetative,silt,38.0,77.0,1.5,43.0,4.94,1.15,3761.7
Rice,Maturity,loamy,31.0,88.6,0.0,76.6,5.3,1.35,1097.7
Maize,Maturity,silt,24.4,59.9,0.0,20.9,7.33,1.05,4980.2
Groundnut,Maturity,sandy,36.4,87.4,2.4,43.6,5.05,0.85,1669.2
Rice,Maturity,clay,28.4,51.8,0.0,51.0,5.81,1.35,3123.1
Wheat,Maturity,sandy,33.7,26.7,0.2,48.3,5.69,0.9,2642.4
Tomato,Fruiting,sandy,21.5,25.6,5.8,54.4,3.7,1.0,1683.3
Groundnut,Flowering,silt,33.6,45.1,0.0,16.6,8.01,0.85,5695.1
Tomato,Vegetative,clay,25.8,40.4,0.0,63.4,5.28,1.0,1252.9
Wheat,Flowering,silt,33.3,57.9,0.0,63.3,8.54,0.9,2567.0
Groundnut,Seedling,silt,36.1,39.3,0.0,62.1,4.34,0.85,676.2
Groundnut,Vegetative,silt,28.2,34.9,0.0,78.5,3.18,0.85,279.1
Cotton,Maturity,loamy,24.9,35.4,1.2,62.7,0.79,1.15,274.0
Tomato,Fruiting,silt,20.5,33.0,0.0,27.8,2.89,1.0,2457.2
Sugarcane,Seedling,clay,29.8,26.3,0.0,73.4,2.06,1.45,463.8
Wheat,Maturity,loamy,18.6,42.0,0.0,70.0,5.16,0.9,762.7
Wheat,Maturity,silt,41.4,40.0,5.2,24.3,8.65,0.9,3181.4
Rice,Maturity,loamy,28.5,54.4,0.1,27.0,1.58,1.35,1581.5
Wheat,Vegetative,silt,26.6,46.0,0.0,46.4,2.0,0.9,790.0
Maize,Flowering,silt,24.2,56.3,0.0,69.7,4.44,1.05,1235.7
Sugarcane,Flowering,clay,26.3,67.6,0.0,38.2,5.98,1.45,6944.2
Cotton,Maturity,silt,41.8,33.3,0.0,34.6,6.68,1.15,5710.1
Tomato,Maturity,silt,19.5,67.6,0.0,58.3,3.43,1.0,835.0
Maize,Maturity,silt,40.1,28.2,0.0,30.7,8.82,1.05,5930.0
Tomato,Maturity,clay,40.1,55.6,0.0,46.3,1.68,1.0,639.6
Sugarcane,Maturity,sandy,32.6,31.8,2.1,69.3,7.95,1.45,3655.2
Maize,Flowering,silt,33.6,47.8,8.7,58.6,0.54,1.05,92.4
Cotton,Vegetative,sandy,21.7,76.6,8.6,68.1,9.37,1.15,1320.4
Wheat,Fruiting,loamy,25.5,31.5,0.0,78.7,5.19,0.9,776.4
Sugarcane,Fruiting,loamy,30.1,28.4,0.0,36.1,2.0,1.45,3594.4
Wheat,Maturity,silt,20.7,34.6,2.0,16.8,8.15,0.9,3523.0
Wheat,Seedling,loamy,41.4,64.3,4.6,71.0,8.47,0.9,50.0
Cotton,Seedling,clay,32.2,35.7,0.0,40.6,2.66,1.15,1430.8
Rice,Vegetative,clay,37.1,29.1,0.0,64.1,9.66,1.35,4456.7
Sugarcane,Maturity,sandy,23.2,78.6,0.0,33.1,4.29,1.45,5360.1
Sugarcane,Vegetative,sandy,36.6,81.9,0.0,28.9,3.74,1.45,6810.3
Cotton,Seedling,sandy,18.3,61.2,0.0,62.9,5.93,1.15,2139.2
Cotton,Seedling,silt,32.3,42.9,0.0,51.0,3.62,1.15,1653.9
Groundnut,Maturity,sandy,36.2,75.3,0.0,39.3,7.17,0.85,3410.2
Cotton,Fruiting,silt,37.6,63.2,1.0,37.1,5.03,1.15,6354.6
Maize,Maturity,loamy,27.0,61.6,0.2,31.3,7.05,1.05,4033.3
Sugarcane,Vegetative,clay,26.2,44.6,0.0,52.7,3.22,1.45,2323.9
Tomato,Seedling,loamy,20.2,75.1,0.0,34.0,7.0,1.0,2572.3
Cotton,Flowering,silt,29.6,44.9,0.0,51.7,1.59,1.15,1280.3
Wheat,Flowering,loamy,18.5,58.8,0.0,60.7,6.52,0.9,1926.3
Tomato,Maturity,clay,28.2,52.1,0.0,48.6,4.61,1.0,1473.9
Wheat,Seedling,loamy,38.6,39.8,0.9,75.0,8.6,0.9,606.6
Sugarcane,Fruiting,silt,30.1,55.2,0.0,17.0,1.75,1.45,3913.0
Maize,Flowering,clay,33.8,79.3,0.0,17.9,9.37,1.05,8910.6
Maize,Maturity,clay,35.9,53.7,0.0,70.5,8.12,1.05,1505.0
Groundnut,Vegetative,loamy,29.7,70.6,0.0,33.8,1.32,0.85,616.7
Sugarcane,Fruiting,clay,31.8,76.5,0.0,23.8,3.27,1.45,5878.2
Maize,Seedling,loamy,24.4,70.8,5.7,17.7,6.43,1.05,2353.8
Wheat,Fruiting,sandy,33.5,60.8,0.0,42.8,8.86,0.9,7146.0
Rice,Fruiting,loamy,23.9,73.5,2.6,65.5,5.75,1.35,3045.8
Rice,Vegetative,silt,29.6,65.1,1.8,77.5,5.36,1.35,870.4
Sugarcane,Seedling,loamy,27.8,60.4,0.0,23.8,5.21,1.45,5349.0
Maize,Fruiting,sandy,33.7,38.7,1.3,51.2,1.53,1.05,1289.1
Tomato,Fruiting,sandy,37.7,80.5,0.7,33.6,3.07,1.0,3408.7
Maize,Fruiting,clay,19.8,42.8,0.8,66.9,5.85,1.05,1711.2
Sugarcane,Seedling,clay,22.3,68.7,0.0,29.7,3.45,1.45,2489.4
Tomato,Seedling,silt,39.7,26.0,0.0,69.4,1.39,1.0,225.9
Sugarcane,Fruiting,clay,39.0,58.3,1.8,60.6,9.3,1.45,7698.9
Cotton,Fruiting,clay,39.8,86.2,0.0,16.5,3.63,1.15,5926.9
Wheat,Maturity,silt,20.2,63.3,2.7,73.5,9.31,0.9,186.1
Groundnut,Flowering,clay,28.8,41.6,0.4,64.2,2.62,0.85,550.7
Groundnut,Flowering,loamy,27.9,26.0,0.0,24.0,2.75,0.85,1808.6
Sugarcane,Fruiting,loamy,28.8,38.0,1.3,56.2,2.86,1.45,3064.5
Cotton,Vegetative,silt,26.6,89.3,1.1,65.2,4.63,1.15,1634.1
Rice,Seedling,silt,36.9,61.8,11.0,29.3,6.94,1.35,2563.8
Wheat,Maturity,silt,26.1,43.9,2.7,20.2,4.47,0.9,1940.8
Wheat,Maturity,silt,37.6,85.8,0.0,54.6,4.94,0.9,1411.2
Maize,Vegetative,loamy,31.6,86.7,0.0,67.1,9.46,1.05,2786.8
Groundnut,Seedling,silt,37.0,41.8,1.5,26.7,7.77,0.85,2431.0
Sugarcane,Flowering,silt,24.4,47.7,0.0,51.1,1.45,1.45,1433.1
Sugarcane,Seedling,silt,33.6,72.2,0.0,55.1,4.57,1.45,2297.3
Wheat,Seedling,sandy,30.7,34.0,0.0,26.3,6.11,0.9,3203.2
Wheat,Flowering,silt,34.7,82.5,0.0,31.3,6.24,0.9,3981.9
Wheat,Flowering,silt,31.5,39.8,6.0,60.8,5.38,0.9,640.0
Cotton,Fruiting,clay,38.5,69.6,0.0,42.3,2.34,1.15,2446.5
Sugarcane,Vegetative,clay,23.9,65.0,0.0,71.1,1.26,1.45,428.8
Groundnut,Vegetative,silt,34.7,51.6,7.3,15.8,3.36,0.85,1198.4
Rice,Fruiting,sandy,39.9,42.3,0.0,76.7,9.99,1.35,4927.9
Sugarcane,Seedling,sandy,33.2,43.6,0.0,23.4,5.5,1.45,7053.7
Cotton,Fruiting,sandy,25.2,35.9,1.8,49.8,2.39,1.15,2705.4
Wheat,Fruiting,loamy,34.8,28.4,0.2,73.3,6.59,0.9,1481.7
Wheat,Maturity,sandy,40.2,60.7,0.0,76.7,7.88,0.9,1141.9
Cotton,Maturity,silt,31.4,28.9,0.0,38.0,6.79,1.15,5416.0
Groundnut,Vegetative,sandy,23.7,49.7,2.3,78.1,7.3,0.85,305.9
Maize,Fruiting,loamy,28.8,65.7,0.6,70.9,2.93,1.05,921.2
Tomato,Seedling,sandy,19.8,68.0,0.0,44.7,2.96,1.0,1103.0
Wheat,Flowering,loamy,39.8,58.3,0.0,59.8,8.9,0.9,3282.2
Maize,Vegetative,sandy,34.1,35.4,0.0,21.9,1.28,1.05,1514.4
Wheat,Fruiting,silt,30.1,66.4,0.0,26.0,8.4,0.9,6956.6
Wheat,Vegetative,sandy,40.9,39.0,0.0,51.2,9.33,0.9,5066.2
Maize,Vegetative,loamy,24.9,35.4,0.0,19.9,7.13,1.05,6166.8
Rice,Maturity,silt,24.6,39.1,0.0,77.8,8.41,1.35,1538.4
Wheat,Maturity,clay,29.1,82.9,0.0,76.7,1.24,0.9,107.6
Cotton,Flowering,silt,18.5,64.3,0.0,19.6,1.16,1.15,1500.0
Groundnut,Fruiting,silt,21.8,27.9,0.0,44.3,8.36,0.85,4081.9
Cotton,Vegetative,clay,33.3,66.9,6.1,47.8,7.12,1.15,3114.7
Maize,Vegetative,sandy,38.1,62.8,0.0,61.1,0.6,1.05,306.2
Tomato,Flowering,sandy,27.7,31.7,0.2,39.7,3.7,1.0,3085.6
Rice,Seedling,clay,19.2,39.4,0.0,24.4,1.77,1.35,1144.2
Wheat,Maturity,clay,28.7,39.6,0.0,25.0,9.19,0.9,3968.8
Maize,Vegetative,silt,22.5,84.1,0.0,29.8,5.16,1.05,3566.3
Groundnut,Flowering,silt,22.9,72.9,4.2,73.7,1.49,0.85,50.0
Tomato,Vegetative,loamy,35.0,43.9,0.0,42.5,3.15,1.0,1826.0
Maize,Flowering,silt,25.9,63.7,7.2,40.1,2.0,1.05,879.9
Maize,Vegetative,sandy,25.1,84.4,0.0,74.7,6.23,1.05,1455.5
Tomato,Vegetative,clay,21.2,49.5,0.0,49.5,6.1,1.0,2260.7
Maize,Maturity,sandy,30.3,87.0,0.0,74.9,4.05,1.05,787.5
Tomato,Vegetative,silt,24.3,27.6,0.0,18.1,2.58,1.0,1980.9
Groundnut,Maturity,sandy,28.9,70.4,1.7,40.9,6.01,0.85,2067.0
Sugarcane,Maturity,loamy,19.8,84.4,0.0,45.1,4.42,1.45,3425.6
Sugarcane,Flowering,loamy,38.1,87.9,0.0,70.0,4.56,1.45,2513.1
Groundnut,Flowering,sandy,27.6,38.4,0.0,58.7,9.16,0.85,3635.7
Wheat,Fruiting,loamy,38.8,57.5,0.5,57.1,4.51,0.9,2006.0
Wheat,Maturity,sandy,24.5,36.0,0.0,45.1,7.28,0.9,3101.6
Maize,Maturity,clay,26.1,61.1,3.0,44.7,3.05,1.05,875.9
Maize,Flowering,clay,35.4,58.2,0.0,64.9,4.54,1.05,1572.3
Groundnut,Fruiting,sandy,34.4,42.2,0.0,34.9,0.84,0.85,701.0
Groundnut,Vegetative,sandy,36.7,62.4,14.8,20.2,1.16,0.85,311.4
Tomato,Seedling,loamy,40.2,34.5,0.0,72.5,2.54,1.0,372.7
Groundnut,Flowering,silt,36.4,47.0,0.0,66.6,4.92,0.85,1189.8
Wheat,Fruiting,loamy,27.8,31.9,8.3,43.1,1.0,0.9,333.7
Maize,Flowering,silt,30.1,26.3,0.0,16.0,3.01,1.05,3275.4
Wheat,Fruiting,clay,38.9,85.7,1.4,30.4,7.87,0.9,5065.1
Tomato,Fruiting,loamy,37.0,73.0,0.0,49.7,1.57,1.0,1020.2
Wheat,Vegetative,silt,20.0,44.1,0.0,16.4,5.27,0.9,3408.1
Maize,Vegetative,loamy,34.3,37.9,0.0,45.9,5.6,1.05,3265.7
Tomato,Vegetative,silt,24.0,71.7,0.0,18.3,1.98,1.0,1407.7
Cotton,Vegetative,clay,25.1,71.2,0.0,70.1,3.99,1.15,1183.8
Cotton,Seedling,clay,19.0,83.8,0.0,69.5,9.52,1.15,1703.1
Sugarcane,Maturity,sandy,21.7,80.2,0.0,67.4,7.08,1.45,3619.5
Tomato,Maturity,clay,26.0,27.2,0.0,28.3,7.27,1.0,3448.1
Groundnut,Maturity,sandy,19.4,49.2,0.0,42.5,5.87,0.85,2280.3
Sugarcane,Maturity,silt,19.3,68.8,0.0,27.0,3.31,1.45,3422.7
Rice,Flowering,silt,36.0,76.6,0.0,29.3,8.69,1.35,11835.0
Maize,Fruiting,loamy,27.0,34.7,0.0,40.4,8.53,1.05,7224.3
Rice,Fruiting,loamy,26.8,84.0,0.0,16.3,5.46,1.35,10533.4
Tomato,Vegetative,sandy,20.2,53.9,0.0,73.1,8.32,1.0,1828.4
Sugarcane,Fruiting,sandy,27.3,76.2,3.4,68.6,6.93,1.45,4797.1
Groundnut,Maturity,silt,18.3,68.0,1.2,36.5,3.06,0.85,788.7
Sugarcane,Vegetative,sandy,27.3,41.3,0.6,63.2,7.69,1.45,5963.7
Maize,Seedling,silt,41.5,76.1,0.0,15.0,3.94,1.05,2563.6
Rice,Maturity,clay,21.3,29.3,0.0,18.9,4.71,1.35,4530.2
Groundnut,Vegetative,sandy,27.4,50.5,3.4,52.7,6.82,0.85,1897.7
Wheat,Flowering,silt,29.5,68.9,1.4,52.9,9.5,0.9,3287.8
Sugarcane,Maturity,clay,21.0,80.7,0.0,40.8,2.56,1.45,1803.0
Maize,Flowering,sandy,40.4,45.6,0.0,18.5,7.75,1.05,11252.3
Wheat,Fruiting,loamy,40.3,46.6,2.4,15.5,2.78,0.9,2728.3
Rice,Flowering,silt,40.5,63.5,0.0,60.7,3.15,1.35,2136.3
Groundnut,Flowering,sandy,34.1,25.3,0.0,73.2,6.76,0.85,1554.9
Tomato,Fruiting,clay,38.8,58.7,17.5,34.5,6.42,1.0,1027.2
Cotton,Flowering,clay,23.6,25.1,0.0,67.6,4.87,1.15,1923.6
Groundnut,Vegetative,clay,28.7,75.4,2.6,31.8,0.86,0.85,280.4
Maize,Vegetative,silt,34.9,54.4,0.0,63.3,9.05,1.05,3034.4
Sugarcane,Fruiting,clay,28.6,28.7,0.0,51.2,6.73,1.45,7152.4
Sugarcane,Seedling,clay,19.5,32.0,3.7,37.6,5.12,1.45,2510.3
Tomato,Seedling,silt,22.0,88.2,0.0,37.0,7.18,1.0,2353.3
Wheat,Fruiting,sandy,30.3,45.8,0.6,17.3,7.19,0.9,8363.3
Sugarcane,Seedling,clay,35.9,84.5,11.1,79.4,6.99,1.45,50.0
Wheat,Flowering,sandy,38.7,34.5,6.4,57.0,4.63,0.9,1347.1
Sugarcane,Fruiting,loamy,18.9,25.9,0.0,51.9,5.76,1.45,6581.2
Rice,Maturity,clay,40.0,81.4,1.6,73.1,8.94,1.35,1672.4
Maize,Vegetative,sandy,23.8,43.2,0.0,42.1,2.68,1.05,2010.8
Cotton,Seedling,loamy,38.0,61.0,0.0,40.5,9.2,1.15,5607.2
Tomato,Vegetative,silt,39.0,55.0,0.1,45.9,4.53,1.0,2239.1
Cotton,Maturity,sandy,36.3,52.8,0.0,59.2,4.97,1.15,2884.5
Sugarcane,Fruiting,sandy,38.4,81.9,0.7,56.0,3.36,1.45,4499.3
Groundnut,Vegetative,silt,20.1,55.0,0.0,58.4,2.83,0.85,681.5
Groundnut,Flowering,clay,28.3,87.5,0.0,62.3,5.04,0.85,1182.7
Groundnut,Seedling,clay,34.3,83.3,0.0,60.5,5.27,0.85,745.7
Sugarcane,Vegetative,sandy,23.7,81.9,0.0,45.7,6.89,1.45,8116.0
Rice,Maturity,loamy,24.3,58.3,0.0,45.8,8.1,1.35,5647.4
Rice,Seedling,loamy,24.6,60.5,0.0,35.7,3.03,1.35,1989.3
Sugarcane,Seedling,silt,36.0,31.4,0.0,36.0,9.3,1.45,7612.2
Wheat,Flowering,sandy,20.0,69.3,0.0,76.3,8.32,0.9,1499.8
Cotton,Fruiting,sandy,40.1,28.5,0.0,54.8,7.9,1.15,9437.7
Groundnut,Vegetative,sandy,33.0,79.0,0.0,41.6,4.06,0.85,2197.8
Tomato,Vegetative,silt,34.0,89.4,4.4,77.1,6.84,1.0,50.0
Cotton,Maturity,sandy,34.3,56.5,0.0,38.3,0.93,1.15,913.2
Sugarcane,Flowering,silt,24.7,48.9,0.0,15.2,0.94,1.45,1714.0
Tomato,Maturity,silt,19.3,71.1,0.0,29.5,7.2,1.0,3404.5
Sugarcane,Maturity,clay,37.2,41.5,0.0,78.3,1.07,1.45,219.0
Groundnut,Maturity,clay,35.1,62.7,0.0,25.8,7.97,0.85,3245.8
Rice,Fruiting,silt,24.9,51.2,0.0,44.6,8.38,1.35,9895.8
Tomato,Fruiting,sandy,36.4,55.6,0.0,57.4,7.81,1.0,5036.4
Wheat,Fruiting,sandy,39.1,82.7,0.0,15.1,4.11,0.9,5227.4
Wheat,Fruiting,loamy,26.8,83.8,0.0,79.8,5.19,0.9,675.4
Wheat,Vegetative,loamy,23.8,76.7,0.0,57.8,4.63,0.9,1334.1
Maize,Fruiting,silt,39.4,82.6,0.0,50.4,0.99,1.05,688.6
Rice,Flowering,loamy,27.6,52.5,3.4,78.0,6.28,1.35,989.0
Cotton,Vegetative,sandy,31.6,27.7,0.0,51.6,9.53,1.15,8369.7
Tomato,Fruiting,silt,40.5,78.7,4.2,42.2,5.81,1.0,3422.1
Groundnut,Vegetative,clay,22.9,44.0,0.0,70.0,4.08,0.85,548.4
Groundnut,Fruiting,sandy,20.0,66.7,0.0,38.6,3.23,0.85,2010.4
Sugarcane,Maturity,silt,40.3,65.5,1.5,32.2,2.93,1.45,3208.9
Tomato,Seedling,sandy,41.9,72.4,0.0,73.7,8.24,1.0,1275.3
Maize,Seedling,loamy,30.6,57.8,0.0,74.2,2.04,1.05,269.3
Sugarcane,Seedling,silt,37.2,59.1,0.0,67.4,1.76,1.45,601.3
Tomato,Fruiting,sandy,29.7,48.1,0.0,65.0,2.83,1.0,1424.0
Wheat,Seedling,sandy,20.5,79.3,0.0,24.2,0.74,0.9,347.2
Cotton,Flowering,sandy,30.2,73.6,0.0,66.3,2.54,1.15,1621.1
Wheat,Seedling,loamy,25.6,76.8,0.0,48.3,7.27,0.9,1768.0
Rice,Seedling,sandy,34.8,75.7,1.4,51.3,8.68,1.35,4905.6
Maize,Vegetative,silt,30.8,69.1,0.0,41.8,7.76,1.05,4487.5
Maize,Maturity,clay,36.0,74.3,10.7,53.8,4.56,1.05,50.0
Tomato,Seedling,sandy,41.0,63.5,0.0,19.3,2.12,1.0,1445.7
Sugarcane,Maturity,sandy,29.9,38.7,0.0,45.4,1.71,1.45,1831.6
Cotton,Fruiting,silt,27.1,71.2,0.0,36.7,0.58,1.15,690.8
Groundnut,Seedling,sandy,28.4,85.4,0.0,70.0,3.32,0.85,439.3
Groundnut,Maturity,silt,39.6,88.5,8.1,68.5,4.39,0.85,50.0
Tomato,Fruiting,loamy,29.5,35.5,1.4,72.1,5.08,1.0,1179.4
Groundnut,Flowering,loamy,27.8,41.5,0.0,50.6,6.29,0.85,2487.9
Maize,Vegetative,clay,40.8,46.8,0.0,42.1,9.65,1.05,5467.8
Wheat,Maturity,sandy,36.0,34.1,0.0,48.2,9.33,0.9,4138.2
Sugarcane,Vegetative,silt,31.8,26.5,1.8,61.4,1.03,1.45,610.0
Groundnut,Vegetative,silt,31.3,73.3,0.0,38.7,9.61,0.85,4134.4
Tomato,Fruiting,sandy,22.0,52.3,2.3,49.4,3.26,1.0,2102.3
Wheat,Seedling,silt,38.3,89.5,0.0,68.8,8.52,0.9,1058.4
Groundnut,Fruiting,silt,31.0,42.9,0.0,61.5,7.44,0.85,2455.1
Wheat,Vegetative,silt,32.1,34.0,0.0,60.8,1.44,0.9,403.6
Maize,Seedling,silt,23.3,73.7,0.0,51.9,9.53,1.05,2685.2
Wheat,Seedling,loamy,40.9,41.1,0.0,34.4,4.83,0.9,1904.8
Rice,Vegetative,clay,23.4,77.7,7.4,17.1,7.57,1.35,6302.9
Wheat,Seedling,silt,22.4,53.8,0.0,21.3,6.1,0.9,2394.0
Tomato,Vegetative,sandy,25.6,73.7,0.0,30.8,3.85,1.0,3221.5
Tomato,Fruiting,silt,18.3,40.8,4.0,48.1,8.93,1.0,3691.8
Groundnut,Flowering,silt,30.6,88.8,2.8,54.3,1.88,0.85,455.8
Rice,Seedling,loamy,23.0,75.4,2.3,27.7,2.07,1.35,1305.3
Maize,Flowering,clay,39.1,81.4,2.1,42.7,6.26,1.05,3620.8
Rice,Fruiting,loamy,24.8,73.9,0.1,47.4,0.93,1.35,953.7
Tomato,Seedling,loamy,26.5,56.4,0.0,60.4,4.62,1.0,953.1
Groundnut,Flowering,clay,24.5,68.4,5.7,43.8,5.19,0.85,893.8
Tomato,Flowering,sandy,35.3,30.5,0.9,61.5,3.77,1.0,1712.0
Sugarcane,Seedling,loamy,27.0,71.0,3.9,58.6,2.9,1.45,912.9
Cotton,Vegetative,sandy,41.7,30.8,0.0,65.5,6.16,1.15,3993.4
Maize,Flowering,clay,26.6,41.6,0.0,56.3,1.98,1.05,875.0
Rice,Vegetative,silt,19.3,87.1,0.0,47.9,0.74,1.35,517.9
Cotton,Maturity,loamy,20.6,88.0,0.8,77.5,5.72,1.15,745.4
Sugarcane,Fruiting,silt,38.5,55.6,7.1,23.4,8.63,1.45,17052.0
Sugarcane,Vegetative,clay,40.5,28.5,0.0,55.7,8.04,1.45,6242.5
Tomato,Fruiting,sandy,31.4,51.7,2.2,58.7,4.61,1.0,2351.3
Sugarcane,Seedling,clay,18.9,74.0,0.0,19.3,6.41,1.45,5024.1
Rice,Maturity,loamy,23.9,79.2,0.0,20.3,4.64,1.35,4865.0
Cotton,Fruiting,clay,32.4,58.4,4.2,33.5,8.28,1.15,8935.8
Tomato,Seedling,loamy,29.9,33.6,0.0,58.4,5.61,1.0,1279.0
Groundnut,Fruiting,silt,32.6,51.8,0.0,69.7,2.69,0.85,619.9
Rice,Flowering,silt,30.9,28.9,0.0,45.2,9.72,1.35,9769.7
Wheat,Vegetative,sandy,18.6,73.8,0.0,42.3,5.98,0.9,2981.9
Cotton,Maturity,sandy,19.3,63.4,0.0,15.2,2.81,1.15,3485.7
Tomato,Flowering,sandy,25.7,47.1,4.0,75.4,2.61,1.0,249.4
Groundnut,Seedling,sandy,40.7,85.2,0.0,69.0,6.78,0.85,1059.4
Maize,Flowering,loamy,29.6,48.0,7.8,24.7,5.98,1.05,4235.8
Sugarcane,Seedling,clay,27.9,35.3,9.0,73.1,8.9,1.45,50.0
Groundnut,Fruiting,clay,31.7,70.0,0.0,38.2,3.35,0.85,1755.6
Cotton,Seedling,sandy,29.5,81.6,0.0,60.4,2.94,1.15,1269.3
Wheat,Flowering,sandy,40.0,60.5,2.5,50.4,1.84,0.9,969.8
Rice,Seedling,sandy,30.3,68.9,11.3,71.9,9.28,1.35,50.0
Groundnut,Maturity,silt,39.4,27.0,7.9,58.3,1.18,0.85,50.0
Tomato,Flowering,silt,24.6,25.2,0.0,66.9,9.48,1.0,2830.0
Wheat,Fruiting,silt,19.7,87.9,7.6,23.0,9.45,0.9,4244.4
Maize,Seedling,clay,27.8,35.8,0.1,57.6,8.12,1.05,1836.4
Sugarcane,Vegetative,clay,28.8,52.4,0.0,22.0,2.89,1.45,4012.3
Sugarcane,Maturity,sandy,20.2,28.2,0.0,49.6,3.04,1.45,2767.6
Groundnut,Fruiting,sandy,41.1,53.8,5.5,50.6,7.56,0.85,3243.4
Tomato,Maturity,sandy,28.6,55.6,5.1,65.0,7.04,1.0,752.6
Sugarcane,Seedling,silt,19.0,46.6,2.2,60.5,8.35,1.45,2688.4
Wheat,Seedling,sandy,35.6,31.8,0.0,34.0,6.73,0.9,3146.9
Cotton,Vegetative,loamy,18.7,53.2,0.0,75.3,5.52,1.15,1321.8
Groundnut,Maturity,sandy,26.8,67.0,0.0,56.7,6.61,0.85,1939.7
Groundnut,Vegetative,clay,38.4,75.4,1.2,59.1,5.85,0.85,1118.5
Sugarcane,Vegetative,silt,26.7,76.1,0.5,28.3,1.3,1.45,1651.3
Sugarcane,Seedling,clay,21.8,25.9,0.0,25.5,7.53,1.45,5858.4
Sugarcane,Maturity,sandy,36.2,28.1,11.2,52.7,9.07,1.45,5280.0
Cotton,Vegetative,silt,26.4,62.7,0.9,55.7,4.46,1.15,2312.1
Groundnut,Vegetative,clay,40.6,61.0,0.0,56.7,0.79,0.85,209.8
Cotton,Seedling,silt,37.1,62.9,0.0,20.9,6.84,1.15,5631.4
Rice,Fruiting,sandy,23.0,65.4,0.5,69.3,3.61,1.35,2152.2
Rice,Vegetative,silt,32.9,78.3,0.0,15.5,4.66,1.35,6322.4
Groundnut,Maturity,silt,35.0,68.0,0.0,31.2,4.61,0.85,1850.4
Maize,Vegetative,silt,40.4,43.6,2.0,47.1,7.12,1.05,3548.1
Cotton,Maturity,sandy,28.6,76.7,3.3,55.8,2.27,1.15,1102.0
Sugarcane,Maturity,sandy,29.1,60.3,3.9,47.6,6.09,1.45,5541.7
Maize,Maturity,clay,29.4,47.8,0.0,51.0,7.32,1.05,2522.5
Maize,Seedling,silt,18.0,83.5,0.0,68.9,4.3,1.05,598.8
Wheat,Fruiting,sandy,23.0,46.1,0.0,49.6,7.71,0.9,4952.9
Groundnut,Flowering,loamy,28.5,27.9,0.0,19.5,1.9,0.85,1396.7
Maize,Vegetative,clay,40.7,47.2,0.0,53.2,3.52,1.05,1578.0
Maize,Flowering,clay,19.0,25.7,2.1,58.2,2.53,1.05,770.7
Rice,Vegetative,sandy,18.6,28.3,10.8,61.1,1.15,1.35,319.8
Sugarcane,Maturity,silt,19.4,34.3,0.0,58.2,1.74,1.45,987.5
Tomato,Vegetative,sandy,23.6,28.0,10.2,43.8,1.59,1.0,458.3
Wheat,Flowering,loamy,21.4,82.6,4.6,51.8,3.47,0.9,812.7
Cotton,Vegetative,clay,22.1,49.9,0.0,76.9,9.49,1.15,1786.0
Wheat,Seedling,loamy,32.3,72.1,0.0,41.3,6.71,0.9,2050.1
Rice,Vegetative,silt,36.2,49.2,0.0,42.3,9.82,1.35,9139.6
Maize,Seedling,clay,23.3,62.6,0.0,23.8,3.09,1.05,1374.7
Groundnut,Fruiting,clay,22.8,52.7,0.0,59.8,3.18,0.85,890.1
Maize,Fruiting,loamy,37.6,89.3,1.8,26.0,6.7,1.05,7526.9
Groundnut,Vegetative,sandy,24.5,54.2,0.0,42.6,8.43,0.85,4145.3
Cotton,Fruiting,sandy,32.2,37.5,0.0,40.9,1.64,1.15,2505.5
Tomato,Seedling,loamy,20.1,69.4,0.0,33.9,3.03,1.0,1124.4
Maize,Vegetative,loamy,40.6,59.5,0.0,21.5,6.9,1.05,6630.8
Groundnut,Fruiting,silt,37.4,33.5,0.0,72.6,4.55,0.85,939.7
Groundnut,Maturity,silt,25.1,60.4,0.0,46.5,8.4,0.85,2327.2
Cotton,Maturity,clay,22.2,65.4,0.0,79.1,1.46,1.15,190.4
Groundnut,Fruiting,clay,29.3,61.5,0.0,35.8,4.23,0.85,2249.0
Maize,Maturity,sandy,33.5,80.2,0.0,25.0,8.32,1.05,7202.6
Groundnut,Maturity,clay,22.4,64.6,4.5,68.9,6.23,0.85,50.0
Cotton,Fruiting,sandy,34.2,41.2,0.0,62.0,7.05,1.15,5999.8
Tomato,Vegetative,loamy,36.9,60.5,2.8,40.9,3.07,1.0,1509.3
Groundnut,Vegetative,clay,40.8,56.7,0.0,15.2,9.35,0.85,5638.7
Sugarcane,Flowering,loamy,35.8,65.8,1.6,61.1,8.62,1.45,6946.4
Cotton,Seedling,loamy,41.3,30.4,8.1,40.5,8.59,1.15,3161.1
Groundnut,Fruiting,clay,31.1,73.3,0.0,21.6,1.19,0.85,756.6
Tomato,Maturity,sandy,20.9,81.2,0.0,69.7,4.91,1.0,1036.0
Sugarcane,Seedling,sandy,23.3,46.9,2.4,36.8,3.71,1.45,3373.4
Sugarcane,Maturity,clay,24.6,53.8,0.3,65.8,1.94,1.45,692.0
Tomato,Maturity,clay,31.7,44.9,0.0,16.5,3.88,1.0,2326.9
Sugarcane,Fruiting,clay,19.1,76.0,0.0,73.5,3.69,1.45,1532.9
Tomato,Maturity,silt,36.2,42.3,0.0,31.7,9.27,1.0,5060.1
Cotton,Vegetative,sandy,27.1,76.3,1.5,17.2,4.16,1.15,6179.3
Wheat,Fruiting,silt,37.9,76.9,1.6,75.4,3.42,0.9,476.7
Sugarcane,Seedling,sandy,19.7,76.4,0.0,44.8,3.13,1.45,2365.3
Tomato,Fruiting,silt,28.0,85.4,0.0,72.5,3.54,1.0,890.7
Wheat,Fruiting,loamy,38.1,33.0,0.0,72.6,8.92,0.9,2142.5
Rice,Vegetative,silt,34.3,43.6,0.0,47.6,9.54,1.35,7754.3
Maize,Seedling,clay,28.9,77.9,0.0,73.0,9.18,1.05,1116.6
Wheat,Maturity,silt,26.5,62.3,0.0,16.4,3.7,0.9,1977.2
Tomato,Vegetative,clay,23.3,45.1,0.0,29.2,2.06,1.0,1139.9
Rice,Seedling,clay,24.5,86.6,2.2,62.4,3.62,1.35,683.3
Maize,Fruiting,silt,40.3,42.0,0.0,75.3,9.06,1.05,2493.9
Wheat,Maturity,silt,29.2,89.0,0.0,36.6,4.13,0.9,1578.2
Tomato,Vegetative,clay,38.6,32.6,0.0,28.4,4.33,1.0,2827.9
Sugarcane,Vegetative,clay,30.4,74.9,0.0,64.5,1.07,1.45,544.7
Cotton,Vegetative,loamy,20.5,71.2,0.8,45.9,4.77,1.15,3267.8
Groundnut,Maturity,clay,39.1,79.2,0.0,65.0,6.12,0.85,970.3
Groundnut,Maturity,silt,35.7,39.0,0.0,67.7,8.47,0.85,1368.3
Wheat,Vegetative,loamy,30.4,29.8,0.0,56.6,4.75,0.9,1641.4
Cotton,Fruiting,loamy,30.3,76.9,11.7,16.2,8.76,1.15,12177.0
Wheat,Maturity,silt,31.1,80.8,4.0,51.5,7.29,0.9,1099.4
Groundnut,Seedling,silt,31.9,52.9,0.0,15.4,9.92,0.85,4090.3
Sugarcane,Flowering,sandy,28.8,74.3,0.0,79.8,7.91,1.45,2648.4
Wheat,Maturity,silt,31.9,59.3,0.0,60.6,9.69,0.9,2139.6
Sugarcane,Fruiting,silt,31.4,78.1,0.9,65.3,5.92,1.45,4179.0
Cotton,Fruiting,silt,37.0,78.2,1.2,75.8,2.07,1.15,604.3
Sugarcane,Vegetative,clay,37.2,75.2,0.0,21.5,6.09,1.45,8645.1
Tomato,Vegetative,silt,28.4,52.7,0.0,55.7,0.79,1.0,290.2
Wheat,Seedling,sandy,40.4,48.7,0.0,73.7,8.01,0.9,1160.9
Cotton,Seedling,loamy,37.9,71.0,0.0,79.3,6.22,1.15,774.0
Sugarcane,Maturity,clay,34.8,71.6,0.0,45.4,0.82,1.45,608.3
Tomato,Seedling,clay,38.6,56.9,0.9,15.0,7.32,1.0,3391.4
Sugarcane,Seedling,loamy,41.0,53.7,0.0,37.8,4.72,1.45,4086.1
Groundnut,Fruiting,sandy,34.6,32.9,0.0,59.3,4.47,0.85,2028.1
Sugarcane,Flowering,sandy,41.9,72.5,0.9,42.0,8.64,1.45,15494.9
Wheat,Vegetative,clay,41.7,81.8,21.4,69.7,8.32,0.9,50.0
Sugarcane,Maturity,loamy,22.2,31.7,0.0,36.0,8.64,1.45,8839.4
Tomato,Seedling,silt,19.9,35.6,1.7,66.5,4.45,1.0,446.9
Sugarcane,Vegetative,clay,40.0,43.1,0.7,63.8,4.02,1.45,2170.6
Wheat,Vegetative,silt,21.2,28.2,0.0,70.0,6.95,0.9,1218.0
Groundnut,Maturity,silt,26.6,28.0,0.6,53.3,9.03,0.85,2048.3
Groundnut,Seedling,loamy,36.0,31.2,0.0,55.5,2.0,0.85,426.1
Groundnut,Vegetative,clay,18.7,70.2,0.0,24.8,1.48,0.85,596.9
Maize,Fruiting,sandy,24.6,36.4,0.0,21.5,1.98,1.05,3007.8
Rice,Maturity,clay,41.5,25.3,7.2,76.0,3.51,1.35,50.0
Maize,Seedling,sandy,20.0,31.9,0.0,49.2,8.02,1.05,3259.0
Maize,Flowering,loamy,25.9,82.6,6.6,55.6,1.19,1.05,307.6
Wheat,Vegetative,silt,38.5,88.3,2.0,63.7,5.87,0.9,1073.4
Cotton,Flowering,clay,30.1,47.0,0.0,72.0,5.66,1.15,1885.9
Sugarcane,Vegetative,sandy,33.0,48.3,0.0,62.2,1.41,1.45,1181.7
Groundnut,Seedling,silt,34.3,40.1,0.0,49.0,9.04,0.85,2057.3
Wheat,Flowering,silt,28.5,33.1,0.0,66.5,6.0,0.9,1620.2
Tomato,Flowering,sandy,18.8,68.8,0.0,56.4,9.74,1.0,4866.9
Sugarcane,Flowering,loamy,27.7,81.9,0.0,16.6,7.76,1.45,14810.9
Rice,Seedling,sandy,31.3,47.5,0.0,18.5,1.16,1.35,1277.0
Maize,Seedling,clay,23.9,33.9,0.0,27.1,2.18,1.05,943.2
Rice,Seedling,silt,19.2,47.8,0.4,22.3,4.6,1.35,3267.3
Wheat,Seedling,sandy,28.2,37.1,0.0,32.4,8.29,0.9,3871.4
Tomato,Vegetative,loamy,26.3,73.9,0.0,72.0,3.35,1.0,644.4
Sugarcane,Vegetative,sandy,23.4,62.7,3.0,66.7,6.5,1.45,3541.5
Tomato,Vegetative,clay,20.7,32.4,0.0,54.5,1.47,1.0,481.5
Rice,Fruiting,clay,36.6,38.6,2.1,77.2,7.9,1.35,1894.2
Tomato,Seedling,silt,29.7,34.0,0.0,34.1,0.63,1.0,249.6
Rice,Vegetative,clay,27.7,86.5,0.0,54.8,4.08,1.35,2209.7
Wheat,Maturity,silt,31.3,48.5,0.0,17.6,9.89,0.9,5721.5
Cotton,Vegetative,sandy,30.3,77.6,0.0,48.7,6.24,1.15,5855.0
Maize,Seedling,sandy,35.1,70.7,0.0,43.2,6.14,1.05,2958.9
Wheat,Maturity,sandy,29.5,85.1,0.0,26.4,6.76,0.9,4231.1
Maize,Seedling,sandy,38.7,85.7,0.0,61.7,3.02,1.05,940.2
Tomato,Vegetative,loamy,21.1,25.3,0.0,36.5,2.11,1.0,1301.7
Wheat,Vegetative,loamy,29.6,76.0,2.3,20.4,5.73,0.9,3379.5
Tomato,Flowering,silt,25.7,29.4,0.0,55.2,5.53,1.0,2335.7
Rice,Fruiting,clay,40.5,31.2,3.9,72.2,5.35,1.35,1647.1
Cotton,Seedling,sandy,36.7,75.4,0.0,53.7,3.49,1.15,1877.2
Wheat,Fruiting,sandy,25.2,89.4,3.5,43.4,7.53,0.9,4328.9
Rice,Vegetative,sandy,32.7,32.8,9.0,75.5,7.22,1.35,389.3
Cotton,Seedling,sandy,32.4,68.7,0.0,79.3,2.53,1.15,381.0
Groundnut,Vegetative,clay,25.0,30.3,0.0,41.7,9.89,0.85,3376.0
Rice,Vegetative,sandy,41.6,70.6,0.0,77.0,2.45,1.35,811.5
Sugarcane,Flowering,clay,39.8,42.8,0.0,26.2,7.34,1.45,11765.2
Wheat,Vegetative,sandy,26.4,45.4,4.0,42.3,2.29,0.9,994.2
Rice,Fruiting,silt,36.8,32.3,8.5,54.8,9.86,1.35,6433.8
Rice,Fruiting,loamy,26.2,31.9,0.0,66.6,1.93,1.35,1144.5
Cotton,Seedling,loamy,38.8,29.4,3.7,15.4,0.99,1.15,845.2
Rice,Flowering,loamy,23.4,60.6,0.0,40.6,5.09,1.35,5397.2
Rice,Flowering,loamy,24.0,46.2,0.0,24.6,8.21,1.35,12243.8
Tomato,Maturity,sandy,38.2,28.3,0.0,33.5,9.16,1.0,6666.8
Sugarcane,Vegetative,clay,20.2,41.9,0.0,16.0,8.33,1.45,12095.3
Groundnut,Fruiting,silt,24.3,69.4,0.0,71.6,8.36,0.85,1637.5
Tomato,Maturity,sandy,24.3,60.0,0.0,34.8,5.64,1.0,3304.9
Sugarcane,Fruiting,sandy,19.0,39.1,0.0,57.6,8.86,1.45,10691.0
Tomato,Vegetative,loamy,31.1,70.6,0.0,32.2,5.92,1.0,3761.7
Rice,Maturity,silt,32.2,42.4,0.0,18.2,8.92,1.35,9661.1
Sugarcane,Fruiting,silt,41.5,44.8,1.1,48.2,1.96,1.45,2700.8
Sugarcane,Seedling,clay,31.8,78.7,0.0,45.0,8.02,1.45,4928.0
Rice,Flowering,silt,26.6,30.6,0.0,78.1,9.3,1.35,2333.4
Cotton,Flowering,clay,28.4,63.7,1.5,64.2,4.81,1.15,1909.6
Sugarcane,Vegetative,loamy,34.4,47.7,0.0,32.7,1.34,1.45,1865.6
Rice,Vegetative,silt,18.4,54.8,0.0,47.9,8.48,1.35,5714.8
Groundnut,Vegetative,clay,21.2,29.8,0.0,50.2,7.77,0.85,2197.5
Groundnut,Flowering,sandy,25.5,44.9,0.0,75.9,2.64,0.85,438.4
Wheat,Flowering,clay,25.7,89.3,0.0,66.5,4.61,0.9,972.9
Maize,Vegetative,loamy,28.2,64.3,0.0,57.1,4.34,1.05,1808.9
Sugarcane,Maturity,sandy,23.7,46.5,10.8,51.7,4.33,1.45,2214.5
Groundnut,Maturity,loamy,33.9,71.9,1.0,20.1,4.55,0.85,2092.9
Maize,Maturity,loamy,29.3,26.3,0.0,49.1,1.59,1.05,707.8
Groundnut,Vegetative,clay,33.2,62.8,5.4,64.1,4.13,0.85,50.0
Cotton,Fruiting,clay,36.7,72.1,0.0,23.5,9.69,1.15,13566.8
Tomato,Flowering,silt,32.3,47.4,0.0,40.2,1.46,1.0,963.8
Cotton,Flowering,silt,33.2,69.5,0.0,30.2,5.15,1.15,6371.0
Sugarcane,Maturity,sandy,28.2,29.9,0.0,43.5,5.75,1.45,6306.0
Cotton,Fruiting,silt,21.0,50.1,0.0,75.8,7.88,1.15,2449.1
Cotton,Flowering,sandy,18.8,42.0,0.0,57.2,1.28,1.15,1065.2
Rice,Seedling,silt,35.4,52.3,0.4,46.1,6.19,1.35,3380.4
Maize,Flowering,silt,25.7,61.6,1.1,25.7,2.15,1.05,1814.9
Maize,Seedling,loamy,27.7,69.1,0.0,37.5,4.4,1.05,1909.8
Rice,Vegetative,loamy,34.6,84.6,1.8,33.5,4.82,1.35,4901.7
Cotton,Seedling,loamy,30.1,41.1,0.0,71.9,4.63,1.15,976.4
Cotton,Maturity,clay,26.3,79.3,5.0,21.7,1.18,1.15,758.7
Maize,Fruiting,clay,33.8,71.9,0.0,25.9,2.62,1.05,2483.6
Cotton,Maturity,clay,30.5,84.9,3.6,59.4,4.56,1.15,1184.6
Wheat,Fruiting,loamy,34.7,32.7,1.0,40.4,3.2,0.9,2140.3
Cotton,Seedling,silt,24.2,74.0,4.5,72.0,2.22,1.15,63.8
Wheat,Vegetative,sandy,31.2,32.9,0.4,63.3,7.26,0.9,2418.6
Rice,Fruiting,loamy,32.7,36.2,0.1,48.0,7.48,1.35,8534.9
Rice,Vegetative,silt,23.2,46.3,3.5,31.8,4.95,1.35,4431.1
Rice,Maturity,sandy,20.0,25.4,0.0,64.6,3.99,1.35,1980.6
Wheat,Fruiting,loamy,20.7,77.8,0.0,62.2,8.04,0.9,2837.2
Maize,Fruiting,clay,39.0,38.9,1.4,55.3,4.49,1.05,2395.7
Cotton,Fruiting,silt,40.4,44.4,0.0,54.7,2.2,1.15,2007.1
Wheat,Flowering,loamy,28.1,36.6,0.0,46.3,6.96,0.9,3522.2
Sugarcane,Seedling,sandy,34.7,53.0,0.0,78.5,2.04,1.45,447.6
Wheat,Maturity,sandy,27.9,86.9,0.0,58.8,4.63,0.9,1349.1
Maize,Maturity,clay,37.6,78.6,0.9,46.3,6.17,1.05,2348.8
Maize,Vegetative,sandy,25.1,28.6,0.0,66.5,9.63,1.05,3672.1
Wheat,Seedling,clay,32.7,85.7,0.0,16.5,4.07,0.9,1475.2
Sugarcane,Vegetative,sandy,40.7,30.1,0.0,51.2,2.53,1.45,3243.6
Maize,Fruiting,clay,38.5,62.2,2.1,44.2,3.15,1.05,2056.7
Tomato,Maturity,sandy,20.0,58.6,0.0,72.0,5.51,1.0,1031.0
Sugarcane,Flowering,clay,29.2,39.1,0.0,48.8,4.31,1.45,4175.8
Groundnut,Maturity,loamy,22.3,63.0,0.0,72.3,4.03,0.85,491.0
Groundnut,Seedling,sandy,25.3,44.2,0.0,66.7,9.65,0.85,1477.7
Tomato,Vegetative,sandy,26.1,45.2,0.0,57.9,5.42,1.0,2366.4
Rice,Seedling,silt,27.5,46.7,1.4,70.9,1.89,1.35,332.2
Tomato,Fruiting,sandy,32.3,62.3,0.0,72.9,5.75,1.0,1791.8
Cotton,Flowering,clay,40.6,69.3,0.0,74.7,2.86,1.15,846.8
Groundnut,Fruiting,clay,28.6,58.8,0.0,44.4,8.27,0.85,3471.5
Groundnut,Flowering,loamy,19.4,36.0,1.2,58.8,0.67,0.85,170.6
Wheat,Fruiting,sandy,20.7,78.9,0.0,27.3,6.23,0.9,5694.4
Sugarcane,Vegetative,sandy,41.4,83.1,0.0,15.2,0.76,1.45,1701.6
Maize,Vegetative,silt,19.5,40.4,0.0,55.6,2.76,1.05,1110.5
Wheat,Fruiting,loamy,41.6,71.1,0.2,25.9,7.41,0.9,6684.8
Rice,Flowering,silt,19.6,53.8,6.7,38.1,9.05,1.35,7177.8
Cotton,Vegetative,clay,30.4,29.9,0.0,76.1,7.08,1.15,1530.1
Groundnut,Fruiting,loamy,29.6,62.2,0.0,67.8,2.34,0.85,602.9
Cotton,Flowering,loamy,21.9,36.8,0.0,63.1,2.22,1.15,1201.0
Maize,Seedling,loamy,36.3,87.4,1.1,51.6,8.21,1.05,2396.7
Groundnut,Vegetative,sandy,18.1,27.6,0.8,31.6,3.4,0.85,1965.2
Tomato,Seedling,loamy,19.0,68.8,0.0,56.2,8.36,1.0,1947.2
Wheat,Maturity,silt,33.5,36.5,0.0,48.7,9.31,0.9,2994.8
Sugarcane,Flowering,sandy,31.9,27.7,3.1,17.1,8.3,1.45,21536.3
Sugarcane,Maturity,silt,35.0,88.4,0.0,20.7,4.12,1.45,5215.7
Maize,Maturity,loamy,30.7,82.4,10.1,32.7,9.8,1.05,2446.6
Groundnut,Fruiting,clay,22.1,56.5,4.2,15.3,3.76,0.85,1977.8
Maize,Fruiting,clay,32.3,42.8,0.0,71.1,8.19,1.05,2405.3
Maize,Maturity,sandy,26.5,52.9,0.0,39.4,5.87,1.05,3812.1
Tomato,Flowering,sandy,41.3,36.3,0.0,20.9,4.65,1.0,6071.6
Tomato,Fruiting,clay,41.0,38.4,3.7,19.3,5.74,1.0,5455.7
Tomato,Fruiting,clay,38.8,50.6,0.0,39.5,5.95,1.0,4328.7
Sugarcane,Maturity,sandy,39.3,29.3,10.7,39.8,1.37,1.45,1373.0
Sugarcane,Fruiting,clay,30.3,35.4,0.0,75.1,8.26,1.45,3374.4
Wheat,Vegetative,clay,19.5,36.7,0.0,24.1,5.61,0.9,2730.9
Sugarcane,Flowering,clay,31.1,77.3,0.0,18.8,6.09,1.45,10577.9
Maize,Flowering,loamy,38.2,39.3,0.0,42.2,3.32,1.05,2674.6
Groundnut,Seedling,loamy,38.8,85.4,1.4,42.4,4.25,0.85,956.5
Cotton,Seedling,clay,19.7,62.0,0.0,79.7,5.33,1.15,499.0
Cotton,Flowering,loamy,26.6,62.8,0.4,47.6,2.7,1.15,2222.2
Cotton,Maturity,silt,34.2,36.1,0.0,17.1,4.89,1.15,5346.1
Groundnut,Seedling,sandy,40.6,74.5,4.2,22.7,8.77,0.85,3110.8
Rice,Fruiting,clay,24.5,28.0,0.0,16.6,6.92,1.35,10726.8
Tomato,Seedling,loamy,27.2,72.7,0.0,15.6,3.72,1.0,1866.7
Sugarcane,Maturity,silt,20.9,42.7,2.5,79.4,4.6,1.45,432.6
Rice,Fruiting,sandy,20.3,47.5,0.1,63.5,3.59,1.35,2985.4
Sugarcane,Flowering,sandy,18.5,73.0,0.0,25.9,3.6,1.45,7280.2
Tomato,Vegetative,sandy,25.6,60.1,0.0,70.5,7.83,1.0,2086.0
Maize,Fruiting,clay,37.3,71.8,0.0,63.6,4.72,1.05,1906.4
Cotton,Flowering,silt,33.3,29.1,0.0,39.7,8.46,1.15,9221.4
Tomato,Seedling,loamy,23.6,42.1,4.3,45.2,0.69,1.0,109.4
Maize,Maturity,silt,29.0,37.1,0.0,21.7,2.38,1.05,1710.7
Tomato,Vegetative,loamy,34.2,85.3,1.5,52.1,2.83,1.0,1069.3
Cotton,Vegetative,silt,41.1,36.9,0.0,71.1,4.46,1.15,1632.1
Maize,Seedling,clay,25.3,41.1,1.7,67.6,9.85,1.05,962.3
Cotton,Maturity,sandy,25.1,37.9,0.0,44.1,9.37,1.15,7906.5
Maize,Vegetative,silt,32.2,39.9,0.0,71.8,0.81,1.05,184.1
Maize,Maturity,silt,38.3,77.8,0.0,31.1,0.67,1.05,409.6
Sugarcane,Seedling,loamy,22.3,77.9,9.9,49.4,6.75,1.45,1566.7
Rice,Flowering,silt,26.7,81.7,0.0,57.6,7.47,1.35,4818.4
Tomato,Fruiting,loamy,35.4,60.8,0.0,62.5,4.4,1.0,1845.9
Sugarcane,Fruiting,silt,34.5,54.9,0.0,64.9,9.01,1.45,7200.2
Rice,Fruiting,loamy,34.8,38.4,0.0,48.2,7.17,1.35,8313.8
Tomato,Flowering,loamy,40.4,39.3,0.0,71.5,8.07,1.0,2262.5
Sugarcane,Seedling,clay,20.6,85.8,0.0,40.4,9.62,1.45,5427.6
Cotton,Vegetative,clay,38.5,53.3,0.0,74.3,7.67,1.15,2000.0
Maize,Vegetative,clay,28.9,77.0,3.7,31.5,5.19,1.05,2549.5
Maize,Vegetative,sandy,34.9,60.3,2.6,53.7,0.76,1.05,394.6
Maize,Seedling,clay,30.7,79.8,0.0,25.1,6.16,1.05,2779.1
Groundnut,Seedling,sandy,27.3,57.7,0.0,52.2,2.33,0.85,581.5
Wheat,Flowering,clay,29.9,86.4,0.0,59.8,8.78,0.9,2502.2
Groundnut,Seedling,loamy,40.3,31.1,0.0,29.7,6.74,0.85,2590.3
Wheat,Fruiting,clay,29.9,86.5,0.0,18.0,5.72,0.9,4474.7
Rice,Flowering,loamy,24.2,42.5,1.9,23.4,8.65,1.35,12507.0
Rice,Fruiting,sandy,19.4,45.7,0.0,23.5,9.71,1.35,19719.6
Maize,Maturity,loamy,27.0,77.0,6.3,45.5,8.8,1.05,2076.6
Maize,Seedling,sandy,39.6,47.6,0.0,62.3,9.02,1.05,2771.8
Cotton,Maturity,silt,32.4,65.2,0.0,53.0,7.51,1.15,3945.0
Sugarcane,Seedling,clay,23.5,41.4,0.0,61.7,6.32,1.45,2124.9
Cotton,Flowering,silt,30.9,75.7,0.0,78.0,6.89,1.15,1671.0
Rice,Vegetative,loamy,27.7,83.9,0.6,74.1,8.31,1.35,2228.0
Groundnut,Seedling,loamy,20.5,69.4,0.0,18.7,6.58,0.85,2303.4
Wheat,Seedling,sandy,18.4,34.6,0.0,29.8,4.52,0.9,1995.4
Maize,Flowering,sandy,41.8,90.0,0.0,79.4,4.06,1.05,858.2
Tomato,Flowering,clay,38.3,64.1,0.0,47.3,0.88,1.0,447.7
Groundnut,Seedling,sandy,18.5,85.8,0.0,52.5,7.2,0.85,1598.9
Cotton,Maturity,loamy,29.4,66.9,0.0,54.8,7.33,1.15,3703.2
Cotton,Vegetative,loamy,34.4,54.2,1.0,51.4,6.11,1.15,4197.6
Maize,Vegetative,silt,25.7,80.4,0.9,16.0,2.5,1.05,2071.4
Rice,Flowering,silt,28.7,43.5,0.0,25.7,0.75,1.35,1044.2
Groundnut,Vegetative,clay,32.9,28.6,0.0,60.3,1.0,0.85,224.9
Sugarcane,Vegetative,loamy,36.9,36.7,0.0,33.9,8.05,1.45,11320.6
Wheat,Vegetative,clay,20.1,86.5,1.2,23.4,9.49,0.9,4227.3
Maize,Fruiting,loamy,28.3,62.8,5.0,72.9,9.8,1.05,1182.5
Cotton,Fruiting,clay,20.9,37.3,0.0,66.2,3.49,1.15,1631.1
Rice,Vegetative,loamy,36.0,39.4,0.0,77.0,9.91,1.35,2638.0
Wheat,Seedling,silt,40.2,61.3,1.0,23.8,4.53,0.9,1794.9
Cotton,Vegetative,sandy,24.5,30.3,0.0,21.2,3.53,1.15,5271.4
Rice,Vegetative,silt,34.2,74.6,1.3,77.1,1.23,1.35,245.4
Cotton,Vegetative,sandy,37.7,75.3,9.7,39.4,3.18,1.15,2701.0
Wheat,Maturity,silt,22.6,61.9,0.0,67.2,8.85,0.9,1472.9
Rice,Maturity,loamy,20.6,70.3,0.0,29.0,2.93,1.35,2662.8
Sugarcane,Seedling,loamy,35.0,30.5,0.0,31.3,2.9,1.45,2726.0
Groundnut,Seedling,clay,21.0,64.9,0.8,63.5,9.79,0.85,869.3
Wheat,Fruiting,clay,27.3,82.8,0.0,49.3,3.09,0.9,1343.8
Cotton,Vegetative,silt,28.2,80.2,0.0,22.9,2.24,1.15,2569.6
Groundnut,Maturity,silt,19.4,59.9,0.5,73.0,0.57,0.85,50.0
Sugarcane,Seedling,sandy,34.5,89.5,0.0,77.6,8.4,1.45,2073.6
Groundnut,Fruiting,sandy,41.5,49.6,0.0,69.0,1.69,0.85,562.1
Cotton,Seedling,sandy,21.4,62.9,14.7,33.6,8.76,1.15,2013.0
Cotton,Maturity,sandy,39.9,79.1,1.0,47.5,0.64,1.15,519.7
Cotton,Fruiting,silt,29.0,75.9,0.0,72.3,4.32,1.15,1722.6
Rice,Flowering,silt,24.7,51.8,0.0,58.2,7.97,1.35,5194.4
Rice,Fruiting,loamy,18.3,38.3,0.0,69.6,3.28,1.35,1629.6
Tomato,Flowering,sandy,26.9,42.7,1.7,21.4,5.45,1.0,5952.5
Maize,Maturity,silt,28.8,58.9,0.0,18.1,7.24,1.05,5038.1
Groundnut,Seedling,sandy,30.6,74.3,0.0,75.7,2.52,0.85,248.1
Wheat,Flowering,clay,23.9,34.3,2.9,17.5,0.84,0.9,495.2
Rice,Seedling,sandy,34.7,45.1,7.2,55.3,3.22,1.35,1064.3
Tomato,Vegetative,loamy,21.6,43.1,0.3,30.5,9.22,1.0,5766.3
Sugarcane,Fruiting,loamy,38.4,70.7,0.3,61.5,1.21,1.45,1124.4
Wheat,Seedling,sandy,27.6,67.0,1.5,52.5,9.37,0.9,2104.8
Cotton,Vegetative,sandy,39.5,76.3,0.0,36.6,0.59,1.15,752.3
Sugarcane,Vegetative,sandy,38.2,41.8,0.0,39.6,0.59,1.45,934.7
Maize,Maturity,sandy,18.7,38.1,1.1,38.1,0.76,1.05,454.6
Rice,Vegetative,loamy,27.6,73.8,0.3,57.4,5.13,1.35,3181.8
Tomato,Fruiting,sandy,41.5,85.6,0.0,36.9,1.49,1.0,1543.7
Sugarcane,Flowering,sandy,40.9,53.8,0.0,26.5,6.12,1.45,14549.3
Rice,Seedling,clay,19.5,31.5,0.0,72.7,2.83,1.35,531.2
Tomato,Seedling,silt,38.7,35.3,0.0,43.1,5.74,1.0,2074.7
Cotton,Fruiting,loamy,20.6,66.2,0.0,32.2,3.64,1.15,4743.9
Tomato,Seedling,sandy,23.4,80.1,0.0,41.4,9.85,1.0,3741.9
Maize,Flowering,clay,41.1,46.1,5.6,50.5,2.21,1.05,845.6
Rice,Maturity,silt,21.5,66.1,3.1,36.2,5.85,1.35,3816.9
Sugarcane,Flowering,clay,35.5,41.3,0.0,22.1,2.19,1.45,3673.7
Maize,Fruiting,silt,27.4,52.3,0.0,61.7,5.85,1.05,2731.9
Rice,Fruiting,silt,25.3,75.9,0.0,31.2,8.26,1.35,11586.3
Wheat,Maturity,silt,29.7,52.4,0.0,17.9,7.62,0.9,4178.3
Wheat,Vegetative,loamy,33.9,49.1,0.0,58.8,7.43,0.9,2296.7
Rice,Seedling,loamy,23.2,57.1,0.0,33.6,2.86,1.35,1891.7
Wheat,Fruiting,sandy,26.4,70.8,0.0,48.2,6.55,0.9,4330.6
Cotton,Flowering,loamy,41.3,55.3,9.1,31.1,1.49,1.15,1534.2
Tomato,Flowering,sandy,32.6,80.9,0.1,21.0,7.27,1.0,8518.7
Tomato,Vegetative,loamy,26.0,86.4,0.0,23.6,1.7,1.0,1182.1
Tomato,Maturity,silt,19.0,89.7,0.0,38.7,4.85,1.0,1910.7
Sugarcane,Fruiting,sandy,23.6,85.4,7.1,23.4,5.21,1.45,11910.7
Cotton,Flowering,silt,21.7,74.7,0.0,45.4,8.94,1.15,7273.9
Wheat,Vegetative,clay,33.4,54.8,0.0,16.5,0.99,0.9,614.3
Cotton,Flowering,sandy,33.1,80.8,0.0,69.5,9.82,1.15,5463.3
Wheat,Flowering,sandy,30.9,58.7,0.0,21.3,1.46,0.9,1406.2
Rice,Seedling,sandy,32.0,34.7,0.0,45.3,2.48,1.35,1841.8
Groundnut,Fruiting,loamy,36.2,31.3,0.0,42.6,9.96,0.85,6084.8
Cotton,Fruiting,silt,37.2,43.0,6.2,22.2,9.06,1.15,13300.0
Rice,Fruiting,loamy,35.5,38.6,10.4,73.4,3.39,1.35,317.5
Maize,Fruiting,sandy,34.8,70.0,0.0,63.3,2.85,1.05,1708.1
Tomato,Fruiting,silt,33.3,69.8,0.0,59.8,1.16,1.0,521.6
Groundnut,Flowering,sandy,18.3,39.1,0.0,64.1,8.23,0.85,2507.7
Maize,Flowering,loamy,36.6,27.8,2.0,43.0,4.62,1.05,3347.9
Cotton,Vegetative,sandy,23.7,39.7,0.0,43.5,7.87,1.15,7979.3
Cotton,Fruiting,sandy,19.2,82.1,0.3,16.4,6.47,1.15,12846.7
Wheat,Seedling,silt,38.3,46.1,0.0,58.1,7.53,0.9,1549.5
Sugarcane,Seedling,loamy,25.4,87.5,0.0,39.2,4.85,1.45,3406.7
Cotton,Flowering,silt,41.7,27.9,0.0,27.1,3.96,1.15,5581.7
Sugarcane,Vegetative,sandy,37.0,31.0,0.0,31.9,6.03,1.45,11101.7
Cotton,Seedling,sandy,32.6,59.0,10.1,31.8,7.69,1.15,3929.6
Sugarcane,Fruiting,loamy,36.7,81.9,0.0,49.0,9.28,1.45,12581.1
Cotton,Flowering,silt,29.8,37.1,0.0,28.4,3.73,1.15,4761.9
Tomato,Flowering,loamy,33.5,48.8,1.3,69.2,1.33,1.0,322.6
Cotton,Fruiting,silt,32.5,88.9,0.0,34.7,9.04,1.15,12082.1
Rice,Fruiting,clay,24.3,53.1,0.5,59.2,4.37,1.35,2763.4
Maize,Maturity,silt,19.4,60.4,0.0,56.1,5.79,1.05,1823.2
Tomato,Maturity,clay,20.4,49.7,0.0,17.6,5.69,1.0,3137.6
Sugarcane,Flowering,clay,27.4,77.2,7.6,69.4,4.86,1.45,944.7
Wheat,Maturity,sandy,39.5,57.3,0.0,72.6,2.11,0.9,400.1
Sugarcane,Fruiting,loamy,27.9,64.1,3.5,80.0,3.96,1.45,746.4
Tomato,Maturity,clay,41.7,47.1,0.0,53.0,2.54,1.0,835.4
Rice,Vegetative,sandy,21.3,52.2,0.0,39.7,0.96,1.35,1029.7
Sugarcane,Flowering,loamy,27.7,27.6,6.3,36.3,8.77,1.45,11075.7
Cotton,Flowering,loamy,25.6,69.0,0.0,63.9,7.64,1.15,4094.7
Rice,Maturity,sandy,19.3,43.3,0.0,77.3,0.75,1.35,175.1
Wheat,Vegetative,silt,27.5,36.1,0.0,77.2,4.62,0.9,551.9
Wheat,Maturity,silt,39.0,38.6,2.4,41.0,3.93,0.9,1263.8
Groundnut,Maturity,sandy,21.4,66.6,0.0,53.2,2.68,0.85,823.9
Maize,Seedling,loamy,25.9,63.9,0.7,42.1,3.86,1.05,1475.8
Wheat,Flowering,silt,39.9,87.9,0.0,52.1,4.7,0.9,2055.3
Wheat,Seedling,silt,35.3,29.0,0.0,44.3,1.92,0.9,555.9
Wheat,Fruiting,silt,30.8,80.4,1.5,79.1,5.46,0.9,457.8
Maize,Flowering,clay,22.3,38.2,0.0,79.4,8.85,1.05,1160.3
Tomato,Maturity,clay,20.2,72.7,0.0,51.1,5.11,1.0,1403.1
Groundnut,Vegetative,sandy,41.7,50.8,16.5,31.5,1.35,0.85,154.7
Sugarcane,Vegetative,clay,29.7,79.4,0.0,16.3,9.78,1.45,13790.1
Maize,Maturity,loamy,32.1,69.2,0.0,36.2,1.04,1.05,579.1
Wheat,Fruiting,sandy,22.6,70.1,3.2,32.8,4.39,0.9,3414.2
Cotton,Fruiting,clay,36.0,26.1,0.0,72.3,9.53,1.15,3781.5
Maize,Maturity,silt,40.8,32.5,0.0,62.0,0.78,1.05,257.9
Cotton,Fruiting,sandy,23.2,89.0,0.0,36.5,5.59,1.15,8320.8
Cotton,Seedling,silt,40.0,80.8,0.0,28.6,6.45,1.15,4505.7
Sugarcane,Vegetative,clay,18.9,37.1,0.0,71.7,5.48,1.45,1881.1
Sugarcane,Flowering,clay,36.3,87.0,0.0,27.4,8.17,1.45,12202.9
Cotton,Maturity,silt,24.5,43.5,0.0,26.2,5.94,1.15,4949.8
Wheat,Maturity,loamy,30.1,60.3,2.2,18.6,4.38,0.9,2220.0
Maize,Maturity,sandy,30.8,65.6,0.0,19.3,9.59,1.05,8908.9
Maize,Vegetative,clay,24.0,84.5,0.0,48.8,9.34,1.05,4027.7
Wheat,Vegetative,loamy,20.6,87.7,3.0,35.2,8.1,0.9,2882.6
Wheat,Vegetative,loamy,26.1,67.6,9.1,70.6,9.24,0.9,50.0
Wheat,Flowering,sandy,38.2,63.6,0.0,71.7,3.36,0.9,927.2
Maize,Vegetative,loamy,29.9,42.9,4.0,51.9,4.29,1.05,1541.1
Cotton,Flowering,loamy,31.3,71.3,2.3,49.9,9.47,1.15,7564.0
Tomato,Seedling,silt,33.8,72.8,0.0,78.0,6.44,1.0,533.9
Tomato,Flowering,clay,36.6,73.1,2.7,75.2,4.83,1.0,395.9
Sugarcane,Flowering,sandy,38.1,43.8,0.0,62.5,9.67,1.45,9607.9
Wheat,Flowering,loamy,36.7,61.8,0.9,55.2,1.74,0.9,692.9
Wheat,Flowering,sandy,19.5,89.7,0.0,34.1,7.66,0.9,5217.1
Groundnut,Fruiting,silt,37.8,78.1,0.0,28.7,5.08,0.85,3651.7
Tomato,Maturity,loamy,28.8,58.7,0.0,60.6,4.63,1.0,1254.0
Cotton,Vegetative,sandy,22.2,47.0,0.0,30.0,6.0,1.15,7802.4
Maize,Maturity,sandy,32.3,51.0,0.0,63.7,2.36,1.05,861.5
Wheat,Flowering,clay,33.5,38.6,0.0,28.8,4.21,0.9,2566.7
Rice,Vegetative,sandy,19.0,68.9,1.9,42.3,2.35,1.35,2259.3
Maize,Vegetative,loamy,20.7,82.4,0.0,41.9,0.64,1.05,362.9
Tomato,Seedling,loamy,31.9,55.3,0.0,43.4,1.22,1.0,440.2
Cotton,Fruiting,sandy,24.7,61.7,0.0,73.2,2.29,1.15,1088.4
Maize,Maturity,silt,28.2,33.9,0.6,28.3,7.3,1.05,4274.2
Rice,Vegetative,silt,31.1,43.0,2.8,76.3,3.26,1.35,521.5
Groundnut,Seedling,loamy,34.1,46.0,0.0,53.3,5.97,0.85,1285.4
Sugarcane,Fruiting,loamy,18.4,41.3,0.9,49.8,6.03,1.45,6905.8
Wheat,Maturity,sandy,40.6,75.3,0.0,64.5,5.11,0.9,1416.4
Sugarcane,Seedling,silt,26.3,33.9,22.3,43.7,4.79,1.45,50.0
Tomato,Fruiting,sandy,34.2,52.4,7.2,23.6,8.21,1.0,8402.8
Groundnut,Vegetative,silt,30.9,51.1,0.0,25.3,5.27,0.85,2837.3
Rice,Maturity,silt,42.0,57.0,0.8,17.8,5.81,1.35,6980.8
Maize,Fruiting,loamy,26.7,34.5,0.0,49.7,5.35,1.05,3881.3
Tomato,Flowering,loamy,39.3,61.4,0.0,50.7,2.38,1.0,1340.8
Tomato,Maturity,sandy,31.6,27.9,0.0,25.0,8.69,1.0,7161.1
Cotton,Flowering,sandy,34.1,87.3,0.0,79.4,3.02,1.15,841.1
Sugarcane,Fruiting,silt,38.4,58.2,4.3,59.7,3.09,1.45,2545.0
Tomato,Vegetative,clay,33.5,40.0,0.0,59.0,7.41,1.0,2327.8
Rice,Seedling,sandy,23.5,30.6,0.0,78.3,3.37,1.35,613.1
Tomato,Vegetative,loamy,33.9,74.8,0.0,50.1,1.0,1.0,446.7
Cotton,Fruiting,silt,35.9,34.1,3.9,43.5,0.66,1.15,667.2
Rice,Maturity,loamy,32.8,34.1,0.0,29.7,6.34,1.35,6369.0
Wheat,Vegetative,clay,24.7,36.7,8.1,72.4,5.94,0.9,50.0
Wheat,Fruiting,clay,20.4,77.5,0.0,37.3,2.65,0.9,1441.0
Cotton,Vegetative,clay,29.7,33.9,0.0,70.7,8.52,1.15,2504.4
Sugarcane,Maturity,clay,39.2,29.5,0.0,24.6,7.77,1.45,9192.2
Rice,Seedling,sandy,29.3,42.0,0.0,71.2,1.54,1.35,448.6
Rice,Flowering,silt,28.6,48.0,0.0,76.8,2.47,1.35,697.1
Tomato,Seedling,silt,39.5,87.8,0.0,58.0,4.33,1.0,1018.8
Rice,Vegetative,loamy,41.6,71.2,0.0,80.0,7.25,1.35,1512.4
Wheat,Vegetative,clay,20.7,70.8,0.0,28.7,5.29,0.9,2364.6
Tomato,Maturity,loamy,26.0,53.7,0.0,47.1,3.34,1.0,1324.0
Maize,Flowering,loamy,27.1,81.5,1.7,79.9,5.08,1.05,445.9
Rice,Vegetative,silt,24.5,74.9,0.0,25.8,3.17,1.35,3560.5
Sugarcane,Fruiting,clay,18.3,68.8,0.0,28.9,5.74,1.45,8275.1
Maize,Seedling,loamy,39.4,61.6,0.0,20.8,0.59,1.05,359.2
Rice,Flowering,sandy,23.5,35.2,0.0,26.6,5.69,1.35,10168.1
Rice,Maturity,clay,30.9,80.9,0.4,41.4,8.73,1.35,5486.8
Wheat,Seedling,sandy,41.3,55.2,12.2,73.8,0.63,0.9,50.0
Cotton,Maturity,silt,29.1,31.7,0.0,52.5,4.67,1.15,2604.6
Maize,Maturity,loamy,28.0,76.0,0.0,42.5,1.13,1.05,537.3
Cotton,Maturity,sandy,25.6,64.7,0.0,38.6,9.39,1.15,8477.9
Rice,Flowering,silt,34.1,79.1,0.0,56.4,3.33,1.35,2477.9
Groundnut,Flowering,clay,18.0,64.5,0.0,39.4,5.12,0.85,1922.7
Groundnut,Vegetative,sandy,26.6,36.5,0.0,39.4,4.24,0.85,2232.5
Wheat,Seedling,loamy,39.4,71.6,21.6,69.1,7.13,0.9,50.0
Cotton,Vegetative,sandy,23.8,70.0,0.0,37.7,8.4,1.15,9505.6
Tomato,Seedling,loamy,33.7,29.9,0.0,70.3,1.14,1.0,168.2
Maize,Seedling,silt,22.6,59.9,1.1,63.0,0.78,1.05,122.7
Groundnut,Seedling,silt,26.9,38.9,0.0,16.3,5.69,0.85,2098.0
Groundnut,Seedling,clay,29.7,28.7,0.0,60.4,5.49,0.85,781.8
Groundnut,Vegetative,clay,18.8,34.9,0.0,16.4,2.09,0.85,998.0
Rice,Flowering,sandy,32.9,25.8,0.0,74.7,4.12,1.35,1929.0
Sugarcane,Vegetative,loamy,25.7,82.7,0.2,20.4,8.51,1.45,13488.1
Wheat,Seedling,clay,35.4,38.9,5.3,45.8,8.01,0.9,535.9
Tomato,Seedling,clay,28.2,85.2,0.0,61.0,9.26,1.0,1576.9
Sugarcane,Seedling,sandy,39.7,78.9,4.4,39.3,6.5,1.45,5352.0
Rice,Vegetative,sandy,24.9,40.1,0.0,46.7,2.56,1.35,2644.5
Cotton,Seedling,clay,38.3,37.7,9.4,62.7,3.2,1.15,50.0
Sugarcane,Seedling,clay,39.2,45.0,0.0,24.8,4.31,1.45,3856.5
Tomato,Vegetative,clay,26.4,76.4,0.0,21.0,6.38,1.0,4089.6
Wheat,Seedling,loamy,41.5,63.7,0.0,18.9,8.08,0.9,3947.5
Groundnut,Flowering,silt,39.6,55.6,0.0,60.1,8.38,0.85,2583.6
Cotton,Maturity,sandy,28.5,48.3,2.9,79.3,5.26,1.15,506.2
Wheat,Vegetative,loamy,22.6,39.8,0.0,65.0,4.08,0.9,980.3
Sugarcane,Maturity,silt,31.5,30.0,0.0,27.0,8.88,1.45,10326.3
Wheat,Fruiting,silt,40.9,36.9,3.3,54.9,7.37,0.9,2792.5
Tomato,Fruiting,silt,30.9,84.8,0.0,38.2,7.64,1.0,5713.1
Wheat,Maturity,silt,22.7,44.7,0.0,72.8,2.73,0.9,341.5
Wheat,Vegetative,loamy,38.3,74.8,0.0,27.1,3.27,0.9,2056.1
Tomato,Seedling,sandy,35.4,55.2,0.3,39.3,4.91,1.0,2341.5
Groundnut,Maturity,silt,27.4,42.5,0.0,75.5,7.99,0.85,794.1
Groundnut,Maturity,sandy,24.3,83.7,0.0,49.8,6.17,0.85,1933.9
Wheat,Fruiting,silt,34.0,49.1,0.0,64.0,2.8,0.9,929.3
Rice,Maturity,loamy,20.4,29.1,0.0,74.7,9.02,1.35,2022.0
Maize,Seedling,clay,32.2,32.9,0.0,63.0,7.48,1.05,1507.2
Sugarcane,Maturity,sandy,22.7,35.9,0.0,57.9,8.05,1.45,5846.2
Tomato,Maturity,clay,41.6,57.7,2.1,15.8,6.28,1.0,3540.6
Rice,Flowering,clay,35.0,67.9,0.4,23.4,8.51,1.35,10988.7
Wheat,Flowering,clay,20.7,30.5,0.0,60.9,1.74,0.9,476.1
Maize,Seedling,sandy,31.3,61.6,4.7,37.9,8.78,1.05,3411.2
Maize,Vegetative,clay,28.4,52.8,0.0,62.5,4.9,1.05,1401.3
Groundnut,Maturity,sandy,26.1,65.6,0.0,72.3,1.57,0.85,226.4
Sugarcane,Fruiting,silt,31.6,31.2,0.0,44.9,4.58,1.45,6508.9
Tomato,Fruiting,clay,28.0,60.1,0.0,56.6,3.08,1.0,1298.7
Tomato,Flowering,clay,22.8,27.7,0.0,38.4,5.08,1.0,2882.6
Tomato,Flowering,clay,29.8,49.6,0.0,50.4,0.81,1.0,360.6
Cotton,Fruiting,sandy,27.7,67.3,0.0,79.3,3.37,1.15,1070.7
Wheat,Vegetative,clay,25.7,78.3,0.0,64.4,7.73,0.9,1526.5
Cotton,Seedling,loamy,34.4,59.5,0.3,48.8,8.6,1.15,4136.6
Cotton,Seedling,loamy,25.2,32.8,1.8,28.7,4.61,1.15,2924.2
Cotton,Flowering,sandy,40.5,40.1,0.0,53.7,5.38,1.15,5704.9
Groundnut,Maturity,loamy,36.2,48.5,0.0,19.6,7.79,0.85,4091.9
Tomato,Flowering,sandy,19.2,51.3,0.0,39.9,5.01,1.0,3776.1
Rice,Maturity,clay,18.9,73.8,10.4,26.7,5.63,1.35,2325.6
Sugarcane,Maturity,sandy,33.4,28.9,0.4,44.7,8.35,1.45,9883.9
Tomato,Flowering,sandy,39.8,79.4,3.8,22.6,0.65,1.0,678.6
Tomato,Fruiting,clay,39.5,54.1,0.0,44.5,1.29,1.0,813.9
Rice,Vegetative,loamy,35.2,84.2,1.5,30.1,5.84,1.35,6577.6
Rice,Vegetative,sandy,27.4,67.0,2.0,36.7,3.74,1.35,4498.9
Tomato,Vegetative,sandy,24.8,85.8,4.1,55.0,8.77,1.0,2694.4
Groundnut,Maturity,loamy,24.6,62.0,0.0,22.3,1.84,0.85,850.9
Sugarcane,Seedling,clay,23.6,32.4,0.0,61.5,4.04,1.45,1497.9
Tomato,Flowering,clay,22.6,29.5,0.0,52.4,1.29,1.0,545.9
Cotton,Fruiting,clay,32.1,74.4,0.7,71.1,5.23,1.15,1956.8
Cotton,Flowering,loamy,29.9,86.2,0.0,75.7,3.57,1.15,1019.3
Maize,Seedling,sandy,19.0,27.1,0.0,51.2,5.19,1.05,1913.2
Sugarcane,Fruiting,clay,25.0,80.3,2.1,47.1,1.3,1.45,1298.7
Rice,Fruiting,clay,37.1,31.1,0.0,47.9,0.92,1.35,936.8
Wheat,Flowering,clay,29.0,84.0,0.6,19.8,2.62,0.9,1708.0
Tomato,Flowering,loamy,27.2,43.7,1.2,47.1,4.46,1.0,2336.3
Maize,Flowering,clay,32.2,56.6,0.0,42.8,1.68,1.05,1043.1
Groundnut,Seedling,sandy,25.8,40.1,1.1,27.7,1.74,0.85,660.2
Groundnut,Fruiting,loamy,37.0,31.8,0.0,32.1,5.97,0.85,4256.9
Maize,Fruiting,loamy,32.9,27.5,0.0,50.8,3.31,1.05,2397.9
Groundnut,Vegetative,clay,18.6,51.4,0.0,26.2,2.9,0.85,1226.2
Cotton,Fruiting,silt,34.5,46.9,0.4,28.7,1.79,1.15,2623.6
Cotton,Seedling,silt,21.6,77.7,0.0,50.0,1.07,1.15,428.8
Rice,Maturity,sandy,28.2,37.4,0.0,64.9,3.01,1.35,1553.2
Wheat,Vegetative,silt,18.1,85.7,0.0,70.6,4.94,0.9,739.1
Groundnut,Seedling,clay,26.5,40.6,0.0,51.9,3.4,0.85,613.8
Maize,Flowering,loamy,27.4,87.7,0.0,15.5,5.94,1.05,6223.2
Cotton,Seedling,loamy,36.0,87.7,11.3,62.1,5.54,1.15,50.0
Sugarcane,Flowering,clay,25.8,80.7,0.0,34.0,4.84,1.45,5920.5
Tomato,Seedling,loamy,38.0,65.4,0.0,21.9,4.34,1.0,2280.3
Cotton,Vegetative,clay,34.9,73.5,0.0,44.9,2.5,1.15,1767.3
Sugarcane,Fruiting,silt,36.5,78.5,0.0,35.1,0.79,1.45,1360.5
Groundnut,Maturity,loamy,18.9,41.9,4.2,62.4,9.96,0.85,319.2
Rice,Seedling,silt,39.6,28.3,4.5,26.3,9.88,1.35,6967.6
Tomato,Vegetative,clay,24.8,28.5,4.1,28.2,1.38,1.0,606.5
Wheat,Flowering,silt,23.2,30.5,0.0,37.8,5.75,0.9,3084.8
Maize,Vegetative,silt,31.4,41.1,0.0,64.2,8.45,1.05,2882.8
Maize,Vegetative,loamy,35.0,64.8,0.0,71.5,5.65,1.05,1439.3
Tomato,Maturity,sandy,27.4,55.7,0.0,17.9,5.65,1.0,4536.1
Tomato,Seedling,loamy,33.9,52.9,0.0,62.1,7.16,1.0,1491.4
Groundnut,Seedling,silt,39.2,85.9,1.5,30.2,8.39,0.85,2318.5
Tomato,Flowering,silt,23.4,70.9,0.0,61.7,2.47,1.0,833.0
Tomato,Maturity,loamy,28.8,32.3,4.1,24.7,4.52,1.0,2099.0
Cotton,Maturity,clay,22.6,83.1,0.0,21.8,7.96,1.15,6087.3
Wheat,Vegetative,loamy,21.8,37.1,0.0,24.9,4.24,0.9,2645.8
Maize,Maturity,sandy,36.7,61.0,3.6,25.5,0.62,1.05,487.4
Maize,Flowering,clay,28.6,67.2,0.0,70.3,9.45,1.05,2420.9
Tomato,Fruiting,clay,35.0,80.9,15.2,26.8,4.89,1.0,1497.4
Maize,Flowering,clay,39.8,68.6,0.0,18.0,9.35,1.05,9470.7
Tomato,Fruiting,clay,30.9,71.2,0.0,64.7,7.9,1.0,2535.7
Wheat,Fruiting,loamy,22.2,64.7,1.1,40.9,6.14,0.9,3500.5
Groundnut,Seedling,clay,29.9,52.8,0.0,23.5,7.31,0.85,2274.6
Tomato,Seedling,silt,28.4,47.3,10.7,45.6,9.41,1.0,50.0
Groundnut,Vegetative,clay,18.9,71.8,0.0,51.1,1.53,0.85,385.7
Maize,Flowering,clay,38.6,28.9,0.0,78.8,4.06,1.05,660.2
Sugarcane,Seedling,sandy,34.6,28.0,0.0,21.3,2.74,1.45,3801.5
Cotton,Seedling,sandy,25.5,66.2,0.0,54.2,4.43,1.15,2217.3
Cotton,Maturity,sandy,34.4,46.9,0.0,75.3,6.48,1.15,1826.1
Maize,Flowering,sandy,22.2,66.3,0.0,67.5,4.91,1.05,1971.5
Rice,Maturity,clay,41.8,65.5,0.1,35.8,2.36,1.35,1900.8
Maize,Seedling,silt,23.7,84.0,0.0,42.0,6.49,1.05,2299.2
Groundnut,Seedling,silt,39.2,39.5,0.0,43.6,8.07,0.85,2157.7
Wheat,Maturity,silt,28.3,72.4,0.0,72.5,9.15,0.9,1120.7
Groundnut,Fruiting,loamy,41.6,49.3,0.0,71.2,7.19,0.85,1759.0
Maize,Seedling,sandy,41.3,47.4,0.0,39.9,0.51,1.05,295.8
Tomato,Fruiting,sandy,26.3,58.9,1.6,51.6,1.68,1.0,1105.7
Maize,Flowering,loamy,28.4,45.2,0.0,32.5,1.43,1.05,1245.2
Wheat,Fruiting,loamy,18.8,48.3,0.0,39.6,8.78,0.9,5178.0
Tomato,Maturity,silt,36.2,51.9,1.9,28.1,1.97,1.0,1000.6
Maize,Seedling,loamy,23.7,52.9,0.0,23.7,5.47,1.05,2922.9
Cotton,Fruiting,sandy,26.3,26.1,1.0,55.1,2.14,1.15,2302.9
Maize,Fruiting,clay,41.2,43.3,0.0,40.1,7.16,1.05,5995.9
Cotton,Maturity,clay,24.4,63.4,0.6,34.1,6.28,1.15,4025.2
Maize,Seedling,clay,27.7,87.9,0.0,37.4,6.86,1.05,2382.4
Rice,Fruiting,loamy,23.9,29.2,0.0,41.4,7.94,1.35,9737.8
Rice,Seedling,loamy,24.2,44.5,0.0,60.8,6.99,1.35,2383.1
Groundnut,Vegetative,clay,39.0,46.2,0.5,44.1,2.06,0.85,682.3
Cotton,Flowering,clay,27.2,64.6,0.0,25.2,9.24,1.15,10113.8
Wheat,Flowering,sandy,19.0,79.5,0.0,29.6,1.15,0.9,896.7
Maize,Fruiting,sandy,35.5,40.4,0.0,33.5,4.09,1.05,5316.5
Cotton,Seedling,clay,39.4,56.5,0.0,62.1,3.36,1.15,1013.1
Groundnut,Vegetative,clay,33.5,87.8,0.0,34.6,0.79,0.85,313.8
Sugarcane,Seedling,loamy,40.9,67.3,3.9,47.0,3.99,1.45,2212.4
Sugarcane,Flowering,clay,32.7,52.8,0.0,53.5,3.83,1.45,3355.6
Tomato,Fruiting,clay,29.3,54.9,3.4,52.8,2.79,1.0,1009.1
Tomato,Vegetative,loamy,22.3,76.2,0.0,51.0,6.5,1.0,2753.7
Cotton,Flowering,clay,36.0,66.0,1.3,41.6,6.78,1.15,5749.4
Groundnut,Vegetative,sandy,27.4,50.7,1.9,36.3,9.86,0.85,4980.7
Rice,Seedling,sandy,29.8,30.9,0.0,25.1,9.66,1.35,9544.0
Maize,Flowering,clay,33.4,59.7,0.0,15.0,7.75,1.05,7725.2
Wheat,Seedling,clay,35.7,84.8,0.0,79.8,7.46,0.9,430.3
Tomato,Vegetative,clay,23.3,35.1,0.0,25.7,5.48,1.0,3351.2
Sugarcane,Vegetative,loamy,37.6,49.3,6.6,32.6,0.91,1.45,1093.6
Tomato,Maturity,sandy,40.8,88.9,0.0,54.5,4.13,1.0,1789.2
Sugarcane,Flowering,sandy,23.2,60.9,0.0,28.1,5.47,1.45,11005.2
Wheat,Seedling,loamy,23.6,28.1,3.0,26.8,3.58,0.9,1048.4
Cotton,Flowering,silt,26.4,63.9,0.0,71.1,3.28,1.15,1213.2
Groundnut,Seedling,clay,32.5,56.8,0.0,48.5,8.36,0.85,1656.9
Sugarcane,Flowering,loamy,39.7,35.9,0.0,53.8,8.68,1.45,9462.2
Groundnut,Fruiting,silt,21.4,46.2,0.1,40.7,9.44,0.85,4788.6
Rice,Seedling,silt,28.9,58.6,0.0,69.3,6.38,1.35,1602.2
Cotton,Vegetative,sandy,27.5,76.5,0.0,55.4,7.17,1.15,5368.2
Sugarcane,Vegetative,clay,36.1,36.1,0.0,79.0,7.33,1.45,1798.4
Groundnut,Seedling,loamy,23.9,44.3,0.0,46.9,7.32,0.85,1727.8
Cotton,Flowering,clay,21.6,28.8,7.2,33.9,2.46,1.15,1744.0
Groundnut,Seedling,sandy,31.8,73.1,0.0,78.3,6.26,0.85,526.8
Cotton,Fruiting,clay,40.0,87.1,9.2,30.1,3.33,1.15,3256.0
Cotton,Fruiting,clay,23.6,65.7,8.9,67.2,5.03,1.15,665.1
Tomato,Fruiting,silt,19.3,41.6,0.0,74.6,5.25,1.0,1133.2
Maize,Vegetative,sandy,37.0,52.9,18.6,21.0,1.22,1.05,648.5
Rice,Fruiting,loamy,37.1,36.9,0.0,27.6,5.0,1.35,9122.0
Sugarcane,Maturity,sandy,23.8,88.2,0.0,46.1,7.61,1.45,7288.3
Wheat,Seedling,silt,25.8,76.2,0.0,39.0,2.45,0.9,738.7
Cotton,Flowering,loamy,35.4,60.7,0.0,74.0,4.46,1.15,1537.6
Sugarcane,Seedling,sandy,22.3,48.6,0.0,25.6,5.71,1.45,6376.7
Tomato,Fruiting,silt,32.0,27.8,0.0,36.8,1.9,1.0,1534.3
Groundnut,Vegetative,loamy,30.2,63.0,0.0,46.8,5.6,0.85,2047.3
Groundnut,Fruiting,silt,40.8,72.0,0.0,59.6,9.11,0.85,3362.6
Tomato,Flowering,loamy,30.7,58.0,0.0,21.5,7.99,1.0,6996.7
Wheat,Vegetative,silt,28.3,30.1,0.0,19.4,9.12,0.9,6112.7
Cotton,Fruiting,loamy,21.1,63.5,3.9,70.6,9.11,1.15,2704.3
Groundnut,Maturity,clay,35.9,66.2,0.0,58.1,3.61,0.85,730.6
Tomato,Vegetative,silt,34.7,79.1,0.0,22.7,7.23,1.0,5277.8
Sugarcane,Vegetative,clay,28.7,45.3,0.0,39.6,6.52,1.45,6503.9
Sugarcane,Maturity,sandy,19.7,42.5,0.0,51.5,9.39,1.45,8361.8
Groundnut,Seedling,clay,27.3,68.5,0.0,64.6,5.95,0.85,672.5
Groundnut,Vegetative,sandy,31.4,41.5,0.0,49.0,0.57,0.85,262.9
Wheat,Seedling,silt,32.9,63.0,0.0,70.1,2.12,0.9,263.6
Maize,Vegetative,clay,34.4,87.8,1.6,73.3,0.86,1.05,105.3
Groundnut,Fruiting,silt,39.7,27.5,2.5,19.6,8.93,0.85,6780.4
Cotton,Flowering,clay,39.4,55.4,0.0,59.7,9.8,1.15,5863.8
Cotton,Fruiting,silt,37.1,65.4,1.3,17.6,2.08,1.15,3423.4
Cotton,Vegetative,loamy,33.0,34.0,0.0,76.6,1.78,1.15,448.1
Tomato,Flowering,sandy,38.9,86.1,0.3,77.3,1.29,1.0,272.1
Sugarcane,Seedling,clay,21.9,38.1,0.0,54.5,7.78,1.45,3424.6
Sugarcane,Flowering,loamy,23.4,45.1,4.2,55.4,6.1,1.45,4720.9
Maize,Flowering,silt,33.6,40.9,8.2,57.7,8.02,1.05,1582.7
Groundnut,Vegetative,clay,38.4,44.2,0.0,33.3,8.95,0.85,4248.4
Maize,Seedling,silt,38.3,67.3,11.1,28.8,5.84,1.05,708.8
Cotton,Vegetative,clay,39.3,54.2,0.0,43.5,4.12,1.15,3181.7
Tomato,Flowering,loamy,32.6,32.5,0.0,35.8,1.39,1.0,1060.9
Sugarcane,Fruiting,sandy,24.9,44.3,2.2,66.3,3.51,1.45,2980.7
Maize,Vegetative,silt,30.4,53.9,0.0,46.4,8.41,1.05,4586.1
Rice,Flowering,silt,35.2,82.2,0.0,27.0,7.72,1.35,10891.2
Maize,Seedling,loamy,39.9,59.2,0.0,20.9,2.44,1.05,1485.9
Tomato,Fruiting,silt,28.4,61.8,0.0,51.2,0.83,1.0,444.1
Groundnut,Vegetative,sandy,18.3,62.6,11.4,31.5,0.5,0.85,85.6
Cotton,Fruiting,sandy,32.8,45.9,3.0,24.3,4.05,1.15,8043.3
Wheat,Seedling,clay,20.5,83.8,0.0,66.6,2.94,0.9,329.8
Groundnut,Maturity,loamy,19.1,87.2,1.9,49.6,8.11,0.85,1568.4
Cotton,Vegetative,loamy,18.9,79.0,0.0,37.9,1.23,1.15,1013.5
Groundnut,Flowering,silt,39.9,72.5,0.0,56.0,4.56,0.85,1588.0
Groundnut,Maturity,clay,21.8,43.1,0.0,63.8,2.62,0.85,396.8
Groundnut,Seedling,silt,29.6,62.3,0.6,41.7,8.18,0.85,1852.8
Wheat,Seedling,silt,41.7,86.9,0.0,67.1,7.35,0.9,1086.9
Cotton,Flowering,clay,32.3,66.4,0.0,62.6,2.72,1.15,1321.4
Wheat,Flowering,sandy,25.4,49.6,0.0,29.8,1.47,0.9,1215.1
Groundnut,Seedling,clay,28.2,27.6,0.0,24.9,2.14,0.85,634.8
Maize,Flowering,clay,23.7,25.3,0.7,61.8,4.54,1.05,1553.8
Maize,Flowering,clay,27.0,56.2,0.0,29.4,0.51,1.05,388.9
Tomato,Vegetative,loamy,25.9,55.8,0.3,34.0,3.31,1.0,2018.1
Sugarcane,Maturity,silt,20.5,59.6,0.0,51.8,7.38,1.45,4562.9
Cotton,Seedling,clay,32.8,82.1,2.1,39.5,1.8,1.15,741.1
Sugarcane,Flowering,sandy,27.2,33.6,0.0,38.1,0.79,1.45,1454.3
Rice,Maturity,sandy,19.9,86.7,0.0,40.9,8.2,1.35,7137.2
Maize,Flowering,loamy,36.3,75.1,3.8,41.3,7.87,1.05,4736.7
Wheat,Vegetative,sandy,32.5,25.6,0.0,77.8,2.22,0.9,349.9
Wheat,Vegetative,silt,36.8,26.5,0.0,63.8,7.72,0.9,2103.4
Cotton,Vegetative,sandy,37.3,66.5,0.2,79.3,2.37,1.15,574.1
Cotton,Fruiting,sandy,32.1,49.2,0.0,26.8,9.63,1.15,19503.6
Wheat,Seedling,silt,24.4,41.9,0.0,43.2,5.21,0.9,1442.6
Wheat,Vegetative,clay,37.4,40.8,0.0,54.6,8.81,0.9,2802.1
Maize,Seedling,clay,29.5,53.1,0.0,34.2,0.99,1.05,405.4
Wheat,Vegetative,sandy,39.4,50.7,0.0,57.3,4.43,0.9,1975.3
Rice,Fruiting,sandy,39.5,51.1,1.7,54.9,0.78,1.35,981.1
Wheat,Seedling,silt,29.6,47.9,2.4,37.6,7.32,0.9,1659.9
Wheat,Maturity,loamy,23.9,26.1,0.0,60.1,2.54,0.9,584.8
Rice,Fruiting,loamy,33.8,53.6,0.0,22.5,7.92,1.35,14863.8
Cotton,Seedling,loamy,27.4,43.2,0.0,56.5,5.87,1.15,2353.4
Maize,Seedling,clay,25.6,34.1,0.3,25.5,0.79,1.05,342.6
Rice,Seedling,sandy,18.2,69.3,0.0,38.3,5.06,1.35,3734.4
Wheat,Vegetative,silt,21.4,42.4,0.0,24.4,7.69,0.9,4471.8
Sugarcane,Seedling,sandy,26.0,62.9,0.0,24.7,5.12,1.45,6034.0
Tomato,Vegetative,loamy,33.3,35.5,0.0,64.0,1.12,1.0,353.0
Sugarcane,Seedling,loamy,21.5,82.4,0.0,49.3,4.1,1.45,2340.6
Cotton,Flowering,sandy,19.8,84.8,0.0,49.8,6.47,1.15,6083.0
Wheat,Vegetative,loamy,35.0,29.6,0.0,33.1,8.69,0.9,5133.8
Cotton,Flowering,silt,29.6,51.4,0.0,75.7,5.58,1.15,1638.4
Tomato,Vegetative,silt,21.4,58.3,0.0,78.9,1.99,1.0,222.4
Tomato,Vegetative,sandy,31.0,85.9,0.0,34.4,6.6,1.0,4789.4
Tomato,Fruiting,silt,29.2,64.6,1.9,79.1,3.99,1.0,358.8
Maize,Vegetative,silt,29.4,50.3,1.5,38.4,8.95,1.05,5116.8
Sugarcane,Flowering,loamy,39.0,57.6,0.0,38.1,4.57,1.45,7137.8
Tomato,Seedling,loamy,40.4,85.4,0.0,18.5,3.02,1.0,1552.7
Rice,Flowering,sandy,40.4,40.6,0.0,20.0,6.29,1.35,14585.8
Wheat,Vegetative,silt,30.7,56.3,0.3,73.6,6.49,0.9,899.5
Maize,Vegetative,clay,35.7,60.2,0.0,51.5,6.16,1.05,2656.8
Wheat,Fruiting,clay,34.7,76.5,0.0,77.1,9.11,0.9,1357.6
Groundnut,Seedling,loamy,39.8,85.5,7.9,70.3,9.51,0.85,50.0
Tomato,Maturity,silt,32.4,33.5,3.1,46.9,6.39,1.0,1804.1
Rice,Vegetative,sandy,28.8,25.8,5.2,68.9,5.64,1.35,1862.1
Groundnut,Seedling,silt,32.8,61.0,0.0,54.1,6.78,0.85,1309.1
Rice,Fruiting,sandy,39.5,28.5,3.3,20.1,4.76,1.35,11634.0
Rice,Vegetative,clay,19.6,72.5,0.0,21.9,7.46,1.35,7314.7
Groundnut,Flowering,loamy,33.4,42.6,5.5,25.3,7.93,0.85,3776.4
Groundnut,Fruiting,clay,26.7,78.0,0.0,26.0,7.21,0.85,4355.2
Tomato,Fruiting,loamy,19.8,55.9,0.0,17.9,3.94,1.0,3948.2
Tomato,Seedling,loamy,18.4,64.6,6.2,29.4,6.28,1.0,1123.3
Wheat,Vegetative,loamy,41.8,56.5,0.0,51.1,6.52,0.9,2750.4
Maize,Maturity,clay,32.6,46.5,2.5,44.4,1.36,1.05,465.4
Sugarcane,Maturity,loamy,41.0,80.6,0.0,37.6,9.95,1.45,10407.4
Maize,Seedling,silt,21.5,40.4,0.0,19.8,4.31,1.05,2269.2
Tomato,Maturity,silt,39.1,34.9,0.0,50.3,8.2,1.0,3192.6
Maize,Seedling,silt,31.7,61.9,4.0,55.7,3.17,1.05,445.6
Maize,Vegetative,silt,39.2,87.1,0.0,48.1,2.24,1.05,1204.5
Maize,Vegetative,silt,24.9,83.9,1.6,54.0,1.69,1.05,609.0
Sugarcane,Fruiting,clay,20.7,49.8,0.0,78.2,7.49,1.45,2298.8
Wheat,Maturity,loamy,22.7,37.8,16.0,69.5,4.97,0.9,50.0
Maize,Seedling,sandy,23.8,64.6,8.1,27.1,8.47,1.05,2809.5
Sugarcane,Maturity,sandy,30.3,80.4,3.6,25.3,4.42,1.45,6240.2
Tomato,Maturity,sandy,30.2,71.1,0.0,55.9,7.99,1.0,3121.4
Rice,Flowering,loamy,39.7,86.5,0.0,32.6,5.65,1.35,7547.6
Maize,Seedling,sandy,35.4,64.8,0.4,56.6,8.23,1.05,2789.2
Groundnut,Fruiting,clay,31.6,75.7,0.0,27.4,9.2,0.85,5559.5
Maize,Flowering,clay,22.4,88.2,0.0,15.9,3.87,1.05,3332.6
Maize,Seedling,silt,34.0,47.8,0.0,68.6,7.39,1.05,1303.5
Tomato,Maturity,silt,39.6,55.4,0.0,74.1,0.74,1.0,113.5
Groundnut,Maturity,loamy,40.0,41.6,2.8,56.0,1.67,0.85,290.6
Rice,Vegetative,loamy,24.8,42.4,7.4,19.2,3.06,1.35,3293.1
Maize,Maturity,loamy,28.8,67.3,5.9,48.4,6.79,1.05,1480.2
Tomato,Seedling,sandy,23.2,36.5,0.0,30.2,2.24,1.0,1198.2
Maize,Vegetative,clay,28.3,40.2,0.0,66.2,7.3,1.05,1916.7
Maize,Flowering,silt,32.6,65.7,0.0,29.8,4.95,1.05,4387.9
Sugarcane,Vegetative,loamy,20.2,89.8,0.0,41.4,5.7,1.45,5662.6
Cotton,Flowering,silt,39.3,62.4,0.0,58.9,4.26,1.15,2823.9
Rice,Seedling,clay,24.7,72.5,3.0,32.0,5.17,1.35,2364.2
Wheat,Seedling,silt,22.5,59.7,0.0,65.8,7.8,0.9,1037.3
Groundnut,Flowering,silt,40.6,65.7,0.0,21.8,8.79,0.85,5804.4
Wheat,Fruiting,silt,35.2,82.3,0.3,40.8,9.14,0.9,5648.8
Rice,Maturity,loamy,29.1,36.0,0.0,74.9,1.51,1.35,365.2
Groundnut,Flowering,silt,40.0,32.5,0.0,65.4,3.01,0.85,760.5
Tomato,Seedling,sandy,33.5,29.0,2.4,68.3,4.12,1.0,515.2
Cotton,Seedling,silt,33.8,55.3,0.0,56.9,4.03,1.15,1528.4
Maize,Flowering,clay,36.2,82.8,0.0,79.4,1.78,1.05,250.4
Groundnut,Vegetative,silt,26.8,82.5,4.9,76.0,1.23,0.85,50.0
Sugarcane,Vegetative,loamy,24.5,39.2,0.0,45.5,1.24,1.45,1257.5
Cotton,Flowering,sandy,19.5,72.7,2.7,50.1,2.24,1.15,1882.9
Tomato,Vegetative,silt,29.1,34.7,4.5,63.0,5.05,1.0,717.2
Groundnut,Seedling,sandy,27.5,63.9,0.0,63.2,7.12,0.85,1278.5
Sugarcane,Seedling,loamy,35.4,70.0,0.0,41.2,4.98,1.45,3881.6
Rice,Maturity,loamy,40.3,62.6,0.0,79.4,8.32,1.35,1534.8
Maize,Fruiting,clay,39.0,59.2,7.7,19.0,5.02,1.05,4431.9
Maize,Maturity,sandy,34.2,85.6,0.0,58.9,6.44,1.05,2611.4
Groundnut,Fruiting,silt,34.8,41.5,0.0,45.2,7.16,0.85,3803.0
Tomato,Vegetative,clay,28.8,29.0,0.0,70.2,1.82,1.0,365.1
Groundnut,Fruiting,clay,39.9,62.2,2.3,69.6,7.58,0.85,1073.2
Maize,Flowering,silt,39.4,81.5,0.0,63.8,2.43,1.05,981.4
Sugarcane,Flowering,silt,39.6,79.0,0.0,71.5,1.11,1.45,575.5
Maize,Vegetative,sandy,29.6,49.3,0.0,75.7,1.92,1.05,458.7
Sugarcane,Flowering,silt,27.3,40.6,1.6,78.1,5.95,1.45,1511.9
Sugarcane,Seedling,silt,28.4,56.6,1.3,47.0,2.4,1.45,1337.9
Rice,Fruiting,sandy,39.6,77.7,0.0,63.8,2.34,1.35,2121.8
Cotton,Flowering,clay,37.8,30.1,0.0,15.1,9.81,1.15,14793.4
Sugarcane,Fruiting,silt,34.5,89.7,0.0,47.2,4.6,1.45,5994.5
Maize,Seedling,clay,19.5,86.3,14.6,36.8,1.59,1.05,50.0
Maize,Maturity,loamy,19.3,49.3,4.5,55.9,6.77,1.05,1215.5
Sugarcane,Maturity,silt,20.5,28.4,0.0,42.4,7.65,1.45,6452.6
Maize,Maturity,clay,34.4,53.6,0.0,28.2,3.28,1.05,1932.7
Groundnut,Fruiting,clay,37.6,76.6,4.6,66.8,9.23,0.85,710.2
Cotton,Seedling,sandy,24.9,32.3,0.0,25.7,9.18,1.15,8790.2
Tomato,Seedling,silt,41.4,55.5,0.0,24.0,9.72,1.0,4753.6
Rice,Fruiting,silt,32.9,89.4,6.0,35.8,5.93,1.35,6750.2
Maize,Fruiting,loamy,30.5,68.4,5.6,25.9,0.69,1.05,660.5
Wheat,Fruiting,loamy,34.8,48.9,0.0,70.4,2.14,0.9,602.6
Sugarcane,Seedling,sandy,26.4,39.6,0.0,16.7,7.06,1.45,9742.6
Cotton,Maturity,silt,18.3,82.3,0.0,43.8,2.28,1.15,1322.0
Sugarcane,Fruiting,sandy,22.8,54.0,0.0,68.8,3.13,1.45,2546.1
Sugarcane,Vegetative,clay,21.5,44.9,5.1,41.5,3.37,1.45,2580.5
Groundnut,Vegetative,sandy,38.6,35.1,0.0,65.2,2.58,0.85,753.1
Cotton,Flowering,loamy,34.6,40.9,0.0,23.9,5.35,1.15,7878.9
Cotton,Maturity,clay,23.3,27.6,2.8,37.3,5.35,1.15,2894.5
Wheat,Vegetative,sandy,34.0,25.9,0.0,67.8,5.55,0.9,1545.0
Sugarcane,Seedling,clay,30.1,72.3,2.3,38.6,8.66,1.45,4895.2
Maize,Vegetative,silt,28.0,74.7,0.0,64.3,3.57,1.05,1072.1
Wheat,Fruiting,loamy,23.7,41.7,0.0,26.2,1.49,0.9,1238.5
Tomato,Seedling,loamy,26.8,60.7,0.0,80.0,3.33,1.0,238.5
Sugarcane,Seedling,sandy,40.3,32.8,0.1,66.8,6.89,1.45,3322.6
Tomato,Flowering,silt,39.3,75.2,9.1,55.8,1.87,1.0,251.7
Maize,Seedling,loamy,34.1,57.2,0.0,17.6,1.58,1.05,990.6
Cotton,Seedling,sandy,26.0,79.6,0.0,56.3,9.49,1.15,4432.6
Sugarcane,Flowering,loamy,18.3,58.6,0.0,51.8,0.6,1.45,591.0
Wheat,Fruiting,loamy,24.6,57.5,0.0,49.9,7.11,0.9,3500.8
Groundnut,Vegetative,clay,18.2,76.9,0.0,53.3,1.03,0.85,235.8
Groundnut,Flowering,loamy,38.2,47.5,0.0,77.9,9.52,0.85,1246.5
Wheat,Fruiting,clay,23.1,74.7,0.0,72.5,2.85,0.9,516.3
Sugarcane,Flowering,loamy,28.4,31.1,4.5,66.7,2.06,1.45,1043.7
Sugarcane,Seedling,loamy,29.2,79.8,0.0,26.9,6.9,1.45,6935.5
Tomato,Fruiting,sandy,39.6,57.9,0.0,17.1,0.77,1.0,1196.3
Wheat,Maturity,silt,40.8,70.7,10.4,60.1,8.67,0.9,50.0
Groundnut,Fruiting,loamy,21.2,49.3,0.0,22.1,4.04,0.85,2981.4
Cotton,Maturity,clay,33.2,74.6,0.0,38.7,6.47,1.15,4047.8
Groundnut,Seedling,silt,27.5,89.4,0.0,49.9,4.89,0.85,959.7
Wheat,Fruiting,loamy,41.9,68.3,1.1,49.2,1.12,0.9,594.0
Wheat,Fruiting,clay,41.2,52.7,0.0,63.4,8.67,0.9,2791.2
Groundnut,Maturity,loamy,27.9,60.5,0.0,73.9,8.31,0.85,891.6
Cotton,Vegetative,clay,28.5,34.7,0.0,70.1,4.87,1.15,1545.4
Groundnut,Flowering,sandy,23.5,37.4,0.0,17.9,2.6,0.85,2300.8
Sugarcane,Flowering,loamy,35.1,58.2,0.0,34.0,7.45,1.45,12770.0
Rice,Fruiting,loamy,40.5,68.3,0.2,27.4,2.83,1.35,4973.2
Rice,Flowering,clay,29.8,48.5,18.0,53.4,6.98,1.35,589.2
Maize,Fruiting,loamy,37.5,79.4,0.0,72.8,5.48,1.05,1725.4
Maize,Fruiting,clay,35.4,35.4,0.0,44.9,1.78,1.05,1240.0
Rice,Seedling,sandy,33.4,28.3,2.3,39.8,3.87,1.35,2835.2
Cotton,Maturity,silt,41.9,44.4,0.0,36.1,1.35,1.15,1159.5
Groundnut,Maturity,sandy,26.0,60.5,0.0,36.1,6.51,0.85,2927.3
Tomato,Seedling,silt,31.7,73.7,3.9,31.6,4.91,1.0,1303.4
Sugarcane,Vegetative,clay,23.3,64.5,0.0,46.6,9.62,1.45,7892.5
Cotton,Seedling,loamy,37.1,34.9,1.6,70.2,3.57,1.15,660.1
Cotton,Maturity,clay,33.1,56.3,0.0,70.3,8.13,1.15,2041.0
Cotton,Vegetative,clay,38.0,56.9,0.0,24.2,7.07,1.15,7366.7
Maize,Flowering,loamy,22.2,53.2,3.4,41.3,1.97,1.05,1116.1
Sugarcane,Flowering,clay,30.6,27.3,0.0,36.3,5.94,1.45,7894.5
Wheat,Maturity,loamy,41.8,54.6,6.7,47.9,9.68,0.9,1292.9
Wheat,Flowering,silt,38.5,73.0,0.0,33.4,9.69,0.9,6307.2
Cotton,Flowering,silt,24.1,80.4,5.1,15.1,5.77,1.15,7067.8
Cotton,Vegetative,loamy,26.6,80.1,0.0,17.9,4.16,1.15,5257.8
Tomato,Flowering,loamy,20.2,28.6,0.0,78.9,2.42,1.0,336.0
Sugarcane,Maturity,clay,24.0,84.9,0.0,78.8,8.16,1.45,1389.5
Sugarcane,Fruiting,sandy,32.8,85.3,0.0,44.5,3.13,1.45,5420.9
Sugarcane,Maturity,loamy,29.3,74.1,0.0,35.1,5.84,1.45,6058.9
Rice,Flowering,loamy,20.9,28.8,0.0,21.7,8.65,1.35,13186.6
Groundnut,Vegetative,sandy,24.6,63.1,3.8,30.7,4.59,0.85,2193.6
Maize,Maturity,loamy,35.0,27.8,0.8,66.6,8.0,1.05,1900.9
Groundnut,Flowering,clay,20.0,78.9,0.0,20.8,8.32,0.85,4354.3
Cotton,Flowering,clay,28.7,78.2,5.2,24.9,4.2,1.15,3905.4
Groundnut,Flowering,silt,35.7,87.9,0.0,60.0,8.96,0.85,2686.7
Wheat,Vegetative,sandy,22.5,81.7,0.0,39.1,2.53,0.9,1426.9
Rice,Vegetative,silt,41.0,41.4,0.0,20.6,2.99,1.35,4203.5
Rice,Fruiting,silt,41.2,57.8,2.1,58.0,4.87,1.35,3842.3
Tomato,Vegetative,loamy,39.1,66.8,0.0,33.0,8.86,1.0,6221.8
Tomato,Maturity,clay,18.4,34.9,0.0,19.3,2.29,1.0,1195.9
Cotton,Seedling,loamy,38.9,75.4,0.0,59.6,9.77,1.15,3450.3
Cotton,Maturity,sandy,41.4,45.5,2.0,52.7,1.06,1.15,720.5
Wheat,Seedling,silt,25.2,62.4,3.2,26.6,5.74,0.9,1386.5
Wheat,Fruiting,sandy,39.3,84.1,0.0,34.3,1.3,0.9,1232.1
Sugarcane,Maturity,clay,23.1,75.2,0.7,21.5,3.04,1.45,3049.3
Wheat,Seedling,clay,31.0,44.5,0.0,52.6,1.58,0.9,321.4
Sugarcane,Fruiting,sandy,29.8,84.9,2.3,43.5,8.3,1.45,14257.2
Maize,Vegetative,clay,31.5,90.0,0.0,46.9,3.87,1.05,1860.2
Maize,Flowering,sandy,29.0,29.4,4.0,31.3,3.86,1.05,3864.2
Sugarcane,Flowering,loamy,31.3,25.3,0.0,34.3,7.83,1.45,13188.6
Sugarcane,Vegetative,sandy,18.8,54.1,4.0,41.7,9.45,1.45,11021.7
Groundnut,Fruiting,sandy,31.9,57.5,12.4,73.2,7.07,0.85,50.0
Wheat,Vegetative,silt,21.2,58.6,0.0,37.3,8.64,0.9,3989.6
Wheat,Maturity,loamy,18.6,84.7,0.0,64.5,1.26,0.9,229.6
Sugarcane,Flowering,sandy,26.6,82.3,0.0,33.0,0.51,1.45,957.4
Sugarcane,Vegetative,sandy,23.9,51.6,3.8,77.8,1.68,1.45,356.3
Sugarcane,Seedling,silt,18.4,83.4,0.0,18.9,2.66,1.45,2362.3
Cotton,Seedling,clay,36.6,30.5,6.8,71.2,3.46,1.15,50.0
Maize,Flowering,loamy,22.2,66.0,3.6,79.1,1.11,1.05,50.0
Rice,Flowering,silt,35.7,84.6,0.4,79.1,0.64,1.35,153.7
Groundnut,Fruiting,loamy,21.1,25.1,0.0,75.3,3.67,0.85,586.3
Groundnut,Maturity,clay,26.7,39.6,0.0,77.5,2.93,0.85,208.5
Groundnut,Maturity,loamy,22.8,51.5,1.8,24.7,0.54,0.85,202.2
Sugarcane,Maturity,loamy,24.1,39.6,0.2,57.7,5.3,1.45,3189.8
Wheat,Fruiting,silt,33.7,58.5,0.0,38.7,7.17,0.9,4649.3
Tomato,Flowering,clay,27.4,87.1,0.0,57.6,2.07,1.0,723.7
Cotton,Vegetative,clay,37.9,85.1,3.5,73.2,8.03,1.15,1143.2
Rice,Maturity,loamy,24.4,68.0,3.3,57.6,9.28,1.35,3487.0
Wheat,Fruiting,silt,40.2,57.7,0.0,42.7,2.7,0.9,1702.5
Cotton,Flowering,sandy,26.6,55.2,1.1,51.2,8.51,1.15,8506.6
Cotton,Vegetative,loamy,41.5,78.9,0.0,43.9,9.84,1.15,8532.0
Maize,Vegetative,loamy,40.6,58.6,0.0,32.4,4.14,1.05,3282.8
Rice,Seedling,silt,33.4,46.7,0.0,47.0,9.42,1.35,5298.9
Maize,Vegetative,sandy,30.6,68.7,6.3,54.9,1.0,1.05,351.9
Maize,Vegetative,silt,33.4,54.6,2.8,67.1,7.95,1.05,1526.0
Tomato,Seedling,clay,19.2,76.5,4.2,62.4,7.31,1.0,50.0
Maize,Flowering,silt,19.3,71.5,0.0,32.7,9.08,1.05,6858.3
Sugarcane,Maturity,clay,28.8,59.1,0.0,69.0,6.64,1.45,2306.0
Maize,Vegetative,sandy,21.3,87.3,0.0,63.8,1.15,1.05,440.8
Groundnut,Flowering,loamy,30.6,28.5,0.0,22.9,7.1,0.85,5019.8
Sugarcane,Vegetative,sandy,30.8,46.8,0.0,44.4,4.35,1.45,5933.3
Wheat,Seedling,silt,23.3,51.8,0.0,53.9,7.67,0.9,1556.3
Tomato,Vegetative,silt,26.0,61.6,0.0,49.2,1.82,1.0,811.4
Tomato,Vegetative,silt,38.6,29.1,0.0,67.1,4.37,1.0,1204.2
Tomato,Fruiting,clay,35.2,53.1,7.7,17.8,6.67,1.0,4834.8
Maize,Fruiting,loamy,39.2,27.1,0.0,64.9,5.2,1.05,2651.6
Groundnut,Flowering,loamy,38.0,52.2,0.0,42.1,3.6,0.85,1887.5
Cotton,Seedling,silt,31.7,47.3,0.0,73.7,8.01,1.15,1469.5
Sugarcane,Maturity,loamy,41.9,77.2,0.0,24.8,5.23,1.45,6802.8
Tomato,Maturity,clay,35.3,89.8,0.0,50.8,3.47,1.0,1109.7
Rice,Maturity,sandy,21.9,25.9,0.0,78.5,7.94,1.35,1749.1
Wheat,Fruiting,clay,41.5,89.7,0.0,40.7,0.75,0.9,437.7
Rice,Seedling,loamy,18.3,60.5,0.3,20.7,8.67,1.35,6852.4
Sugarcane,Seedling,sandy,37.6,49.7,0.0,54.0,0.57,1.45,420.8
Wheat,Maturity,sandy,21.9,59.7,1.2,53.4,9.2,0.9,2720.2
Sugarcane,Seedling,clay,38.3,72.9,8.0,20.7,1.05,1.45,704.6
Sugarcane,Maturity,loamy,34.8,47.1,0.0,19.1,7.85,1.45,11322.7
Groundnut,Flowering,silt,29.1,41.0,0.0,28.7,7.64,0.85,4518.4
Maize,Fruiting,clay,38.8,82.4,0.0,42.0,4.77,1.05,3575.4
Tomato,Vegetative,silt,41.9,63.7,0.0,37.8,4.03,1.0,2482.5
Sugarcane,Maturity,clay,33.6,40.8,0.0,26.5,8.82,1.45,9948.2
Groundnut,Maturity,loamy,18.4,31.1,0.6,73.3,9.16,0.85,815.2
Tomato,Fruiting,loamy,34.4,85.1,0.0,23.1,5.19,1.0,5320.3
Wheat,Vegetative,silt,34.1,86.0,0.3,43.9,4.82,0.9,2002.1
Rice,Seedling,sandy,39.0,36.1,0.9,75.2,5.29,1.35,1145.7
Groundnut,Fruiting,silt,39.4,57.0,0.0,58.8,0.89,0.85,341.7
Rice,Maturity,sandy,23.8,30.1,0.1,21.0,3.7,1.35,5075.1
Sugarcane,Fruiting,clay,24.8,82.5,0.0,41.3,1.43,1.45,1797.3
Rice,Flowering,silt,26.2,45.8,0.3,17.9,3.28,1.35,4954.6
Cotton,Maturity,clay,42.0,34.0,0.7,53.3,1.79,1.15,906.7
Cotton,Vegetative,loamy,31.5,84.3,3.0,37.3,5.53,1.15,4623.2
Sugarcane,Fruiting,sandy,28.4,66.0,0.0,15.1,8.14,1.45,23120.1
Sugarcane,Vegetative,loamy,20.9,45.2,2.0,29.1,0.56,1.45,739.8
Tomato,Maturity,silt,34.0,83.2,0.0,38.5,7.51,1.0,3575.3
Groundnut,Maturity,loamy,25.0,85.1,0.0,28.9,3.77,0.85,1396.4
Wheat,Flowering,loamy,23.3,85.2,3.0,27.5,9.99,0.9,5744.4
Maize,Vegetative,sandy,21.2,40.1,0.0,23.6,7.51,1.05,7715.0
Wheat,Maturity,silt,34.7,29.5,4.8,37.8,1.63,0.9,426.5
Rice,Maturity,silt,25.9,83.0,0.0,20.4,6.12,1.35,6135.7
Tomato,Vegetative,silt,34.4,68.3,1.1,21.8,0.98,1.0,698.3
Rice,Maturity,sandy,36.0,58.5,0.0,69.2,9.08,1.35,4106.9
Groundnut,Vegetative,silt,39.5,61.5,2.7,69.3,5.94,0.85,516.1
Maize,Vegetative,sandy,34.6,38.3,0.0,60.5,9.98,1.05,5139.4
Maize,Fruiting,silt,21.9,31.7,0.0,76.5,3.34,1.05,716.3
Tomato,Maturity,clay,40.0,52.2,0.9,44.7,8.11,1.0,2919.3
Groundnut,Flowering,silt,22.6,84.9,0.0,56.3,9.98,0.85,2787.2
Cotton,Flowering,silt,27.8,63.3,0.7,41.4,2.66,1.15,2502.2
Maize,Vegetative,sandy,26.9,62.2,0.0,67.4,4.59,1.05,1615.5
Cotton,Flowering,clay,23.8,59.8,0.0,71.1,8.76,1.15,2858.1
Wheat,Maturity,sandy,36.7,56.8,0.0,30.6,5.9,0.9,3693.1
Wheat,Vegetative,sandy,23.0,67.5,0.5,36.5,0.53,0.9,310.5
Groundnut,Seedling,clay,38.3,41.9,0.0,21.2,5.28,0.85,1841.6
Wheat,Fruiting,sandy,37.8,65.8,0.0,26.0,9.73,0.9,10739.2
Tomato,Fruiting,sandy,34.5,41.6,0.0,45.3,3.7,1.0,3382.8
Groundnut,Maturity,silt,28.2,50.5,2.2,51.0,3.62,0.85,657.4
Sugarcane,Maturity,silt,36.0,53.0,0.0,57.9,4.93,1.45,2995.4
Maize,Fruiting,clay,27.9,81.2,0.0,26.2,2.8,1.05,2634.4
Sugarcane,Seedling,loamy,29.9,53.4,0.0,49.4,7.07,1.45,4374.6
Maize,Seedling,sandy,21.9,50.9,0.0,69.6,1.63,1.05,322.2
Maize,Seedling,clay,29.9,45.2,1.6,42.7,3.75,1.05,1061.1
Tomato,Maturity,sandy,25.0,46.2,0.0,21.5,7.74,1.0,6134.6
Rice,Maturity,loamy,35.0,58.8,0.0,36.1,6.42,1.35,5705.0
Tomato,Seedling,silt,31.7,38.1,4.1,51.2,6.65,1.0,901.9
Sugarcane,Fruiting,loamy,30.3,57.3,0.0,67.5,7.62,1.45,5609.1
Cotton,Flowering,sandy,22.5,39.2,0.0,48.0,2.76,1.15,2797.2
Tomato,Seedling,loamy,29.8,37.7,0.0,34.0,5.64,1.0,2405.9
Cotton,Flowering,sandy,40.3,48.3,0.0,40.8,9.42,1.15,12393.3
Groundnut,Flowering,clay,25.8,85.6,0.0,32.6,5.67,0.85,2666.6
Cotton,Maturity,clay,21.9,58.2,1.7,72.8,9.91,1.15,1468.7
Groundnut,Fruiting,silt,23.2,63.3,0.0,38.2,7.72,0.85,4160.0
Rice,Maturity,sandy,20.0,38.2,0.5,52.6,6.22,1.35,4155.0
Cotton,Vegetative,silt,23.0,89.6,0.0,38.5,5.68,1.15,4571.9
Groundnut,Flowering,silt,28.2,54.3,0.0,26.7,2.5,0.85,1519.4
Tomato,Flowering,clay,35.5,36.2,0.0,78.9,7.6,1.0,1019.8
Cotton,Vegetative,sandy,19.1,67.9,0.0,68.9,8.99,1.15,3822.9
Wheat,Maturity,loamy,25.6,39.1,0.4,19.0,1.33,0.9,720.7
Rice,Vegetative,sandy,26.1,37.5,0.7,78.8,1.38,1.35,334.4
Tomato,Maturity,clay,30.2,53.5,0.7,55.7,4.18,1.0,1035.3
Cotton,Vegetative,sandy,27.7,63.4,0.0,68.3,9.19,1.15,4340.3
Wheat,Flowering,silt,35.2,77.8,1.6,21.0,5.97,0.9,4160.9
Cotton,Flowering,silt,23.0,32.2,0.0,30.0,7.81,1.15,9119.1
Cotton,Seedling,loamy,32.5,33.3,0.0,72.0,4.44,1.15,949.2
Maize,Maturity,clay,22.7,69.8,8.2,20.6,7.51,1.05,2263.9
Groundnut,Flowering,silt,37.6,60.7,0.0,71.5,0.69,0.85,124.5
Maize,Maturity,silt,24.4,35.0,0.0,34.2,7.7,1.05,4386.1
Groundnut,Flowering,clay,23.7,86.7,0.0,20.8,5.18,0.85,2872.2
Maize,Seedling,clay,21.8,88.6,2.6,79.8,7.58,1.05,50.0
Cotton,Seedling,sandy,36.5,66.5,0.0,29.8,6.78,1.15,6289.9
Wheat,Flowering,sandy,22.9,76.6,7.9,27.4,0.75,0.9,411.3
Rice,Seedling,clay,26.2,32.3,2.4,24.7,2.72,1.35,1674.7
Sugarcane,Vegetative,loamy,27.3,29.8,0.0,30.3,9.0,1.45,13031.9
Wheat,Seedling,sandy,38.6,45.4,0.0,74.2,0.91,0.9,125.3
Groundnut,Fruiting,clay,41.9,77.2,0.0,73.9,9.75,0.85,1633.3
Cotton,Vegetative,sandy,36.6,84.8,1.9,56.6,4.45,1.15,3180.1
Maize,Flowering,clay,33.9,82.3,0.3,60.0,0.83,1.05,310.2
Maize,Flowering,loamy,34.7,58.0,0.0,20.5,5.49,1.05,5930.5
Wheat,Maturity,silt,25.0,49.0,0.0,76.6,1.17,0.9,113.9
Cotton,Vegetative,loamy,40.7,81.2,0.0,56.3,5.21,1.15,3369.4
Tomato,Fruiting,clay,39.2,74.9,0.0,79.1,3.35,1.0,506.6
Wheat,Fruiting,loamy,28.4,29.0,0.0,47.4,4.39,0.9,2463.7
Rice,Fruiting,silt,31.3,64.4,0.0,19.6,3.2,1.35,5464.0
Sugarcane,Seedling,clay,26.0,56.7,0.0,78.5,9.85,1.45,1460.6
Sugarcane,Maturity,silt,42.0,80.2,0.0,20.4,6.53,1.45,8917.3
Cotton,Vegetative,loamy,19.9,28.6,0.0,31.9,2.31,1.15,2280.8
Cotton,Maturity,sandy,24.0,44.5,0.0,58.9,7.94,1.15,4269.2
Rice,Maturity,clay,29.1,38.5,0.0,42.9,9.79,1.35,6220.7
Rice,Vegetative,sandy,21.1,81.6,0.1,27.0,9.35,1.35,13045.8
Groundnut,Maturity,clay,38.6,45.1,2.7,68.6,7.49,0.85,334.0
Sugarcane,Seedling,silt,33.4,68.2,0.0,49.7,1.5,1.45,886.6
Wheat,Fruiting,sandy,33.3,59.9,4.8,72.1,5.55,0.9,726.6
Cotton,Flowering,loamy,19.1,40.6,0.0,38.8,7.67,1.15,8016.7
Cotton,Maturity,silt,18.1,84.6,0.0,40.9,6.7,1.15,4019.6
Tomato,Flowering,loamy,41.8,73.0,0.0,65.0,3.18,1.0,1113.4
Rice,Vegetative,clay,34.1,51.5,0.6,49.5,1.65,1.35,1084.3
Maize,Seedling,loamy,25.3,39.4,0.0,56.1,2.92,1.05,814.0
Maize,Vegetative,clay,32.3,84.8,0.0,53.2,3.63,1.05,1494.5
Cotton,Vegetative,loamy,25.9,51.3,0.0,79.8,7.98,1.15,1394.2
Cotton,Maturity,silt,32.6,55.7,0.0,67.4,7.73,1.15,2463.7
Cotton,Fruiting,sandy,21.5,31.4,0.0,59.3,6.26,1.15,5440.5
Tomato,Maturity,clay,35.0,60.1,6.7,69.8,3.29,1.0,50.0
Tomato,Fruiting,silt,39.5,65.4,0.0,44.1,9.21,1.0,6454.2
Sugarcane,Fruiting,silt,21.3,48.2,0.0,33.0,4.0,1.45,6673.1
Wheat,Seedling,silt,30.1,70.4,2.2,48.8,3.88,0.9,626.3
Sugarcane,Flowering,sandy,35.6,68.4,2.2,37.1,8.23,1.45,14515.2
Groundnut,Seedling,loamy,22.9,84.5,9.0,62.1,1.21,0.85,50.0
Wheat,Vegetative,sandy,30.7,43.4,1.5,54.1,9.33,0.9,3693.0
Rice,Seedling,loamy,20.7,64.1,1.8,44.4,9.43,1.35,4309.4
Cotton,Vegetative,clay,24.6,46.7,0.5,58.8,3.09,1.15,1386.6
Rice,Maturity,clay,28.4,61.2,0.0,35.0,8.31,1.35,5833.9
Groundnut,Fruiting,clay,32.9,40.0,0.0,74.8,0.94,0.85,148.6
Cotton,Fruiting,silt,19.6,39.9,0.0,20.6,2.63,1.15,3941.8
Maize,Vegetative,clay,40.7,71.1,0.0,74.7,5.98,1.05,1121.8
Rice,Flowering,sandy,23.4,72.0,0.0,55.6,2.48,1.35,2247.0
Groundnut,Vegetative,loamy,22.6,75.0,0.0,56.2,8.61,0.85,2330.6
Rice,Fruiting,sandy,39.9,51.5,0.0,54.6,6.29,1.35,8116.9
Rice,Flowering,silt,30.1,46.0,0.0,67.0,2.53,1.35,1262.7
Tomato,Fruiting,sandy,36.6,29.8,6.3,31.5,9.23,1.0,9254.7
Cotton,Fruiting,loamy,27.3,53.8,2.6,38.4,1.1,1.15,1273.3
Groundnut,Flowering,loamy,18.9,64.3,4.1,69.9,9.32,0.85,367.4
Maize,Seedling,silt,38.2,43.6,5.5,66.2,4.79,1.05,58.6
Sugarcane,Fruiting,clay,25.6,47.0,0.0,29.9,9.74,1.45,16082.7
Wheat,Maturity,silt,18.6,64.2,0.0,46.8,1.11,0.9,333.0
Cotton,Seedling,silt,19.9,50.1,0.0,31.5,0.78,1.15,437.3
Groundnut,Vegetative,clay,32.6,51.6,0.0,78.0,5.22,0.85,490.3
Groundnut,Flowering,clay,21.2,74.8,6.0,78.5,9.86,0.85,50.0
Maize,Flowering,loamy,26.5,71.1,0.7,40.2,4.86,1.05,3468.1
Rice,Maturity,sandy,24.9,59.4,1.6,52.7,8.25,1.35,5542.1
Tomato,Vegetative,sandy,19.1,61.5,0.0,41.3,6.99,1.0,4492.0
Wheat,Vegetative,loamy,35.2,48.9,0.0,34.2,9.1,0.9,4954.9
Maize,Flowering,silt,25.5,71.3,0.6,53.8,9.45,1.05,4436.6
Sugarcane,Seedling,silt,29.0,53.9,0.0,24.1,7.06,1.45,6762.9
Cotton,Flowering,clay,36.3,29.6,0.0,27.5,7.82,1.15,8928.0
Rice,Vegetative,loamy,20.1,36.6,0.0,77.8,9.72,1.35,2143.7
Rice,Seedling,clay,27.4,70.6,0.1,68.9,6.63,1.35,1447.4
Maize,Vegetative,clay,39.7,66.1,1.8,34.1,9.79,1.05,5655.3
Rice,Fruiting,sandy,24.6,38.3,0.0,20.2,4.1,1.35,8586.5
Cotton,Flowering,silt,40.6,78.0,0.0,54.0,1.78,1.15,1386.0
Rice,Fruiting,loamy,39.0,79.0,0.0,21.2,4.45,1.35,8425.8
Cotton,Maturity,sandy,25.2,25.7,0.0,56.9,4.06,1.15,2523.8
Wheat,Maturity,clay,22.1,73.2,0.0,27.4,1.67,0.9,637.6
Wheat,Seedling,sandy,30.7,88.4,0.0,58.8,1.2,0.9,289.3
Groundnut,Vegetative,sandy,38.4,34.8,1.6,41.3,0.88,0.85,463.8
Tomato,Vegetative,loamy,29.5,60.3,0.0,48.1,3.5,1.0,1655.8
Tomato,Fruiting,silt,38.3,88.9,0.0,33.3,6.8,1.0,5982.6
Maize,Seedling,sandy,21.7,47.8,5.5,54.0,1.79,1.05,294.8
Sugarcane,Flowering,clay,39.6,60.9,0.0,48.6,1.42,1.45,1486.7
Wheat,Flowering,loamy,30.4,25.1,0.0,34.0,6.49,0.9,4465.0
Maize,Flowering,clay,30.1,86.8,0.0,44.2,3.68,1.05,1980.1
Groundnut,Seedling,silt,18.9,41.9,0.0,53.9,7.75,0.85,1366.2
Sugarcane,Seedling,sandy,34.4,25.7,0.0,16.3,5.66,1.45,8598.0
Tomato,Seedling,loamy,30.1,35.5,0.0,69.8,6.07,1.0,903.6
Groundnut,Vegetative,silt,27.1,32.8,0.0,50.2,5.03,0.85,1622.3
Cotton,Maturity,silt,19.2,51.3,14.5,49.3,0.58,1.15,50.0
Groundnut,Vegetative,sandy,27.7,38.5,0.0,16.3,5.3,0.85,4079.8
Cotton,Vegetative,sandy,38.9,28.4,0.0,35.5,7.35,1.15,10327.4
Cotton,Maturity,clay,27.0,33.8,0.0,23.2,5.2,1.15,4275.7
Groundnut,Seedling,clay,29.5,78.0,0.0,15.2,3.97,0.85,1373.7
Rice,Fruiting,silt,35.8,68.9,1.2,22.5,2.87,1.35,4784.1
Maize,Vegetative,silt,40.0,76.3,0.0,22.6,0.84,1.05,708.8
Rice,Seedling,sandy,38.4,45.9,0.0,57.5,2.43,1.35,1377.8
Maize,Seedling,silt,41.9,87.0,0.0,29.3,5.56,1.05,2806.8
Tomato,Fruiting,sandy,34.4,39.9,0.0,75.6,4.59,1.0,1307.3
Groundnut,Vegetative,silt,24.7,54.0,0.0,26.4,1.35,0.85,670.4
Sugarcane,Maturity,silt,24.8,52.8,0.0,63.1,3.97,1.45,1947.2
Cotton,Maturity,silt,28.2,39.9,0.0,19.5,4.0,1.15,3967.1
Wheat,Fruiting,silt,34.1,36.4,8.8,30.9,8.23,0.9,3957.4
Wheat,Vegetative,sandy,39.3,60.7,10.2,23.7,3.29,0.9,1676.4
Wheat,Fruiting,sandy,22.3,54.8,2.5,17.2,7.63,0.9,7948.0
Tomato,Maturity,clay,31.4,39.5,0.0,30.4,3.56,1.0,1713.3
Wheat,Maturity,loamy,32.0,66.2,4.4,21.8,3.92,0.9,1543.9
Tomato,Flowering,sandy,41.6,87.4,0.0,65.1,5.42,1.0,2472.5
Wheat,Maturity,clay,24.9,88.4,0.0,55.9,5.44,0.9,1115.5
Groundnut,Vegetative,loamy,21.5,50.8,0.4,20.7,9.72,0.85,5375.0
Wheat,Vegetative,clay,35.2,56.4,0.0,77.9,7.08,0.9,733.6
Groundnut,Maturity,clay,34.1,52.3,0.0,51.6,7.26,0.85,1703.8
Sugarcane,Fruiting,loamy,36.5,84.3,0.0,50.6,6.86,1.45,8796.1
Tomato,Vegetative,clay,33.5,59.0,0.0,23.0,4.16,1.0,2826.0
Sugarcane,Fruiting,sandy,36.5,56.3,5.4,27.5,5.74,1.45,13385.6
Maize,Maturity,silt,26.1,64.3,8.3,64.6,7.25,1.05,50.0
Cotton,Seedling,loamy,34.4,33.1,10.1,61.4,5.48,1.15,50.0
Cotton,Fruiting,loamy,37.6,50.7,3.1,59.8,3.44,1.15,2311.0
Cotton,Fruiting,loamy,26.2,68.0,0.0,46.2,6.57,1.15,6807.3
Tomato,Vegetative,sandy,41.7,90.0,0.0,40.1,7.66,1.0,5522.2
Sugarcane,Vegetative,loamy,31.2,87.4,0.0,35.8,4.66,1.45,5846.5
Rice,Maturity,loamy,35.0,25.8,0.0,77.9,3.14,1.35,667.4
Rice,Maturity,silt,33.9,75.4,3.5,78.4,2.75,1.35,159.1
Wheat,Flowering,clay,37.0,44.9,9.1,19.7,9.94,0.9,4086.8
Maize,Maturity,loamy,31.9,34.4,0.1,65.4,7.68,1.05,2124.5
Groundnut,Flowering,sandy,29.5,66.5,4.1,42.2,6.05,0.85,2736.1
Rice,Flowering,loamy,39.9,26.0,3.6,15.4,1.93,1.35,3602.2
Groundnut,Fruiting,sandy,32.8,33.9,0.0,61.5,3.44,0.85,1485.7
Cotton,Maturity,clay,37.0,38.8,0.0,15.9,4.68,1.15,4631.9
Cotton,Fruiting,sandy,22.2,88.2,3.3,16.3,7.94,1.15,15904.7
Cotton,Maturity,loamy,35.2,28.3,2.4,56.0,0.92,1.15,435.9
Groundnut,Maturity,silt,23.4,59.8,0.0,79.8,0.82,0.85,52.0
Sugarcane,Maturity,loamy,21.4,57.0,0.0,65.4,2.31,1.45,1036.5
Rice,Maturity,silt,22.1,89.3,4.5,60.7,4.42,1.35,1052.6
Sugarcane,Vegetative,sandy,38.2,41.5,0.0,43.5,9.83,1.45,14432.8
Maize,Flowering,silt,25.5,48.4,0.0,67.6,2.31,1.05,734.8
Sugarcane,Fruiting,sandy,33.9,40.6,0.0,45.3,2.12,1.45,4019.0
Cotton,Seedling,sandy,36.2,81.8,0.0,32.1,4.06,1.15,3493.0
Cotton,Seedling,sandy,41.6,83.9,7.2,63.8,8.59,1.15,1351.6
Groundnut,Maturity,loamy,34.6,63.6,0.5,57.8,3.47,0.85,749.0
Sugarcane,Fruiting,clay,37.7,55.3,2.7,26.2,8.32,1.45,14528.2
Wheat,Seedling,silt,29.1,81.2,9.1,29.6,4.91,0.9,149.8
Tomato,Seedling,silt,21.8,89.4,0.0,66.4,1.88,1.0,264.6
Groundnut,Maturity,sandy,40.4,82.0,0.0,20.7,7.27,0.85,4697.0
Cotton,Vegetative,clay,31.2,30.9,1.5,46.0,9.11,1.15,5968.5
Rice,Flowering,sandy,23.0,43.0,0.0,70.0,3.31,1.35,1821.0
Groundnut,Flowering,sandy,24.2,87.2,1.3,27.3,8.17,0.85,5605.0
Wheat,Flowering,loamy,35.2,43.2,1.4,23.4,7.65,0.9,5797.6
Tomato,Vegetative,sandy,32.7,64.8,4.9,25.9,7.72,1.0,5730.9
Tomato,Fruiting,sandy,25.6,48.3,0.0,49.5,9.7,1.0,7332.4
Maize,Maturity,sandy,33.0,37.2,0.0,15.9,5.71,1.05,6035.7
Maize,Seedling,clay,19.3,59.6,0.0,50.9,6.06,1.05,1572.8
Wheat,Fruiting,clay,31.4,37.6,0.0,28.8,2.93,0.9,1995.8
Sugarcane,Maturity,loamy,24.8,38.4,12.4,55.7,5.42,1.45,1199.4
Rice,Fruiting,clay,22.0,30.7,0.5,42.1,8.69,1.35,8730.1
Cotton,Vegetative,sandy,33.3,38.7,0.0,75.0,2.11,1.15,741.6
Wheat,Flowering,loamy,35.2,43.3,3.0,45.9,1.32,0.9,567.0
Maize,Vegetative,clay,38.0,79.5,6.3,56.0,0.64,1.05,109.4
Wheat,Maturity,silt,23.9,86.6,0.0,51.6,9.63,0.9,2626.1
Sugarcane,Maturity,clay,25.5,40.8,0.0,64.4,7.4,1.45,2992.0
Tomato,Seedling,loamy,31.0,76.4,0.0,54.5,2.02,1.0,514.4
Wheat,Fruiting,sandy,22.6,81.0,0.0,54.0,8.57,0.9,4658.5
Sugarcane,Flowering,sandy,35.1,52.0,0.0,25.8,5.98,1.45,14295.1
Maize,Seedling,loamy,41.1,40.0,0.0,30.1,4.24,1.05,2279.3
Wheat,Seedling,sandy,34.4,27.1,0.0,58.1,7.59,0.9,2040.4
Sugarcane,Maturity,sandy,39.3,57.3,6.6,26.4,8.57,1.45,12463.8
Groundnut,Maturity,silt,19.6,67.2,0.0,47.9,3.52,0.85,878.5
Wheat,Vegetative,clay,31.8,36.8,17.9,51.4,6.82,0.9,50.0
Cotton,Fruiting,clay,36.7,72.2,0.0,60.1,2.99,1.15,1851.0
Wheat,Vegetative,loamy,27.9,42.3,0.0,60.3,1.57,0.9,415.6
Groundnut,Seedling,clay,34.0,48.7,0.0,26.1,4.04,0.85,1248.1
Tomato,Vegetative,loamy,20.6,31.2,0.0,21.6,9.73,1.0,7248.3
Rice,Flowering,clay,19.9,64.2,6.7,67.0,4.25,1.35,720.0
Groundnut,Vegetative,loamy,40.1,32.2,0.0,17.5,4.91,0.85,3427.6
Cotton,Fruiting,loamy,20.9,84.1,0.0,68.2,5.67,1.15,2757.5
Tomato,Seedling,loamy,26.5,62.0,0.0,33.3,1.67,1.0,685.0
Sugarcane,Seedling,silt,25.2,86.5,0.0,26.6,1.39,1.45,1173.3
Sugarcane,Seedling,sandy,24.0,44.5,4.3,44.0,9.45,1.45,6365.7
Sugarcane,Maturity,silt,36.5,89.9,0.0,76.8,8.6,1.45,2024.0
Cotton,Flowering,silt,23.3,76.5,0.0,54.9,1.43,1.15,939.0
Groundnut,Vegetative,sandy,38.4,88.7,0.0,77.2,8.74,0.85,1265.2
Sugarcane,Vegetative,loamy,27.2,61.5,0.0,40.4,3.7,1.45,4322.4
Tomato,Vegetative,loamy,38.7,76.5,0.0,18.0,0.65,1.0,557.6
Cotton,Flowering,loamy,36.2,68.3,1.2,69.0,6.91,1.15,2933.4
Maize,Maturity,silt,32.9,66.6,11.9,55.5,2.29,1.05,50.0
Wheat,Vegetative,sandy,23.7,57.3,0.0,70.1,0.75,0.9,171.9
Rice,Vegetative,silt,33.5,39.2,5.0,46.8,0.59,1.35,390.2
Tomato,Fruiting,sandy,26.2,35.4,5.1,69.6,9.45,1.0,1926.0
Tomato,Seedling,sandy,35.0,39.1,0.0,32.4,2.72,1.0,1547.3
Maize,Maturity,clay,36.6,29.0,0.0,58.0,0.62,1.05,192.5
Sugarcane,Seedling,silt,20.8,72.5,0.0,68.5,3.77,1.45,1039.0
Maize,Vegetative,loamy,30.4,83.2,0.0,18.5,9.83,1.05,8817.4
Tomato,Fruiting,silt,36.3,39.1,0.0,62.1,4.31,1.0,1908.6
Tomato,Seedling,loamy,29.2,88.3,7.5,62.0,9.4,1.0,50.0
Tomato,Maturity,loamy,24.9,76.1,0.0,78.4,7.78,1.0,780.7
Cotton,Fruiting,loamy,41.3,60.6,2.2,57.7,2.68,1.15,2051.3
Maize,Seedling,silt,18.5,66.4,4.7,46.0,9.92,1.05,1422.1
Tomato,Flowering,loamy,22.7,48.9,0.0,65.7,1.1,1.0,341.8
Rice,Seedling,loamy,19.1,70.0,0.0,60.0,2.36,1.35,795.3
Groundnut,Vegetative,silt,26.6,89.1,0.0,15.8,5.44,0.85,3075.8
Groundnut,Seedling,clay,30.9,59.4,1.9,60.7,2.9,0.85,210.7
Groundnut,Seedling,clay,30.9,71.0,0.0,22.9,3.02,0.85,934.2
Rice,Maturity,loamy,24.1,40.6,0.0,36.9,6.56,1.35,5407.7
Maize,Vegetative,clay,25.5,34.6,0.9,29.8,3.66,1.05,2284.6
Cotton,Fruiting,clay,35.4,56.0,0.0,58.0,8.55,1.15,5873.3
Groundnut,Vegetative,loamy,25.1,45.9,0.0,63.7,2.84,0.85,602.8
Rice,Vegetative,sandy,31.7,65.2,0.0,49.3,8.36,1.35,8073.5
Wheat,Maturity,loamy,37.0,70.8,0.0,21.8,3.15,0.9,1797.0
Groundnut,Maturity,silt,24.9,81.7,0.0,40.3,6.59,0.85,2037.5
Rice,Maturity,loamy,33.6,64.6,0.0,48.9,9.91,1.35,6481.3
Maize,Seedling,silt,24.2,70.4,0.0,37.2,7.76,1.05,3060.7
Maize,Fruiting,loamy,37.0,87.6,0.0,51.9,9.26,1.05,6169.0
Groundnut,Maturity,loamy,34.8,81.1,0.0,18.8,9.85,0.85,5049.7
Tomato,Fruiting,sandy,35.6,29.7,0.1,20.7,5.7,1.0,8212.5
Sugarcane,Flowering,clay,40.8,38.7,0.7,50.9,9.34,1.45,9230.5
Sugarcane,Maturity,sandy,37.6,28.6,0.0,62.5,9.31,1.45,6730.7
Sugarcane,Maturity,loamy,29.1,29.9,4.4,18.2,9.08,1.45,12002.7
Cotton,Seedling,silt,35.2,82.6,0.0,64.9,2.49,1.15,687.4
Maize,Fruiting,loamy,20.6,78.1,5.2,59.9,0.5,1.05,146.2
Groundnut,Vegetative,clay,32.9,68.2,0.0,54.6,9.12,0.85,2302.7
Rice,Vegetative,clay,34.8,89.1,0.0,30.5,6.49,1.35,6450.1
Sugarcane,Maturity,sandy,39.4,66.2,3.5,17.6,7.16,1.45,12181.6
Cotton,Flowering,silt,21.2,37.4,0.0,54.2,3.27,1.15,2345.3
Groundnut,Flowering,loamy,29.8,44.6,0.0,72.7,7.81,0.85,1343.9
Wheat,Fruiting,clay,32.5,53.5,0.0,73.5,1.33,0.9,245.9
Tomato,Fruiting,sandy,33.1,55.8,0.0,51.8,8.1,1.0,6009.1
Tomato,Maturity,clay,18.2,77.1,0.0,77.5,3.2,1.0,280.2
Tomato,Vegetative,clay,37.3,44.3,0.0,49.4,8.07,1.0,3530.2
Maize,Seedling,clay,41.9,86.8,0.0,40.4,1.18,1.05,453.3
Maize,Flowering,sandy,41.4,33.2,0.0,39.0,6.76,1.05,7059.8
Groundnut,Seedling,sandy,29.2,84.5,3.1,33.5,9.24,0.85,2473.6
Tomato,Maturity,loamy,39.6,55.2,1.6,25.9,9.24,1.0,5690.7
Groundnut,Flowering,silt,21.9,44.8,6.9,15.2,8.77,0.85,3789.6
Groundnut,Flowering,loamy,28.7,80.1,0.0,55.1,5.51,0.85,1812.7
Cotton,Seedling,sandy,37.7,35.4,0.0,79.9,2.88,1.15,452.0
Wheat,Seedling,clay,38.7,63.8,0.0,61.7,3.47,0.9,563.3
Sugarcane,Seedling,clay,19.5,58.9,3.7,39.2,9.34,1.45,4331.8
Groundnut,Vegetative,sandy,41.4,83.4,0.0,67.8,8.45,0.85,2172.7
Cotton,Seedling,silt,22.5,53.4,2.0,23.6,9.48,1.15,6022.3
Wheat,Flowering,clay,26.4,45.0,0.8,56.6,9.23,0.9,2558.5
Rice,Flowering,sandy,26.9,63.3,4.3,51.2,3.12,1.35,2882.5
Groundnut,Maturity,sandy,39.9,51.7,2.7,33.6,0.94,0.85,415.3
Sugarcane,Vegetative,sandy,22.2,32.6,1.6,33.2,4.95,1.45,7674.2
Maize,Maturity,sandy,25.4,56.8,0.9,65.6,6.59,1.05,1837.6
Tomato,Seedling,silt,36.9,82.9,0.0,61.2,9.09,1.0,1868.1
Sugarcane,Maturity,clay,37.0,53.3,0.7,40.3,4.2,1.45,3490.4
Sugarcane,Fruiting,loamy,28.6,81.5,3.3,48.7,7.74,1.45,8765.0
Tomato,Maturity,sandy,28.8,87.0,0.0,34.7,7.9,1.0,4790.4
Groundnut,Seedling,loamy,19.4,73.1,0.0,31.4,7.55,0.85,2093.7
Groundnut,Maturity,loamy,26.4,75.0,0.0,49.2,1.62,0.85,422.6
Wheat,Maturity,sandy,22.0,35.9,0.0,32.7,8.06,0.9,4300.7
Rice,Vegetative,loamy,31.3,46.8,0.0,46.5,6.56,1.35,5442.6
Maize,Seedling,loamy,32.7,70.1,0.4,66.0,4.15,1.05,807.6
Tomato,Maturity,sandy,41.4,88.8,0.0,68.1,2.76,1.0,755.8
Sugarcane,Vegetative,loamy,40.2,82.4,0.0,66.5,3.5,1.45,2065.2
Tomato,Seedling,silt,34.3,51.5,0.0,72.7,5.08,1.0,643.0
Wheat,Fruiting,clay,36.1,81.4,1.7,31.6,9.19,0.9,5634.2
Cotton,Vegetative,silt,21.8,73.8,4.3,70.1,3.17,1.15,510.8
Wheat,Fruiting,silt,33.0,40.5,0.0,44.8,6.64,0.9,4047.5
Tomato,Maturity,silt,20.9,58.4,14.7,61.9,4.63,1.0,50.0
Sugarcane,Seedling,silt,35.2,66.3,0.3,39.5,7.57,1.45,5724.3
Cotton,Flowering,clay,37.8,36.3,0.0,78.7,9.54,1.15,2038.8
Wheat,Vegetative,sandy,26.6,74.3,0.0,26.2,2.01,0.9,1424.2
Maize,Seedling,loamy,20.2,84.1,0.0,19.5,4.12,1.05,2285.8
Rice,Seedling,loamy,36.7,84.8,0.0,45.3,6.25,1.35,3499.0
Sugarcane,Seedling,sandy,25.4,85.5,1.2,30.2,1.88,1.45,1986.5
Groundnut,Flowering,loamy,22.7,27.3,12.9,77.4,8.37,0.85,50.0
Maize,Vegetative,clay,23.8,86.0,0.0,47.8,5.14,1.05,2189.7
Cotton,Seedling,loamy,19.5,34.5,0.6,33.6,8.24,1.15,4763.0
Cotton,Flowering,loamy,25.2,40.9,0.0,20.1,5.5,1.15,8017.3
Rice,Flowering,clay,34.0,79.2,1.2,43.1,2.54,1.35,2278.8
Groundnut,Seedling,silt,20.2,26.4,0.0,54.9,5.25,0.85,931.0
Rice,Seedling,clay,24.8,28.5,0.0,79.7,3.37,1.35,349.0
Groundnut,Vegetative,loamy,28.9,39.5,0.0,30.3,2.17,0.85,1095.8
Sugarcane,Fruiting,clay,38.7,48.6,0.0,20.9,1.27,1.45,2633.7
Sugarcane,Seedling,silt,31.9,78.4,5.9,77.7,0.71,1.45,50.0
Maize,Maturity,silt,41.0,69.7,0.0,46.4,6.86,1.05,3150.9
Cotton,Flowering,sandy,22.5,69.2,0.0,17.4,6.85,1.15,12359.3
Groundnut,Flowering,silt,34.2,43.9,0.0,42.6,7.25,0.85,3460.0
Groundnut,Seedling,loamy,27.4,32.7,5.0,31.4,7.94,0.85,1173.4
Tomato,Seedling,sandy,36.8,36.9,0.0,38.7,9.84,1.0,5090.2
Cotton,Flowering,silt,25.1,74.2,0.0,27.6,7.29,1.15,8892.4
Tomato,Flowering,loamy,19.8,67.9,0.0,64.4,2.19,1.0,684.7
Rice,Flowering,clay,41.8,59.6,0.0,79.6,4.53,1.35,992.5
Sugarcane,Seedling,sandy,37.8,83.0,0.0,57.7,4.21,1.45,2837.1
Cotton,Vegetative,silt,31.0,77.5,0.0,49.1,5.68,1.15,3894.0
Wheat,Fruiting,clay,18.3,32.6,0.0,46.6,6.36,0.9,2742.3
Groundnut,Flowering,loamy,23.7,89.0,0.0,33.1,3.56,0.85,1921.0
Sugarcane,Flowering,silt,34.0,40.3,5.0,43.6,3.11,1.45,3363.1
Rice,Flowering,clay,20.7,31.8,0.0,50.8,2.23,1.35,1677.0
Tomato,Vegetative,silt,37.6,72.2,0.0,79.8,3.14,1.0,356.7
Maize,Seedling,sandy,41.4,78.8,0.0,28.3,5.29,1.05,3743.0
Maize,Flowering,loamy,27.5,81.6,2.2,55.9,7.08,1.05,3013.3
Maize,Seedling,silt,20.3,80.0,0.0,26.9,2.67,1.05,1215.8
Sugarcane,Fruiting,silt,19.5,82.8,19.7,77.9,2.74,1.45,50.0
Cotton,Flowering,loamy,30.5,58.2,0.0,54.0,5.33,1.15,4002.8
Cotton,Flowering,clay,21.7,48.8,0.8,31.1,6.58,1.15,6190.4
Cotton,Vegetative,loamy,38.4,39.0,0.0,26.1,3.79,1.15,4812.4
Wheat,Flowering,sandy,26.5,43.2,0.0,71.8,1.98,0.9,486.0
Maize,Maturity,sandy,36.1,47.5,0.0,67.7,7.0,1.05,2239.0
Cotton,Vegetative,clay,31.4,51.6,5.5,41.7,3.52,1.15,1976.3
Wheat,Seedling,silt,34.1,48.5,0.0,53.2,5.53,0.9,1258.2
Wheat,Flowering,clay,31.7,27.5,5.6,76.3,2.55,0.9,50.0
Tomato,Fruiting,clay,32.1,62.6,2.7,60.9,8.35,1.0,2371.9
Maize,Flowering,sandy,21.7,55.1,0.0,16.8,5.77,1.05,7467.3
Sugarcane,Maturity,sandy,38.9,68.6,0.0,54.8,5.0,1.45,4636.7
Tomato,Fruiting,silt,39.4,88.0,10.4,73.6,1.84,1.0,50.0
Sugarcane,Vegetative,silt,29.1,86.9,0.0,19.9,8.6,1.45,13508.4
Maize,Flowering,clay,18.3,60.4,0.0,41.0,9.22,1.05,5173.4
Wheat,Vegetative,clay,25.5,70.6,0.0,30.9,9.22,0.9,4003.4
Sugarcane,Vegetative,silt,34.2,53.2,0.0,28.2,2.42,1.45,3415.0
Tomato,Fruiting,silt,25.8,80.0,0.0,15.6,8.03,1.0,8199.0
Maize,Seedling,sandy,32.8,85.7,0.0,18.8,3.91,1.05,2992.2
Groundnut,Flowering,sandy,40.4,64.7,0.0,53.8,0.8,0.85,417.0
Rice,Maturity,loamy,32.3,73.7,0.0,55.4,8.55,1.35,4592.0
Wheat,Seedling,sandy,19.7,66.2,1.2,26.6,8.32,0.9,3396.5
Groundnut,Vegetative,sandy,20.4,88.2,0.0,68.2,8.93,0.85,1803.5
Sugarcane,Flowering,silt,29.3,29.4,3.0,21.7,2.24,1.45,4002.1
Tomato,Flowering,clay,33.6,40.2,0.0,44.3,2.11,1.0,1128.7
Cotton,Seedling,silt,20.6,60.5,0.0,68.7,1.71,1.15,389.9
Groundnut,Fruiting,silt,23.3,52.0,1.5,35.4,5.12,0.85,2574.6
Tomato,Vegetative,clay,23.7,34.9,0.0,46.7,1.59,1.0,628.8
Maize,Vegetative,loamy,33.7,44.2,5.0,59.5,3.3,1.05,782.5
Wheat,Vegetative,clay,40.9,89.6,2.9,25.6,7.76,0.9,3662.5
Sugarcane,Maturity,silt,19.8,51.5,0.0,41.7,7.0,1.45,6073.9
Wheat,Seedling,silt,23.4,41.5,0.0,33.3,6.34,0.9,2116.7
Maize,Maturity,loamy,33.9,57.3,3.8,71.9,9.42,1.05,670.0
Rice,Flowering,silt,25.6,71.1,0.0,32.7,9.93,1.35,11935.3
Tomato,Vegetative,loamy,23.4,80.3,1.3,27.8,9.63,1.0,5757.0
Tomato,Seedling,loamy,40.7,83.6,0.0,31.2,1.3,1.0,601.1
Tomato,Flowering,loamy,23.0,75.1,11.7,68.2,2.67,1.0,50.0
Maize,Fruiting,loamy,38.2,28.9,0.0,78.6,8.17,1.05,1833.5
Sugarcane,Fruiting,clay,37.7,83.7,0.4,66.8,2.9,1.45,1798.6
Cotton,Vegetative,loamy,19.9,47.4,9.9,63.9,8.49,1.15,749.2
Wheat,Maturity,clay,36.1,40.8,2.6,33.3,5.4,0.9,1700.0
Groundnut,Fruiting,loamy,33.9,32.9,0.0,29.6,3.25,0.85,2530.2
Maize,Vegetative,sandy,36.8,53.2,0.0,62.6,1.69,1.05,817.7
Maize,Flowering,silt,27.1,74.6,0.0,15.4,1.85,1.05,1876.4
Cotton,Flowering,clay,20.0,45.2,0.0,37.4,7.98,1.15,6891.6
Cotton,Maturity,sandy,25.1,65.5,0.4,68.8,4.8,1.15,1740.3
Wheat,Vegetative,silt,32.1,69.8,0.0,73.9,5.89,0.9,884.0
Groundnut,Fruiting,sandy,31.1,46.7,3.5,24.4,5.69,0.85,4862.4
Wheat,Maturity,silt,36.4,57.5,0.0,53.5,7.73,0.9,2205.9
Sugarcane,Maturity,loamy,36.9,86.7,0.0,20.6,3.91,1.45,5554.5
Rice,Seedling,loamy,18.5,55.2,8.1,17.0,4.62,1.35,2519.0
Rice,Flowering,loamy,26.3,36.0,0.0,50.1,2.82,1.35,2662.4
Tomato,Maturity,clay,38.8,80.7,10.6,49.9,6.66,1.0,50.0
Maize,Vegetative,sandy,31.1,43.6,1.0,40.8,5.11,1.05,3971.9
Groundnut,Maturity,silt,26.8,28.1,0.0,75.4,3.7,0.85,364.2
Groundnut,Fruiting,loamy,35.0,85.9,0.0,19.3,5.06,0.85,4213.8
Maize,Seedling,loamy,27.7,88.4,0.0,44.2,5.55,1.05,1975.0
Tomato,Vegetative,loamy,40.6,27.7,0.0,76.4,4.24,1.0,723.7
Rice,Maturity,clay,40.5,65.5,8.0,55.7,7.84,1.35,1748.4
Rice,Flowering,loamy,36.7,79.0,0.0,34.8,7.52,1.35,10348.2
Groundnut,Maturity,sandy,28.3,88.7,0.0,58.3,5.06,0.85,1314.3
Cotton,Vegetative,clay,35.7,35.3,1.1,40.9,2.64,1.15,2091.2
Tomato,Fruiting,clay,19.3,48.7,0.2,24.2,0.52,1.0,398.6
Tomato,Vegetative,loamy,39.7,56.9,4.0,31.8,6.07,1.0,3469.7
Wheat,Vegetative,silt,29.7,25.3,0.0,37.2,1.39,0.9,663.5
Cotton,Flowering,loamy,31.6,28.3,0.0,60.4,2.16,1.15,1457.1
Cotton,Seedling,clay,37.3,45.8,0.0,43.2,8.04,1.15,4173.2
Groundnut,Vegetative,loamy,40.8,26.2,0.0,20.3,2.37,0.85,1604.2
Sugarcane,Maturity,clay,39.1,41.4,0.1,57.8,9.79,1.45,5459.9
Rice,Vegetative,silt,29.4,55.0,7.5,51.4,7.56,1.35,3430.0
Maize,Vegetative,silt,31.5,76.8,0.5,27.2,7.59,1.05,5691.3
Tomato,Vegetative,sandy,23.4,66.5,0.0,30.0,2.12,1.0,1771.5
Groundnut,Seedling,sandy,32.4,32.3,5.5,16.3,7.81,0.85,2759.5
Cotton,Vegetative,clay,27.2,25.7,0.0,29.7,7.03,1.15,6534.5
Rice,Flowering,silt,21.7,55.9,3.6,61.6,1.45,1.35,674.8
Tomato,Maturity,silt,20.3,61.2,0.2,72.8,5.15,1.0,653.2
Groundnut,Maturity,silt,22.6,78.2,0.0,42.2,4.26,0.85,1259.7
Rice,Vegetative,loamy,20.4,78.1,0.0,22.1,5.4,1.35,6467.7
Maize,Flowering,silt,39.6,75.7,5.4,38.3,2.72,1.05,1538.7
Maize,Fruiting,clay,33.4,35.0,1.1,26.9,5.13,1.05,4734.7
Tomato,Seedling,silt,35.5,26.0,0.0,67.6,5.88,1.0,974.8
Tomato,Maturity,sandy,27.4,54.9,0.0,22.9,5.09,1.0,3932.1
Maize,Seedling,clay,36.4,63.0,0.0,50.6,9.26,1.05,2554.4
Rice,Fruiting,clay,20.7,79.8,0.0,42.2,9.51,1.35,9438.2
Sugarcane,Fruiting,loamy,30.9,73.6,0.0,25.1,5.14,1.45,10420.5
Maize,Maturity,loamy,30.4,40.0,0.0,35.8,6.63,1.05,3874.4
Rice,Vegetative,sandy,34.9,80.5,0.0,51.5,4.45,1.35,4121.6
Tomato,Fruiting,sandy,29.1,37.1,0.0,30.4,3.52,1.0,4183.4
Rice,Flowering,clay,28.0,46.3,0.0,45.9,7.51,1.35,6543.9
Tomato,Fruiting,clay,36.6,50.6,1.7,68.0,7.8,1.0,1869.6
Maize,Vegetative,loamy,40.7,25.2,0.0,36.4,7.13,1.05,5588.1
Rice,Maturity,clay,21.2,60.2,8.9,32.4,1.76,1.35,761.9
Maize,Fruiting,sandy,24.1,54.5,0.0,49.1,4.05,1.05,3493.5
Wheat,Vegetative,silt,23.8,58.4,0.0,34.8,8.08,0.9,3925.6
Maize,Fruiting,silt,35.7,66.7,0.0,75.0,4.59,1.05,1202.4
Groundnut,Maturity,silt,27.4,89.9,0.0,18.5,5.53,0.85,2632.9
Wheat,Fruiting,loamy,22.9,88.3,0.0,38.9,0.92,0.9,569.6
Tomato,Seedling,loamy,25.7,84.4,0.0,36.5,9.76,1.0,3504.0
Rice,Fruiting,sandy,40.3,31.0,0.0,53.2,4.55,1.35,6342.6
Wheat,Vegetative,loamy,40.3,80.8,0.0,19.6,3.63,0.9,2653.8
Sugarcane,Seedling,sandy,33.4,81.5,0.0,77.3,8.99,1.45,2300.0
Maize,Flowering,sandy,34.2,36.9,1.8,53.9,9.65,1.05,6418.4
Groundnut,Vegetative,sandy,24.6,38.1,1.2,39.1,4.0,0.85,1939.9
Groundnut,Flowering,sandy,37.1,61.9,0.0,35.7,6.03,0.85,4321.2
Groundnut,Vegetative,sandy,40.5,84.4,0.0,56.8,5.42,0.85,2045.9
Wheat,Vegetative,loamy,36.1,53.5,3.4,47.2,9.34,0.9,2956.4
Maize,Fruiting,silt,21.5,44.7,0.0,50.5,3.31,1.05,2091.1
Wheat,Vegetative,loamy,22.4,80.9,10.1,64.7,4.81,0.9,50.0
Groundnut,Maturity,loamy,28.3,26.3,0.0,22.2,4.89,0.85,2326.7
Wheat,Maturity,loamy,22.7,40.0,7.8,72.2,4.75,0.9,50.0
Tomato,Flowering,sandy,34.9,87.7,0.0,50.0,1.93,1.0,1316.5
Tomato,Flowering,sandy,32.3,26.3,0.0,68.9,9.49,1.0,3605.4
Maize,Flowering,loamy,28.7,89.2,0.0,22.7,4.99,1.05,4904.8
Maize,Vegetative,loamy,37.6,70.3,0.0,41.7,0.6,1.05,389.0
Tomato,Seedling,sandy,27.7,26.9,0.0,55.3,8.64,1.0,2878.5
Sugarcane,Maturity,silt,37.2,52.2,10.9,39.4,7.62,1.45,4672.9
Groundnut,Maturity,silt,29.4,81.7,0.0,79.6,6.18,0.85,400.0
Groundnut,Vegetative,loamy,36.3,72.0,0.0,40.7,7.47,0.85,3087.7
Maize,Seedling,clay,19.5,88.2,0.0,51.4,1.81,1.05,437.6
Rice,Flowering,loamy,40.6,43.3,0.0,24.5,9.76,1.35,16153.8
Wheat,Flowering,silt,34.7,87.9,5.4,34.7,1.43,0.9,591.8
Wheat,Maturity,silt,25.2,45.0,0.0,22.5,4.58,0.9,2316.3
Cotton,Fruiting,silt,29.0,60.7,1.7,64.8,9.32,1.15,4765.1
Tomato,Seedling,clay,30.2,43.1,1.3,24.4,2.25,1.0,835.7
Groundnut,Vegetative,sandy,25.8,39.2,0.0,47.7,5.94,0.85,2693.2
Rice,Flowering,clay,31.7,84.4,0.0,40.4,7.58,1.35,7163.4
Wheat,Seedling,silt,26.2,37.8,0.0,38.9,6.89,0.9,2094.8
Wheat,Flowering,silt,26.3,54.6,0.0,30.5,8.44,0.9,5176.2
Tomato,Seedling,sandy,35.2,76.2,0.0,25.3,3.44,1.0,2123.8
Tomato,Maturity,clay,29.7,87.3,0.0,78.7,9.98,1.0,886.9
Tomato,Vegetative,loamy,21.6,49.9,0.0,53.8,7.48,1.0,2704.6
Wheat,Fruiting,loamy,35.6,74.5,1.3,17.4,7.8,0.9,7104.3
Sugarcane,Maturity,loamy,18.8,78.8,0.0,64.4,9.8,1.45,4277.6
Groundnut,Vegetative,sandy,19.1,44.1,3.1,59.6,8.31,0.85,1632.4
Wheat,Fruiting,sandy,21.9,29.1,0.0,27.7,6.05,0.9,5942.0
Wheat,Vegetative,clay,19.6,50.9,0.7,49.0,6.89,0.9,1987.1
Tomato,Flowering,sandy,18.4,72.1,3.6,66.4,3.34,1.0,732.3
Tomato,Fruiting,silt,38.1,49.2,0.0,19.4,4.16,1.0,4546.3
Sugarcane,Vegetative,clay,32.9,65.2,0.0,71.5,2.04,1.45,743.5
Sugarcane,Maturity,clay,25.4,49.4,0.0,51.2,8.49,1.45,5239.7
Groundnut,Vegetative,silt,31.9,89.2,0.0,22.7,1.08,0.85,587.1
Sugarcane,Fruiting,sandy,41.5,30.6,4.5,15.5,5.26,1.45,16479.3
Wheat,Seedling,silt,18.6,57.4,2.5,30.6,8.41,0.9,1939.9
Sugarcane,Vegetative,clay,26.3,41.5,1.0,68.1,1.32,1.45,524.8
Sugarcane,Vegetative,loamy,34.8,56.3,1.0,19.7,3.28,1.45,5536.9
Sugarcane,Flowering,clay,18.9,27.4,0.0,65.9,7.13,1.45,3803.3
Rice,Seedling,clay,30.0,64.7,0.0,44.7,6.39,1.35,3178.9
Groundnut,Vegetative,loamy,35.1,52.7,0.0,43.6,5.4,0.85,2288.4
Rice,Vegetative,sandy,39.1,84.8,6.1,43.8,3.76,1.35,3555.0
Rice,Fruiting,loamy,19.7,47.6,0.0,27.6,3.88,1.35,5993.6
Wheat,Fruiting,silt,26.9,80.9,2.3,22.2,8.23,0.9,5728.7
Wheat,Seedling,clay,23.6,66.3,0.0,18.6,9.23,0.9,3295.9
Cotton,Maturity,loamy,28.4,71.1,0.0,15.8,7.03,1.15,7591.0
Cotton,Fruiting,silt,22.4,75.2,1.0,39.6,4.23,1.15,4421.2
Cotton,Fruiting,silt,40.9,32.4,0.0,77.2,2.18,1.15,738.6
Maize,Maturity,silt,18.6,41.8,0.0,60.8,2.72,1.05,750.9
Maize,Flowering,sandy,24.8,30.5,0.0,80.0,8.12,1.05,1511.5
Groundnut,Maturity,sandy,30.2,28.8,0.0,50.3,1.1,0.85,393.2
Tomato,Seedling,silt,32.3,81.8,1.8,47.0,7.32,1.0,1719.9
Groundnut,Seedling,sandy,30.1,87.9,0.0,19.1,6.49,0.85,3146.1
Wheat,Maturity,loamy,21.2,27.3,0.0,22.2,1.47,0.9,749.4
Cotton,Vegetative,sandy,35.2,38.0,2.2,44.3,7.81,1.15,7971.8
Rice,Fruiting,sandy,39.9,61.4,3.2,39.1,7.01,1.35,12299.4
Tomato,Vegetative,clay,24.7,35.8,2.1,73.4,3.38,1.0,270.3
Sugarcane,Seedling,sandy,23.1,61.3,0.0,34.7,6.57,1.45,6608.3
Rice,Flowering,silt,30.1,42.7,0.0,71.4,1.64,1.35,670.2
Wheat,Flowering,sandy,20.7,42.8,0.0,65.4,6.35,0.9,2112.1
Maize,Seedling,clay,29.3,80.4,0.0,79.7,4.56,1.05,321.4
Sugarcane,Fruiting,loamy,32.5,72.1,0.9,30.0,5.18,1.45,9973.2
Rice,Fruiting,loamy,26.1,89.8,0.0,16.3,5.66,1.35,10345.4
Tomato,Seedling,loamy,37.4,87.4,1.0,17.0,4.4,1.0,2401.2
Sugarcane,Flowering,silt,26.3,66.6,2.1,39.6,9.94,1.45,11965.7
Groundnut,Maturity,silt,38.6,32.7,0.0,67.5,3.86,0.85,633.9
Cotton,Seedling,clay,30.8,28.6,0.0,24.7,9.83,1.15,6572.3
Rice,Fruiting,clay,31.4,29.8,0.0,71.8,7.39,1.35,3260.8
Rice,Seedling,sandy,31.8,64.4,0.0,75.5,7.86,1.35,1795.3
Sugarcane,Flowering,silt,21.9,68.5,4.0,16.8,2.4,1.45,3963.2
Tomato,Fruiting,silt,37.6,72.7,0.8,76.4,1.32,1.0,243.7
Wheat,Flowering,silt,23.6,50.1,0.0,64.5,3.91,0.9,1104.1
Tomato,Flowering,clay,39.2,51.3,1.1,47.8,6.86,1.0,3305.8
Tomato,Vegetative,sandy,25.9,52.9,0.0,44.7,9.88,1.0,6268.6
Sugarcane,Seedling,sandy,27.7,80.3,0.0,16.6,2.06,1.45,2764.7
Cotton,Seedling,silt,24.0,48.9,0.0,54.5,1.09,1.15,418.4
Rice,Seedling,sandy,26.0,61.3,0.0,66.8,2.04,1.35,717.7
Maize,Maturity,clay,25.6,62.9,2.3,21.2,5.81,1.05,3181.0
Maize,Vegetative,sandy,25.6,63.0,0.0,33.4,3.99,1.05,3585.2
Groundnut,Maturity,silt,37.9,70.6,0.0,49.7,7.62,0.85,2172.9
Tomato,Flowering,silt,27.9,76.3,0.0,18.9,6.87,1.0,5832.4
Maize,Maturity,clay,34.8,43.0,9.8,78.6,1.06,1.05,50.0
Maize,Maturity,sandy,37.0,43.7,0.0,58.6,4.83,1.05,2208.8
Wheat,Fruiting,sandy,37.2,35.2,0.0,61.6,2.88,0.9,1519.4
Rice,Maturity,loamy,25.7,74.2,0.0,17.1,6.1,1.35,6542.6
Cotton,Seedling,sandy,38.2,49.7,0.0,75.4,7.31,1.15,1650.0
Groundnut,Seedling,loamy,40.1,46.2,0.0,66.1,4.78,0.85,711.6
Sugarcane,Seedling,clay,40.7,78.6,0.0,21.7,3.08,1.45,2830.8
Maize,Seedling,loamy,28.5,34.5,0.0,19.7,2.86,1.05,1726.0
Rice,Flowering,silt,32.6,88.8,0.0,27.7,7.8,1.35,10541.1
Cotton,Vegetative,loamy,19.3,32.5,0.4,35.9,9.95,1.15,9254.3
Wheat,Seedling,sandy,22.4,37.5,0.0,19.9,9.14,0.9,4740.3
Cotton,Seedling,sandy,20.3,55.4,3.1,41.1,2.95,1.15,1610.3
Maize,Vegetative,clay,37.0,70.7,0.0,68.9,7.51,1.05,1804.0
Tomato,Flowering,silt,31.3,26.9,0.0,15.6,6.9,1.0,6929.2
Sugarcane,Vegetative,clay,24.0,70.2,0.0,28.7,3.12,1.45,3719.1
Rice,Maturity,loamy,39.0,79.8,0.0,43.7,7.38,1.35,5734.2
Tomato,Vegetative,clay,23.5,41.7,0.0,76.0,2.59,1.0,347.9
Rice,Seedling,silt,41.3,63.8,0.0,24.6,2.28,1.35,1895.8
Cotton,Seedling,sandy,19.7,70.0,1.5,59.8,9.71,1.15,3406.3
Rice,Fruiting,clay,32.4,34.2,0.0,77.8,9.81,1.35,2800.5
Sugarcane,Vegetative,sandy,38.2,86.2,0.0,67.8,9.27,1.45,6343.9
Sugarcane,Vegetative,loamy,23.1,27.6,0.0,45.0,8.62,1.45,9384.6
Groundnut,Fruiting,sandy,33.1,36.1,0.0,68.1,1.43,0.85,469.5
Tomato,Flowering,clay,30.5,89.1,0.0,59.5,3.04,1.0,1029.2
Cotton,Fruiting,sandy,36.2,84.5,0.0,46.2,1.85,1.15,2486.4
Sugarcane,Fruiting,sandy,34.8,81.0,0.0,78.7,9.84,1.45,4416.5
Groundnut,Vegetative,clay,39.6,46.5,6.6,17.7,5.29,0.85,1740.4
Maize,Fruiting,clay,26.8,55.6,0.0,64.2,0.84,1.05,321.4
Sugarcane,Maturity,silt,25.5,79.6,0.0,22.7,6.69,1.45,7904.7
Cotton,Maturity,loamy,29.8,58.7,0.0,44.5,4.83,1.15,3475.2
Wheat,Seedling,clay,25.0,55.7,0.9,69.2,5.71,0.9,452.2
Maize,Flowering,clay,26.1,52.8,0.0,37.4,9.18,1.05,5872.3
Maize,Flowering,clay,35.5,45.4,1.2,21.4,1.01,1.05,904.5
Tomato,Maturity,clay,29.2,79.4,7.2,25.5,3.12,1.0,727.5
Maize,Seedling,clay,39.2,37.1,0.0,23.9,3.45,1.05,1833.5
Wheat,Maturity,clay,31.5,36.4,0.0,21.3,1.65,0.9,803.8
Sugarcane,Maturity,clay,28.7,53.3,0.0,38.9,8.71,1.45,7309.3
Wheat,Seedling,loamy,32.6,42.9,0.0,59.6,7.85,0.9,1522.1
Cotton,Seedling,sandy,22.7,45.4,0.0,65.6,8.59,1.15,3004.2
Cotton,Seedling,loamy,40.4,63.8,0.0,43.0,5.89,1.15,3436.8
Rice,Flowering,clay,38.4,73.9,0.0,62.5,7.38,1.35,4238.7
Cotton,Seedling,sandy,30.3,59.9,0.8,73.8,8.48,1.15,1763.2
Sugarcane,Maturity,clay,41.3,64.7,0.0,64.5,2.62,1.45,1182.4
Sugarcane,Seedling,sandy,19.0,57.4,0.0,22.4,5.38,1.45,6386.0
Groundnut,Seedling,loamy,23.8,33.3,0.0,54.6,0.89,0.85,170.2
Maize,Maturity,silt,23.7,84.9,4.8,60.5,9.67,1.05,1024.3
Cotton,Flowering,silt,19.8,84.3,0.9,33.2,4.43,1.15,4327.2
Wheat,Seedling,sandy,22.4,69.6,0.0,34.4,0.57,0.9,223.2
Sugarcane,Flowering,silt,38.3,38.3,6.3,71.1,7.82,1.45,2518.0
Sugarcane,Seedling,clay,20.5,27.6,0.0,45.3,2.62,1.45,1432.1
Wheat,Vegetative,silt,29.3,71.1,0.0,78.9,6.86,0.9,697.9
Rice,Flowering,clay,20.3,72.7,0.0,46.6,3.55,1.35,2794.8
Tomato,Seedling,silt,19.3,63.4,0.0,72.5,8.61,1.0,923.0
Wheat,Flowering,loamy,33.0,60.4,0.0,68.6,9.24,0.9,2302.5
Maize,Maturity,silt,30.2,26.6,0.0,65.2,7.16,1.05,1837.4
Rice,Seedling,silt,31.7,83.0,1.1,71.5,6.44,1.35,1234.2
Rice,Seedling,sandy,20.1,68.8,0.0,15.8,8.17,1.35,8841.6
Sugarcane,Flowering,clay,23.6,44.1,0.0,29.1,9.87,1.45,13916.6
Groundnut,Flowering,loamy,18.1,43.1,0.0,29.9,1.82,0.85,1024.3
Cotton,Seedling,sandy,21.6,35.2,0.0,29.3,8.31,1.15,7380.5
Groundnut,Flowering,clay,25.0,31.2,0.0,30.7,4.49,0.85,2196.0
Tomato,Vegetative,loamy,18.8,76.9,4.5,23.3,8.98,1.0,4593.6
Cotton,Vegetative,sandy,32.0,86.7,0.0,23.7,8.2,1.15,11552.2
Maize,Fruiting,silt,29.0,32.3,17.2,50.7,3.44,1.05,237.1
Tomato,Vegetative,sandy,36.1,42.3,1.7,68.3,7.39,1.0,1989.5
Rice,Vegetative,loamy,33.6,76.9,2.8,78.7,2.24,1.35,269.2
Sugarcane,Maturity,silt,22.8,44.7,0.0,58.4,9.76,1.45,5154.7
Maize,Flowering,loamy,33.1,54.5,0.0,59.2,2.67,1.05,1264.7
Rice,Seedling,clay,18.2,80.8,0.0,41.6,4.9,1.35,2145.9
Tomato,Seedling,sandy,38.4,73.3,0.0,31.8,4.98,1.0,2901.3
Maize,Seedling,silt,26.3,57.7,0.0,52.2,1.56,1.05,463.0
Sugarcane,Fruiting,loamy,20.1,37.5,3.2,26.8,5.75,1.45,10281.6
Sugarcane,Seedling,silt,23.3,40.9,1.4,73.8,5.4,1.45,959.3
Tomato,Maturity,silt,19.3,63.1,0.0,72.1,8.2,1.0,1157.8
Rice,Vegetative,clay,18.5,26.9,0.0,33.7,3.68,1.35,3369.0
Cotton,Fruiting,clay,40.6,76.7,2.9,44.3,7.09,1.15,6536.0
Wheat,Vegetative,silt,24.1,32.3,2.8,76.1,0.5,0.9,50.0
Tomato,Flowering,loamy,29.3,43.1,10.7,76.0,3.46,1.0,50.0
Maize,Seedling,silt,22.8,71.9,0.0,54.7,1.49,1.05,387.5
Wheat,Seedling,clay,30.4,40.5,0.0,28.2,8.18,0.9,2658.1
Groundnut,Flowering,sandy,23.3,47.2,0.0,15.6,6.05,0.85,5240.3
Cotton,Flowering,sandy,32.2,28.3,5.9,79.3,9.26,1.15,844.3
Tomato,Seedling,clay,38.5,35.8,0.0,17.1,6.51,1.0,3372.0
Tomato,Maturity,sandy,40.5,56.9,0.0,51.1,6.5,1.0,3129.0
Groundnut,Flowering,sandy,30.1,49.5,0.0,75.8,8.8,0.85,1576.4
Maize,Flowering,silt,36.6,30.3,6.9,58.3,1.89,1.05,480.5
Cotton,Flowering,loamy,40.5,28.0,0.0,61.4,6.69,1.15,4542.9
Wheat,Flowering,silt,22.6,39.3,10.5,17.4,5.58,0.9,2230.5
Sugarcane,Fruiting,clay,34.1,39.1,4.5,44.3,6.92,1.45,7961.1
Tomato,Vegetative,loamy,27.6,32.4,0.0,62.4,2.68,1.0,818.6
Cotton,Maturity,clay,31.8,33.4,0.7,35.0,4.11,1.15,2808.1
Groundnut,Vegetative,sandy,29.2,76.0,0.0,49.2,6.92,0.85,2875.0
Tomato,Flowering,loamy,29.8,42.5,0.0,33.8,9.94,1.0,7802.7
Groundnut,Seedling,sandy,31.1,79.7,0.0,33.4,0.71,0.85,270.6
Wheat,Seedling,silt,34.2,66.5,1.7,31.4,6.52,0.9,1898.6
Groundnut,Vegetative,loamy,40.4,54.4,1.0,63.9,6.58,0.85,1338.0
Rice,Maturity,clay,36.6,74.9,0.0,32.0,1.66,1.35,1388.4
Maize,Flowering,loamy,37.3,65.4,0.0,17.6,8.08,1.05,9518.3
Maize,Maturity,clay,36.2,72.8,0.0,20.6,3.93,1.05,2625.5
Groundnut,Maturity,clay,25.8,69.7,0.0,58.7,8.13,0.85,1454.8
Tomato,Fruiting,silt,21.8,48.0,0.0,20.2,2.3,1.0,2173.4
Sugarcane,Maturity,silt,33.0,45.2,0.0,57.1,4.97,1.45,3121.6
Groundnut,Vegetative,sandy,38.5,38.3,0.0,60.8,2.95,0.85,1011.8
Tomato,Maturity,silt,24.7,51.5,0.1,65.6,6.26,1.0,1260.2
Maize,Fruiting,clay,26.0,68.2,0.0,73.5,2.59,1.05,595.5
Groundnut,Flowering,sandy,25.1,36.9,3.4,25.3,9.11,0.85,6032.3
Cotton,Flowering,loamy,22.5,33.3,1.1,48.4,1.16,1.15,962.0
Cotton,Seedling,clay,29.4,61.8,4.3,20.2,1.08,1.15,569.9
Cotton,Fruiting,loamy,41.0,83.5,0.0,43.1,6.86,1.15,8310.0
Sugarcane,Flowering,sandy,30.9,64.4,4.0,34.6,7.49,1.45,13178.1
Tomato,Fruiting,loamy,30.4,30.3,1.7,57.2,7.7,1.0,3450.2
Groundnut,Seedling,silt,24.8,59.0,1.7,64.2,8.08,0.85,559.6
Cotton,Seedling,sandy,25.9,73.6,0.0,40.3,9.41,1.15,6669.0
Groundnut,Maturity,clay,18.7,81.2,1.8,51.5,4.5,0.85,627.2
Cotton,Fruiting,clay,24.1,70.8,0.0,21.3,5.94,1.15,8357.3
Cotton,Fruiting,clay,28.1,86.8,0.0,56.9,1.05,1.15,704.9
Rice,Vegetative,loamy,30.5,27.2,1.3,24.0,3.7,1.35,4869.7
Maize,Flowering,loamy,32.5,38.6,0.0,51.8,9.07,1.05,5658.1
Wheat,Vegetative,clay,29.4,53.7,4.9,29.1,2.93,0.9,931.5
Groundnut,Maturity,clay,29.3,46.9,0.0,78.2,2.71,0.85,195.3
Cotton,Fruiting,silt,36.2,69.4,0.0,31.5,0.84,1.15,1207.2
Sugarcane,Vegetative,silt,40.3,71.3,0.0,47.0,5.12,1.45,5158.8
Rice,Vegetative,clay,31.5,74.5,5.4,49.2,8.65,1.35,4180.4
Groundnut,Seedling,sandy,25.4,82.8,0.0,52.2,2.38,0.85,609.0
Rice,Fruiting,silt,23.1,85.8,0.0,43.2,7.08,1.35,7423.4
Tomato,Maturity,silt,26.0,52.2,0.0,52.0,2.55,1.0,826.3
Groundnut,Maturity,silt,24.8,35.7,5.6,63.6,4.14,0.85,50.0
Tomato,Vegetative,silt,23.3,66.9,0.0,46.6,2.76,1.0,1159.9
Wheat,Seedling,clay,27.5,80.9,0.2,73.1,1.66,0.9,128.6
Cotton,Maturity,sandy,35.6,73.3,6.9,26.9,6.59,1.15,6290.6
Cotton,Vegetative,loamy,33.3,69.9,0.0,25.1,2.5,1.15,2954.9
Tomato,Maturity,clay,21.4,81.9,1.8,34.8,3.64,1.0,1142.0
Sugarcane,Flowering,sandy,34.1,64.3,0.0,66.9,9.9,1.45,8153.8
Cotton,Seedling,silt,28.7,48.9,0.0,57.5,2.5,1.15,892.1
Sugarcane,Maturity,loamy,32.3,51.5,13.6,64.2,5.8,1.45,214.5
Maize,Seedling,loamy,27.2,60.6,0.0,55.0,7.29,1.05,2088.1
Groundnut,Maturity,loamy,21.6,79.4,1.1,23.2,6.29,0.85,2417.3
Maize,Flowering,sandy,20.1,44.8,10.3,21.1,1.32,1.05,1136.5
Rice,Flowering,clay,21.0,55.1,0.0,50.5,5.01,1.35,3611.6
Rice,Maturity,silt,27.2,26.9,0.0,63.1,4.32,1.35,1791.2
Sugarcane,Fruiting,clay,31.0,88.8,0.0,16.9,1.83,1.45,3455.7
Maize,Fruiting,loamy,25.0,35.1,3.9,44.2,5.73,1.05,3850.3
Cotton,Vegetative,sandy,20.2,82.4,0.0,79.6,5.42,1.15,1111.7
Groundnut,Maturity,sandy,37.6,44.3,0.0,26.3,5.02,0.85,2974.9
Groundnut,Maturity,sandy,24.8,78.4,0.0,31.2,3.33,0.85,1482.0
Cotton,Maturity,sandy,41.5,54.0,1.1,33.7,3.62,1.15,4197.5
Maize,Flowering,clay,27.0,35.2,0.0,78.4,6.91,1.05,1013.5
Cotton,Fruiting,sandy,34.7,59.9,0.0,62.2,0.91,1.15,801.8
Wheat,Vegetative,sandy,40.1,40.1,0.0,43.9,9.24,0.9,5891.6
Rice,Flowering,loamy,27.0,83.1,0.0,35.3,7.98,1.35,9188.6
Maize,Maturity,sandy,22.4,40.1,0.0,44.8,7.8,1.05,4517.6
Cotton,Fruiting,sandy,25.4,67.4,0.0,70.4,1.64,1.15,959.7
Groundnut,Seedling,loamy,36.0,41.2,0.0,17.0,2.87,0.85,1187.0
Rice,Vegetative,sandy,19.4,82.4,0.0,27.4,8.26,1.35,10658.5
Sugarcane,Maturity,loamy,26.1,30.8,0.0,37.6,2.44,1.45,2550.5
Maize,Vegetative,silt,33.3,82.2,0.0,41.7,6.75,1.05,4154.5
Tomato,Seedling,sandy,31.9,81.0,0.4,47.2,9.61,1.0,3508.5
Wheat,Fruiting,sandy,38.8,57.4,0.0,37.2,3.8,0.9,3451.0
Maize,Maturity,silt,25.9,47.4,3.5,29.6,4.01,1.05,1958.2
Groundnut,Fruiting,silt,36.9,70.2,0.0,63.5,0.63,0.85,196.4
Maize,Flowering,loamy,21.5,74.1,2.8,47.1,7.12,1.05,3441.0
Rice,Vegetative,sandy,40.7,88.4,7.9,27.6,6.44,1.35,8441.7
Groundnut,Vegetative,clay,36.2,54.1,4.3,69.9,5.58,0.85,50.0
Groundnut,Fruiting,silt,35.6,82.0,6.2,29.9,8.71,0.85,3954.9
Rice,Seedling,loamy,28.6,59.8,0.0,70.3,4.82,1.35,1152.8
Maize,Maturity,loamy,19.6,50.6,0.0,32.0,9.98,1.05,5709.2
Groundnut,Seedling,sandy,41.5,78.7,4.6,65.0,3.8,0.85,94.2
Rice,Maturity,clay,42.0,82.6,0.0,20.4,7.44,1.35,7783.2
Tomato,Fruiting,clay,28.0,89.1,0.0,63.3,0.63,1.0,197.8
Tomato,Seedling,sandy,31.2,31.8,0.0,53.5,3.27,1.0,1089.6
Groundnut,Maturity,sandy,25.0,79.5,2.3,67.1,4.08,0.85,435.2
Wheat,Maturity,silt,41.8,82.9,0.0,79.9,5.7,0.9,476.9
Cotton,Vegetative,loamy,27.0,52.5,0.0,29.4,4.07,1.15,4342.9
Wheat,Fruiting,loamy,41.2,41.6,9.6,69.0,6.81,0.9,50.0
Tomato,Flowering,silt,19.5,85.4,2.2,42.6,6.23,1.0,2893.1
Maize,Flowering,clay,26.2,45.7,1.1,48.5,8.62,1.05,4287.4
Maize,Vegetative,sandy,35.4,68.6,0.0,74.7,0.62,1.05,160.4
Wheat,Flowering,sandy,28.1,78.1,1.2,53.7,9.98,0.9,4638.7
Groundnut,Fruiting,sandy,27.3,37.5,0.0,63.6,3.31,0.85,1264.1
Tomato,Seedling,loamy,32.7,54.8,4.4,22.1,7.74,1.0,2760.9
Tomato,Vegetative,sandy,29.5,53.7,0.0,20.3,7.77,1.0,7767.7
Tomato,Vegetative,silt,31.9,71.4,0.2,39.6,7.09,1.0,3762.1
Tomato,Seedling,clay,30.3,84.2,2.5,55.8,6.13,1.0,707.6
Groundnut,Vegetative,clay,25.4,43.2,1.5,64.2,9.66,0.85,1253.6
Cotton,Maturity,clay,20.2,55.1,6.0,20.9,3.63,1.15,2180.7
Cotton,Fruiting,silt,41.5,29.1,0.0,34.8,8.66,1.15,12298.9
Wheat,Maturity,clay,23.3,29.6,0.0,38.0,4.88,0.9,1640.8
Maize,Vegetative,silt,36.6,28.7,0.0,24.5,7.54,1.05,6564.6
Rice,Seedling,clay,24.2,85.2,0.0,40.6,3.42,1.35,1648.3
Rice,Vegetative,loamy,20.1,80.5,0.0,37.0,1.44,1.35,1325.5
Groundnut,Vegetative,silt,28.3,67.0,1.2,22.9,4.43,0.85,2109.8
Rice,Flowering,clay,32.8,50.9,4.0,52.0,6.32,1.35,4022.1
Tomato,Flowering,sandy,37.8,85.2,0.0,19.9,1.05,1.0,1291.9
Maize,Fruiting,clay,23.1,43.7,0.0,51.2,4.42,1.05,2522.7
Cotton,Seedling,silt,26.0,28.7,1.4,25.9,4.4,1.15,2941.4
Groundnut,Maturity,sandy,19.4,52.8,0.0,71.7,3.17,0.85,466.1
Maize,Maturity,sandy,32.2,50.7,2.4,57.2,6.38,1.05,2299.5
Wheat,Fruiting,sandy,36.3,29.0,0.0,50.4,3.9,0.9,2724.2
Cotton,Vegetative,sandy,40.2,43.9,0.0,20.6,2.27,1.15,4086.2
Sugarcane,Flowering,clay,25.9,45.1,0.0,74.5,5.04,1.45,1836.3
Rice,Flowering,silt,33.4,76.6,0.0,24.7,8.62,1.35,12417.0
Wheat,Maturity,loamy,39.6,67.3,0.0,75.8,8.38,0.9,997.5
Sugarcane,Seedling,clay,19.8,31.9,0.0,32.9,3.61,1.45,2553.1
Groundnut,Vegetative,clay,25.9,48.2,0.0,60.7,7.83,0.85,1694.2
Sugarcane,Vegetative,loamy,20.3,83.2,0.0,18.8,8.27,1.45,12058.8
Tomato,Flowering,clay,20.4,82.1,2.7,56.8,5.41,1.0,1331.3
Wheat,Flowering,silt,18.9,75.1,0.0,68.1,7.11,0.9,1475.4
Cotton,Vegetative,loamy,19.6,33.3,0.0,75.5,5.01,1.15,1277.1
Sugarcane,Fruiting,sandy,34.2,49.5,0.0,49.1,8.38,1.45,14592.7
Sugarcane,Vegetative,loamy,21.7,77.7,0.3,37.2,1.62,1.45,1706.9
Maize,Flowering,silt,29.7,35.3,0.0,40.4,6.82,1.05,4924.7
Rice,Maturity,sandy,39.5,46.6,3.0,66.8,7.85,1.35,3221.8
Maize,Maturity,clay,32.4,62.3,0.0,45.5,4.67,1.05,1854.0
Wheat,Maturity,clay,24.0,32.9,0.1,79.3,3.07,0.9,203.3
Cotton,Fruiting,loamy,25.0,80.1,0.0,35.1,6.9,1.15,8705.5
Groundnut,Fruiting,sandy,25.3,71.0,0.0,69.0,8.08,0.85,2363.0
Rice,Seedling,loamy,30.5,51.6,1.2,48.9,8.26,1.35,3861.9
Maize,Maturity,clay,21.8,25.6,0.0,67.3,6.32,1.05,1258.0
Tomato,Maturity,clay,34.3,65.7,0.0,43.1,8.28,1.0,3259.8
Groundnut,Flowering,clay,22.1,32.8,0.0,36.9,4.59,0.85,2086.9
Maize,Maturity,loamy,37.8,80.2,0.9,68.6,1.25,1.05,256.9
Sugarcane,Fruiting,clay,35.2,35.8,4.3,55.3,5.3,1.45,4444.0
Cotton,Fruiting,sandy,31.0,46.3,0.8,42.9,2.18,1.15,3106.2
Tomato,Maturity,clay,41.7,79.7,0.0,58.6,2.53,1.0,677.5
Cotton,Fruiting,sandy,40.6,50.3,1.3,24.6,1.51,1.15,3055.0
Sugarcane,Maturity,sandy,19.1,72.3,0.0,51.9,7.83,1.45,6078.1
Sugarcane,Fruiting,silt,37.2,42.7,1.0,55.0,8.24,1.45,9203.6
Cotton,Maturity,silt,41.4,32.6,0.0,21.4,3.05,1.15,3405.0
Sugarcane,Maturity,sandy,23.2,68.6,0.0,55.7,4.38,1.45,3433.5
Maize,Vegetative,sandy,33.3,37.6,0.0,43.2,2.35,1.05,1901.5
Tomato,Seedling,loamy,21.6,64.3,2.3,78.4,3.82,1.0,50.0
Groundnut,Seedling,clay,21.3,74.1,1.4,32.6,3.81,0.85,725.0
Rice,Seedling,clay,23.5,66.8,0.0,62.7,9.73,1.35,2601.2
Rice,Maturity,clay,22.8,43.6,0.0,25.6,0.94,1.35,782.6
Rice,Flowering,clay,32.2,82.2,2.4,62.2,5.5,1.35,2552.1
Maize,Fruiting,loamy,30.1,79.4,0.0,29.0,3.73,1.05,3871.7
Groundnut,Flowering,loamy,27.6,79.5,0.0,34.1,1.9,0.85,1023.3
Maize,Seedling,sandy,33.7,64.2,0.1,53.0,9.16,1.05,3554.1
Rice,Vegetative,clay,40.8,57.6,0.0,33.8,3.66,1.35,3681.9
Tomato,Maturity,loamy,35.9,72.7,0.0,48.4,4.94,1.0,1969.1
Sugarcane,Vegetative,silt,24.1,89.0,0.0,56.5,8.85,1.45,6111.9
Sugarcane,Seedling,loamy,34.5,37.5,0.0,71.7,4.83,1.45,1447.3
Maize,Vegetative,loamy,34.8,27.0,0.0,31.2,9.82,1.05,8137.9
Sugarcane,Fruiting,clay,31.0,49.2,0.0,46.8,7.68,1.45,8688.1
Rice,Flowering,silt,33.9,65.2,3.8,44.0,6.85,1.35,6130.2
Tomato,Vegetative,sandy,35.2,39.4,0.0,26.3,4.09,1.0,4011.4
Sugarcane,Maturity,silt,34.2,54.7,0.0,19.9,1.44,1.45,1895.9
Wheat,Maturity,silt,31.6,30.1,0.0,18.5,7.72,0.9,4502.4
Wheat,Fruiting,silt,34.7,41.8,0.0,66.4,2.08,0.9,650.8
Wheat,Maturity,sandy,23.2,28.9,9.1,26.5,6.56,0.9,2004.4
Wheat,Seedling,loamy,30.0,64.2,0.0,22.1,3.03,0.9,1307.4
Groundnut,Flowering,loamy,29.4,86.7,3.1,62.6,0.91,0.85,144.8
Cotton,Fruiting,clay,25.3,82.0,0.0,58.0,3.35,1.15,2095.3
Wheat,Maturity,silt,29.4,82.9,0.0,23.3,0.57,0.9,279.6
Groundnut,Vegetative,sandy,28.1,68.3,0.0,38.1,9.3,0.85,5002.9
Sugarcane,Vegetative,silt,41.8,50.1,0.0,52.6,0.85,1.45,784.6
Rice,Fruiting,clay,18.0,48.8,0.0,62.3,8.86,1.35,4911.3
Groundnut,Maturity,sandy,31.0,80.3,0.0,54.3,6.36,0.85,2015.6
Cotton,Seedling,loamy,33.8,84.6,10.3,32.0,8.21,1.15,2575.3
Wheat,Fruiting,loamy,35.1,64.1,0.0,45.3,5.66,0.9,3474.8
Rice,Maturity,loamy,32.8,49.7,0.0,15.9,4.94,1.35,6218.7
Cotton,Fruiting,silt,33.2,61.8,0.0,57.5,2.05,1.15,1579.0
Wheat,Fruiting,loamy,34.1,49.5,0.0,64.5,4.07,0.9,1438.6
Cotton,Fruiting,clay,24.3,60.7,3.4,68.7,2.06,1.15,626.3
Maize,Seedling,loamy,36.5,79.3,2.4,57.5,2.23,1.05,436.1
Cotton,Flowering,loamy,38.3,52.8,0.0,17.6,8.3,1.15,13546.4
Rice,Seedling,sandy,33.6,30.9,3.0,31.4,4.86,1.35,4123.1
Maize,Vegetative,loamy,29.2,74.7,0.0,55.1,0.5,1.05,222.4
Maize,Seedling,silt,36.3,64.6,1.9,45.1,3.3,1.05,1011.9
Groundnut,Fruiting,silt,33.8,30.1,0.0,33.2,5.36,0.85,3685.4
Tomato,Flowering,loamy,37.1,44.2,0.0,23.0,9.06,1.0,8377.8
Sugarcane,Flowering,loamy,40.0,82.9,7.6,24.3,1.62,1.45,2663.0
Sugarcane,Vegetative,clay,35.3,78.3,0.0,34.2,1.68,1.45,1883.1
Wheat,Flowering,silt,32.2,40.6,0.0,68.5,7.13,0.9,1729.8
Rice,Vegetative,sandy,22.8,63.2,6.1,53.8,6.61,1.35,3941.3
Maize,Fruiting,loamy,33.2,33.5,0.0,16.2,6.53,1.05,8618.2
Groundnut,Vegetative,silt,24.3,55.1,0.0,55.9,0.84,0.85,226.6
Tomato,Maturity,loamy,36.7,47.8,0.0,26.0,2.84,1.0,1721.6
Wheat,Vegetative,clay,27.4,81.1,0.0,71.2,5.91,0.9,856.9
Maize,Flowering,loamy,30.4,76.1,0.0,41.1,5.81,1.05,4333.4
Sugarcane,Maturity,loamy,27.2,36.8,0.0,70.6,0.72,1.45,274.0
Cotton,Fruiting,sandy,26.1,88.6,0.0,53.3,2.71,1.15,2808.9
Rice,Fruiting,silt,37.1,39.9,0.0,20.0,0.93,1.35,1819.0
Sugarcane,Maturity,loamy,39.6,86.0,2.3,62.5,7.78,1.45,3757.8
Groundnut,Vegetative,silt,25.9,38.9,0.0,27.9,3.85,0.85,1896.0
Maize,Fruiting,clay,19.3,78.5,0.0,62.9,2.57,1.05,965.1
Wheat,Flowering,silt,24.9,28.2,3.7,70.0,6.64,0.9,569.5
Maize,Fruiting,silt,33.9,27.0,0.0,39.6,3.62,1.05,3321.5
Cotton,Fruiting,sandy,26.5,59.1,0.0,36.2,3.72,1.15,5906.2
Rice,Maturity,sandy,36.0,85.1,4.0,35.0,5.13,1.35,5113.7
Maize,Fruiting,loamy,24.9,63.9,0.0,60.7,9.11,1.05,4465.1
Groundnut,Seedling,loamy,29.6,85.5,0.0,22.5,2.34,0.85,821.6
Tomato,Seedling,silt,31.4,30.6,0.6,78.9,8.07,1.0,473.0
Rice,Seedling,sandy,28.9,46.3,1.3,33.2,3.87,1.35,3248.2
Maize,Maturity,sandy,26.0,70.3,1.2,47.8,4.66,1.05,2338.7
Wheat,Flowering,loamy,32.7,56.9,0.0,67.2,4.71,0.9,1319.0
Cotton,Maturity,loamy,32.8,33.6,1.0,71.2,0.74,1.15,190.2
Cotton,Vegetative,silt,30.2,28.7,0.0,23.0,2.95,1.15,3535.6
Wheat,Flowering,loamy,40.9,64.9,0.0,70.4,2.57,0.9,627.2
Rice,Seedling,loamy,23.5,82.7,0.0,47.9,6.68,1.35,3274.8
Rice,Flowering,loamy,34.1,85.6,0.0,74.1,9.09,1.35,3440.6
Groundnut,Seedling,clay,21.8,46.7,5.1,46.1,5.87,0.85,98.6
Maize,Seedling,clay,37.8,57.7,0.4,37.4,6.54,1.05,2522.0
Tomato,Maturity,clay,27.0,61.1,0.0,44.6,5.61,1.0,1981.8
Maize,Seedling,clay,31.4,65.8,0.3,52.7,4.26,1.05,1092.2
Tomato,Flowering,sandy,24.4,69.4,4.8,65.6,4.02,1.0,886.9
Groundnut,Flowering,silt,36.6,59.0,0.0,45.1,5.28,0.85,2456.0
Maize,Fruiting,loamy,32.4,57.1,1.6,62.8,0.56,1.05,253.6
Sugarcane,Maturity,loamy,36.7,46.1,0.0,16.2,3.58,1.45,5378.7
Sugarcane,Vegetative,sandy,40.7,38.1,0.0,65.3,1.73,1.45,1457.9
Maize,Vegetative,sandy,34.9,57.7,0.0,74.8,1.55,1.05,390.7
Rice,Maturity,silt,36.6,38.5,0.0,53.0,1.16,1.35,699.1
Tomato,Seedling,clay,41.2,39.1,0.0,24.0,0.91,1.0,428.8
Groundnut,Flowering,clay,19.8,77.2,20.7,43.1,0.74,0.85,50.0
Wheat,Vegetative,sandy,27.5,57.3,1.0,73.5,1.28,0.9,202.0
Sugarcane,Flowering,clay,42.0,34.0,0.0,17.1,7.05,1.45,13577.5
Wheat,Maturity,sandy,27.3,59.4,0.0,33.6,2.11,0.9,1155.5
Rice,Seedling,sandy,26.7,36.2,0.0,35.3,0.75,1.35,652.4
Maize,Vegetative,sandy,29.1,59.4,0.0,73.3,7.93,1.05,2066.1
Cotton,Vegetative,loamy,37.5,58.4,0.0,20.4,6.18,1.15,8482.8
Wheat,Maturity,sandy,19.6,57.4,1.0,68.4,9.88,0.9,1613.8
Rice,Maturity,sandy,33.4,87.0,0.0,76.0,9.08,1.35,2564.3
Rice,Seedling,silt,33.8,50.0,2.2,57.2,2.65,1.35,893.8
Rice,Fruiting,sandy,29.7,34.2,7.6,60.4,3.26,1.35,2453.4
Tomato,Flowering,sandy,40.9,66.3,0.0,54.8,6.64,1.0,4201.3
Maize,Maturity,loamy,29.6,76.8,2.9,46.7,9.25,1.05,3344.1
Cotton,Seedling,clay,19.6,43.1,0.0,42.6,4.2,1.15,1872.4
Groundnut,Maturity,loamy,18.3,28.8,0.0,24.5,0.92,0.85,399.1
Cotton,Seedling,loamy,35.4,43.4,3.1,41.3,0.82,1.15,422.2
Sugarcane,Seedling,loamy,20.9,52.4,0.3,76.8,6.92,1.45,1236.6
Maize,Fruiting,loamy,32.9,53.7,0.0,71.7,8.45,1.05,2850.3
Groundnut,Maturity,loamy,39.3,66.3,0.0,63.7,8.73,0.85,1769.1
Groundnut,Vegetative,clay,30.0,84.7,2.9,17.0,3.69,0.85,1515.9
Cotton,Vegetative,loamy,32.6,59.0,5.4,65.8,5.45,1.15,1406.2
Maize,Maturity,clay,32.2,32.5,0.0,59.0,3.54,1.05,1036.4
Maize,Maturity,silt,20.2,44.3,3.7,59.0,1.06,1.05,177.6
Tomato,Seedling,clay,25.2,89.9,0.0,78.9,3.5,1.0,221.4
Tomato,Vegetative,clay,39.7,44.2,0.0,22.1,3.53,1.0,2553.7
Tomato,Seedling,clay,22.8,79.6,11.4,20.1,5.1,1.0,50.0
Groundnut,Vegetative,clay,35.2,67.7,0.7,58.0,6.93,0.85,1530.9
Cotton,Seedling,sandy,40.1,33.6,12.9,49.3,3.26,1.15,665.7
Maize,Flowering,loamy,18.3,51.9,0.2,56.8,3.3,1.05,1471.8
Maize,Fruiting,clay,39.1,40.3,1.1,68.3,4.41,1.05,1370.7
Tomato,Vegetative,clay,40.2,88.2,0.0,36.4,0.62,1.0,337.5
Tomato,Seedling,loamy,37.7,49.5,1.5,75.0,0.96,1.0,58.8
Tomato,Fruiting,silt,39.5,31.2,0.0,72.7,2.55,1.0,694.1
Wheat,Maturity,clay,30.1,56.7,2.0,25.8,1.06,0.9,392.4
Groundnut,Flowering,sandy,19.5,69.9,0.0,54.0,2.03,0.85,832.1
Sugarcane,Seedling,sandy,26.3,61.3,0.0,61.6,2.73,1.45,1374.7
Tomato,Seedling,clay,26.7,27.1,0.0,47.7,6.57,1.0,1802.3
Sugarcane,Fruiting,sandy,18.1,35.0,0.0,32.9,4.31,1.45,9356.1
Rice,Maturity,loamy,30.8,26.4,0.0,72.5,5.27,1.35,1567.9
Groundnut,Seedling,silt,36.9,37.7,9.5,60.0,8.28,0.85,50.0
Wheat,Vegetative,clay,38.7,89.6,0.7,56.4,7.46,0.9,1921.0
Sugarcane,Flowering,clay,41.0,53.9,2.6,46.3,7.56,1.45,7842.0
Cotton,Flowering,clay,20.3,85.3,0.0,60.1,5.4,1.15,2600.3
Cotton,Seedling,silt,22.5,48.3,0.1,57.4,6.66,1.15,2269.7
Tomato,Fruiting,sandy,20.8,71.7,0.0,35.4,8.06,1.0,7491.7
Wheat,Fruiting,sandy,21.8,45.9,2.0,76.3,4.09,0.9,584.0
Groundnut,Vegetative,clay,27.0,74.2,1.2,31.7,4.18,0.85,1518.6
Groundnut,Maturity,loamy,19.7,53.6,4.3,18.9,4.02,0.85,1226.0
Tomato,Vegetative,silt,41.7,69.3,1.3,43.3,6.41,1.0,3191.5
Groundnut,Maturity,silt,23.0,38.1,0.0,61.5,6.63,0.85,1220.0
Rice,Maturity,sandy,24.7,66.3,1.7,33.8,3.78,1.35,3730.3
Tomato,Vegetative,loamy,34.9,43.9,1.0,62.0,8.28,1.0,2527.0
Maize,Maturity,silt,25.5,33.1,0.0,16.8,6.79,1.05,5036.0
Tomato,Vegetative,loamy,24.0,43.4,0.0,68.6,1.9,1.0,444.3
Wheat,Seedling,clay,40.9,78.1,0.0,40.1,7.0,0.9,2051.2
Maize,Vegetative,clay,27.3,63.4,5.3,38.2,5.68,1.05,2108.9
Maize,Flowering,clay,37.7,35.6,0.0,36.2,5.69,1.05,4191.4
Tomato,Fruiting,sandy,19.0,69.3,0.0,63.0,3.92,1.0,1811.2
Cotton,Fruiting,sandy,40.3,38.0,0.0,17.0,8.37,1.15,21740.9
Tomato,Flowering,silt,41.2,64.2,0.0,62.0,9.71,1.0,3717.9
Wheat,Vegetative,silt,33.0,58.4,0.0,47.8,4.15,0.9,1667.7
Rice,Flowering,loamy,33.6,52.6,0.0,54.0,7.45,1.35,6276.8
Maize,Flowering,clay,24.5,74.6,0.0,18.8,5.02,1.05,4339.5
Maize,Maturity,clay,33.4,79.2,4.2,64.5,2.2,1.05,185.3
Cotton,Flowering,silt,30.2,86.5,0.0,32.4,1.96,1.15,2173.3
Sugarcane,Seedling,loamy,28.0,72.5,1.2,58.9,6.66,1.45,2826.6
Rice,Maturity,sandy,24.5,54.0,7.3,74.5,9.29,1.35,390.0
Cotton,Fruiting,loamy,39.8,81.7,4.4,37.2,6.98,1.15,8454.6
Wheat,Vegetative,loamy,39.9,48.0,4.3,59.9,0.7,0.9,119.2
Rice,Maturity,loamy,36.6,87.8,0.0,60.2,5.95,1.35,2837.5
Cotton,Vegetative,clay,37.7,77.2,0.0,16.7,3.61,1.15,4171.9
Wheat,Vegetative,silt,33.7,32.0,5.3,22.2,4.63,0.9,2056.9
Wheat,Vegetative,silt,22.0,61.1,0.0,75.9,7.97,0.9,941.6
Maize,Flowering,loamy,27.8,36.0,0.0,67.8,3.37,1.05,1115.1
Groundnut,Seedling,sandy,20.5,48.6,0.0,72.4,4.82,0.85,538.2
Wheat,Vegetative,loamy,19.6,25.4,6.2,20.3,9.15,0.9,3937.0
Wheat,Fruiting,clay,31.7,74.2,0.0,56.1,5.3,0.9,2064.3
Rice,Vegetative,sandy,41.5,39.0,0.0,75.5,3.21,1.35,1270.1
Cotton,Vegetative,sandy,30.5,80.7,0.0,74.2,1.19,1.15,406.2
Cotton,Fruiting,clay,35.0,26.4,0.0,58.0,9.26,1.15,6741.2
Maize,Seedling,sandy,21.0,33.0,0.0,36.5,7.33,1.05,3935.3
Cotton,Vegetative,silt,28.2,26.0,0.0,26.9,6.06,1.15,6809.6
Wheat,Fruiting,sandy,40.9,59.4,0.0,74.9,2.53,0.9,654.5
Tomato,Vegetative,loamy,25.3,36.5,0.0,68.7,4.84,1.0,1122.8
Groundnut,Fruiting,silt,34.7,80.9,0.0,74.3,6.18,0.85,1067.9
Cotton,Fruiting,sandy,35.9,42.0,0.0,37.4,5.01,1.15,8678.9
Groundnut,Vegetative,loamy,39.9,49.8,0.0,23.8,8.98,0.85,5777.3
Maize,Maturity,silt,37.2,52.9,0.0,70.0,9.81,1.05,2040.0
Wheat,Flowering,clay,18.5,69.2,0.0,25.5,6.36,0.9,3480.1
Maize,Maturity,clay,32.6,56.3,10.1,61.3,4.39,1.05,50.0
Rice,Seedling,sandy,28.7,59.7,0.0,43.8,8.24,1.35,5868.3
Rice,Fruiting,sandy,36.0,56.0,0.6,47.8,0.69,1.35,989.7
Sugarcane,Vegetative,sandy,30.4,63.9,1.4,67.6,9.1,1.45,5269.3
Cotton,Maturity,clay,30.6,29.5,1.4,79.3,2.68,1.15,243.9
Groundnut,Seedling,sandy,31.2,80.2,8.7,52.0,9.22,0.85,50.0
Rice,Vegetative,loamy,38.6,32.9,0.0,32.8,2.61,1.35,3096.5
Tomato,Vegetative,sandy,41.8,57.0,0.0,15.5,5.91,1.0,6589.8
Wheat,Vegetative,sandy,38.3,46.2,0.0,51.7,4.27,0.9,2192.3
Maize,Seedling,sandy,34.8,79.6,0.3,33.9,5.03,1.05,2951.4
Wheat,Maturity,sandy,26.7,36.6,0.0,20.1,7.96,0.9,5235.4
Groundnut,Maturity,silt,32.7,40.4,0.4,16.5,4.6,0.85,2215.5
Groundnut,Flowering,silt,41.4,89.7,4.8,77.0,2.53,0.85,50.0
Maize,Seedling,loamy,35.5,56.6,0.5,62.1,2.75,1.05,623.8
Sugarcane,Vegetative,sandy,36.2,81.5,0.7,25.7,9.01,1.45,16776.2
Maize,Flowering,clay,25.7,34.3,0.0,30.3,6.86,1.05,5186.2
Groundnut,Vegetative,loamy,41.8,69.2,9.1,57.1,6.91,0.85,50.0
Tomato,Flowering,clay,30.3,63.5,0.0,79.5,1.34,1.0,151.2
Cotton,Vegetative,sandy,31.9,80.4,0.0,15.7,8.0,1.15,13324.1
Maize,Maturity,sandy,20.7,42.6,0.0,61.3,6.61,1.05,2388.4
Sugarcane,Maturity,loamy,22.7,28.7,0.0,56.8,3.04,1.45,1916.2
Rice,Fruiting,sandy,40.1,55.7,0.0,21.7,0.92,1.35,2187.7
Tomato,Fruiting,clay,20.3,88.4,0.0,38.9,8.72,1.0,5225.5
Cotton,Fruiting,clay,31.8,83.0,0.0,21.3,8.34,1.15,11576.5
Sugarcane,Vegetative,loamy,28.9,33.2,0.8,48.2,3.69,1.45,3657.8
Cotton,Flowering,sandy,29.1,59.0,0.0,74.8,5.25,1.15,2069.4
Groundnut,Maturity,sandy,38.3,43.6,0.0,27.7,6.58,0.85,3997.8
Rice,Maturity,clay,27.1,47.8,0.4,69.3,5.15,1.35,1289.1
Rice,Flowering,sandy,23.5,79.4,0.0,49.3,6.47,1.35,7109.4
Maize,Vegetative,silt,23.8,41.5,1.7,36.9,7.0,1.05,3951.6
Rice,Maturity,loamy,20.4,82.0,0.0,67.2,6.55,1.35,2188.2
Maize,Vegetative,sandy,41.0,30.7,0.0,54.9,7.51,1.05,4849.4
Tomato,Maturity,clay,27.1,29.2,0.0,76.5,1.49,1.0,162.2
Wheat,Seedling,sandy,38.1,82.2,2.4,23.3,6.09,0.9,2938.2
Wheat,Fruiting,loamy,20.7,77.0,1.1,43.9,7.52,0.9,3825.7
Tomato,Maturity,loamy,25.1,64.6,5.8,41.6,4.38,1.0,974.9
Cotton,Flowering,loamy,21.8,87.0,0.0,77.0,2.69,1.15,680.9
Groundnut,Fruiting,clay,36.8,49.5,0.0,35.5,5.17,0.85,2932.5
Sugarcane,Seedling,clay,22.0,75.6,0.5,44.6,9.46,1.45,4776.9
Sugarcane,Fruiting,sandy,41.0,64.6,0.0,28.4,3.72,1.45,9702.0
Wheat,Vegetative,sandy,25.1,30.6,0.0,79.5,1.88,0.9,232.2
Cotton,Vegetative,clay,31.5,44.1,0.0,35.4,9.2,1.15,7991.9
Groundnut,Vegetative,clay,38.9,67.3,3.6,42.3,5.49,0.85,1343.4
Rice,Vegetative,silt,37.8,48.6,0.0,56.9,7.64,1.35,5114.5
Wheat,Maturity,loamy,24.2,52.7,0.0,77.8,1.48,0.9,132.2
Wheat,Fruiting,clay,21.8,46.4,20.5,60.4,2.76,0.9,50.0
Groundnut,Seedling,clay,32.1,62.6,3.0,43.2,6.14,0.85,729.3
Tomato,Vegetative,sandy,18.7,64.4,0.0,41.4,1.32,1.0,809.7
Wheat,Vegetative,sandy,26.4,36.3,0.2,70.5,8.07,0.9,1775.2
Sugarcane,Maturity,clay,29.2,67.1,3.3,19.2,9.67,1.45,9869.7
Groundnut,Vegetative,silt,25.9,45.6,0.0,54.8,4.34,0.85,1191.2
Groundnut,Seedling,silt,20.7,50.5,4.7,53.3,1.96,0.85,50.0
Tomato,Flowering,clay,40.0,39.7,0.4,26.0,1.36,1.0,1040.7
Wheat,Flowering,clay,31.7,59.7,0.0,36.4,2.46,0.9,1252.0
Sugarcane,Flowering,silt,36.7,71.2,0.8,50.3,2.39,1.45,2403.2
Wheat,Seedling,loamy,21.8,28.2,0.0,46.9,3.98,0.9,1017.3
Groundnut,Flowering,clay,26.8,42.6,10.2,19.1,2.09,0.85,505.5
Sugarcane,Fruiting,silt,36.7,77.6,0.0,26.5,1.91,1.45,3614.1
Wheat,Flowering,silt,35.1,29.1,0.0,38.9,8.87,0.9,5412.8
Groundnut,Maturity,sandy,41.6,79.3,0.0,22.6,4.17,0.85,2698.6
Wheat,Fruiting,loamy,24.5,55.0,0.0,69.1,4.43,0.9,1205.6
Wheat,Maturity,loamy,42.0,63.7,3.5,41.2,8.68,0.9,2637.0
Maize,Fruiting,silt,29.7,36.4,0.0,71.2,8.17,1.05,2689.4
Cotton,Vegetative,sandy,36.2,38.6,0.0,23.8,5.87,1.15,9101.7
Wheat,Fruiting,silt,37.0,65.9,1.6,22.6,7.44,0.9,5772.6
Rice,Fruiting,sandy,39.3,56.5,0.0,20.2,9.48,1.35,24312.9
Groundnut,Flowering,loamy,32.9,86.7,0.0,57.8,2.85,0.85,909.1
Tomato,Fruiting,silt,37.8,67.8,1.2,20.0,6.07,1.0,6387.2
Cotton,Maturity,silt,19.9,63.4,0.0,60.2,9.22,1.15,3404.6
Wheat,Maturity,loamy,37.8,32.9,0.0,21.6,8.57,0.9,5111.7
Rice,Seedling,silt,41.2,38.1,3.0,29.2,7.75,1.35,5637.3
Cotton,Maturity,clay,30.0,58.6,0.0,26.3,5.61,1.15,4340.8
Tomato,Fruiting,silt,41.4,47.3,2.6,58.9,3.98,1.0,1554.5
Sugarcane,Fruiting,silt,27.1,60.2,0.0,79.5,9.66,1.45,2950.8
Cotton,Vegetative,silt,31.3,86.1,0.0,24.0,4.87,1.15,5492.1
Wheat,Flowering,silt,37.6,39.3,0.0,58.3,1.66,0.9,614.7
Tomato,Vegetative,clay,34.5,77.1,0.0,43.8,2.99,1.0,1315.7
Sugarcane,Fruiting,sandy,18.3,34.3,0.0,33.9,6.85,1.45,14081.9
Sugarcane,Maturity,loamy,24.3,35.6,0.0,43.3,7.61,1.45,6821.2
Tomato,Vegetative,silt,30.7,58.5,5.1,20.9,3.8,1.0,2080.1
Maize,Vegetative,clay,37.0,46.7,0.7,36.6,5.79,1.05,3679.4
Tomato,Flowering,sandy,41.6,29.7,0.0,55.0,7.52,1.0,5038.7
Tomato,Fruiting,clay,36.1,80.1,0.0,39.3,2.63,1.0,1809.8
Cotton,Fruiting,loamy,32.3,84.8,0.0,57.2,6.87,1.15,5270.2
Groundnut,Seedling,loamy,19.1,55.4,0.0,65.8,7.58,0.85,941.3
Wheat,Seedling,sandy,23.2,52.5,0.0,20.2,4.87,0.9,2609.4
Maize,Flowering,sandy,35.9,43.2,3.6,44.3,4.13,1.05,3269.3
Rice,Maturity,loamy,40.2,43.2,4.0,22.9,1.6,1.35,1647.1
Maize,Fruiting,loamy,21.0,81.6,0.0,42.7,0.51,1.05,375.8
Rice,Seedling,clay,24.8,66.5,0.0,59.0,4.98,1.35,1554.2
Maize,Vegetative,clay,31.8,46.8,0.0,33.9,7.25,1.05,4678.2
Rice,Seedling,clay,19.9,67.7,13.2,42.7,5.53,1.35,50.0
Rice,Vegetative,loamy,31.3,53.3,4.4,44.2,9.0,1.35,6805.9
Sugarcane,Fruiting,silt,32.1,69.2,0.0,67.4,3.64,1.45,2478.2
Sugarcane,Flowering,silt,22.7,53.6,0.0,42.0,6.95,1.45,8073.8
Rice,Fruiting,silt,35.1,82.2,0.0,79.1,7.58,1.35,2112.0
Tomato,Vegetative,silt,20.6,86.3,0.0,36.5,4.87,1.0,2550.5
Sugarcane,Maturity,silt,29.1,42.7,1.1,54.9,4.76,1.45,2996.2
Groundnut,Seedling,clay,36.5,57.5,0.0,18.5,1.95,0.85,728.6
Tomato,Flowering,sandy,23.2,68.9,2.5,16.6,9.34,1.0,9915.4
Groundnut,Vegetative,loamy,22.3,63.0,0.0,56.6,8.28,0.85,2163.0
Cotton,Seedling,sandy,34.7,55.2,0.0,18.5,8.96,1.15,9531.9
Tomato,Maturity,silt,20.0,75.5,0.0,54.9,9.34,1.0,2582.4
Wheat,Fruiting,sandy,41.0,34.7,0.0,68.1,0.77,0.9,321.5
Rice,Maturity,silt,25.8,61.1,0.0,71.4,4.07,1.35,1147.6
Groundnut,Seedling,sandy,18.5,40.3,0.0,21.7,1.65,0.85,739.1
Sugarcane,Maturity,clay,41.4,32.8,0.0,18.4,9.73,1.45,13273.1
Cotton,Fruiting,loamy,29.8,67.9,1.6,78.3,8.28,1.15,1863.7
Cotton,Maturity,loamy,31.9,59.7,0.8,64.3,3.56,1.15,1251.5
Cotton,Vegetative,silt,29.9,46.4,0.0,63.1,6.12,1.15,2844.0
Groundnut,Vegetative,sandy,30.9,64.5,2.8,41.7,5.55,0.85,2335.2
Maize,Seedling,clay,19.0,54.1,3.5,53.8,1.03,1.05,117.2
Sugarcane,Vegetative,silt,25.0,69.4,0.0,26.8,5.87,1.45,7931.9
Maize,Seedling,sandy,37.3,54.7,0.0,27.9,4.24,1.05,2768.9
Tomato,Maturity,sandy,29.3,66.9,0.0,71.3,3.54,1.0,755.9
Sugarcane,Flowering,clay,28.7,72.8,0.0,50.3,8.59,1.45,7645.6
Maize,Fruiting,silt,21.8,46.4,0.0,76.0,4.55,1.05,991.0
Wheat,Seedling,loamy,21.8,86.7,2.5,46.7,7.94,0.9,1257.7
Maize,Seedling,silt,30.2,64.5,0.0,19.8,3.83,1.05,2136.3
Maize,Flowering,loamy,34.2,48.2,0.0,36.1,3.58,1.05,3151.0
Groundnut,Vegetative,loamy,23.6,86.4,0.0,32.8,2.57,0.85,1132.9
Rice,Vegetative,clay,21.9,29.5,0.0,22.8,8.44,1.35,8672.0
Tomato,Maturity,silt,25.3,75.4,0.0,28.3,9.63,1.0,4891.7
Tomato,Fruiting,clay,24.4,70.1,3.1,23.6,3.52,1.0,2388.6
Rice,Seedling,clay,29.1,79.4,0.7,45.7,4.02,1.35,1679.2
Cotton,Fruiting,clay,20.2,76.1,0.0,38.2,4.91,1.15,4905.6
Rice,Seedling,sandy,21.1,29.9,3.2,18.9,9.02,1.35,8682.6
Groundnut,Flowering,silt,20.9,53.7,0.0,66.7,6.92,0.85,1478.8
Wheat,Maturity,silt,24.6,48.6,0.5,75.6,2.3,0.9,202.7
Groundnut,Seedling,sandy,26.3,81.6,8.1,21.0,2.5,0.85,397.6
Maize,Seedling,clay,28.1,37.8,0.0,42.6,2.87,1.05,968.5
Groundnut,Flowering,loamy,25.2,28.7,2.3,20.9,4.41,0.85,2721.8
Rice,Seedling,loamy,19.1,43.2,0.0,45.2,6.27,1.35,3096.3
Wheat,Seedling,loamy,30.4,50.7,2.3,47.6,1.93,0.9,369.3
Rice,Maturity,clay,32.8,45.5,0.0,39.3,9.12,1.35,6753.0
Wheat,Vegetative,sandy,18.7,56.2,0.0,77.8,8.51,0.9,1103.5
Tomato,Vegetative,loamy,18.6,27.8,0.0,34.4,5.19,1.0,3078.6
Maize,Fruiting,sandy,39.5,50.5,0.0,49.5,6.18,1.05,5976.9
Rice,Seedling,loamy,40.5,29.2,2.8,43.8,2.95,1.35,1697.0
Tomato,Seedling,silt,27.4,75.8,0.0,70.9,7.23,1.0,905.9
Cotton,Vegetative,loamy,18.9,80.7,2.6,33.8,5.67,1.15,4462.3
Cotton,Fruiting,loamy,23.7,66.3,6.7,48.0,6.66,1.15,4602.5
Tomato,Fruiting,clay,18.8,48.0,0.0,31.8,3.04,1.0,2167.2
Tomato,Flowering,silt,26.7,41.2,0.0,48.8,6.78,1.0,3393.3
Rice,Flowering,sandy,26.6,37.4,0.0,63.0,3.68,1.35,2707.8
Rice,Fruiting,loamy,24.4,79.8,0.0,28.1,8.21,1.35,12343.4
Wheat,Fruiting,clay,30.0,68.7,0.0,15.5,8.42,0.9,6847.8
Sugarcane,Flowering,silt,29.5,53.2,0.0,25.8,8.5,1.45,14605.2
Maize,Seedling,sandy,39.6,41.9,3.5,40.1,3.28,1.05,1388.2
Groundnut,Vegetative,loamy,41.2,30.4,0.0,73.1,0.55,0.85,89.8
Maize,Seedling,loamy,35.2,60.0,9.5,35.2,3.5,1.05,526.9
Wheat,Flowering,sandy,28.9,52.8,0.0,48.4,1.12,0.9,672.0
Maize,Fruiting,clay,39.7,89.6,1.9,33.6,5.76,1.05,4667.0
Cotton,Maturity,sandy,38.0,71.2,0.0,69.6,6.52,1.15,2560.3
Maize,Vegetative,loamy,23.6,60.2,0.0,18.3,4.53,1.05,3877.0
Groundnut,Vegetative,silt,34.6,75.9,0.0,15.5,5.54,0.85,3610.1
Sugarcane,Vegetative,sandy,27.2,53.6,0.0,64.9,3.63,1.45,2655.2
Groundnut,Vegetative,sandy,19.0,26.0,0.0,33.1,2.96,0.85,1739.7
Wheat,Flowering,sandy,34.3,48.6,4.0,45.4,2.11,0.9,1153.3
Rice,Seedling,silt,25.7,32.9,6.2,48.3,7.07,1.35,2007.6
Cotton,Flowering,silt,37.6,79.5,4.5,61.8,2.84,1.15,1186.2
Groundnut,Maturity,sandy,29.7,34.9,10.4,47.6,2.07,0.85,50.0
Wheat,Fruiting,silt,22.8,52.2,1.2,48.5,2.11,0.9,925.1
Rice,Maturity,clay,35.0,55.3,0.0,23.6,1.59,1.35,1542.5
Cotton,Fruiting,silt,40.9,62.4,0.0,33.6,8.6,1.15,11860.5
Cotton,Maturity,sandy,21.6,80.3,0.3,58.8,5.32,1.15,2713.5
Cotton,Seedling,loamy,30.8,87.9,0.0,65.0,6.8,1.15,2034.3
Cotton,Maturity,clay,37.7,49.6,0.0,70.8,9.0,1.15,2347.8
Sugarcane,Vegetative,clay,21.0,88.6,0.0,65.0,7.28,1.45,3461.5
Maize,Fruiting,silt,25.2,44.4,2.9,76.2,5.36,1.05,649.1
Wheat,Fruiting,loamy,40.5,53.9,0.0,47.7,9.5,0.9,5655.2
Groundnut,Seedling,silt,37.5,44.3,0.0,78.6,3.93,0.85,254.8
Groundnut,Maturity,silt,40.2,62.4,0.0,54.8,2.02,0.85,508.5
Cotton,Fruiting,loamy,26.4,33.4,0.0,24.4,2.97,1.15,4668.8
Rice,Seedling,clay,29.3,71.6,0.0,36.6,9.31,1.35,5044.4
Wheat,Vegetative,loamy,33.2,70.7,1.5,32.5,5.71,0.9,2969.2
Maize,Maturity,sandy,40.1,65.7,0.0,55.0,9.13,1.05,4326.1
Groundnut,Flowering,clay,36.9,78.9,0.0,70.8,8.89,0.85,1543.3
Wheat,Vegetative,silt,23.0,51.6,4.7,67.8,9.97,0.9,290.0
Wheat,Vegetative,loamy,27.3,66.6,2.0,47.7,1.13,0.9,372.9
Maize,Fruiting,sandy,37.2,56.1,0.0,76.1,5.94,1.05,1939.2
Rice,Flowering,silt,36.7,84.9,0.0,32.4,3.76,1.35,4819.4
Tomato,Seedling,sandy,21.7,66.9,3.1,33.5,6.61,1.0,2349.3
Maize,Flowering,loamy,33.5,42.2,0.0,23.5,6.82,1.05,7038.4
Wheat,Seedling,clay,25.1,83.3,0.0,55.5,4.32,0.9,732.0
Tomato,Maturity,clay,41.7,63.3,0.0,35.3,3.1,1.0,1496.0
Tomato,Seedling,loamy,38.8,29.9,0.0,48.7,2.1,1.0,700.0
Cotton,Seedling,sandy,31.6,26.3,0.0,30.8,7.44,1.15,6791.7
Groundnut,Flowering,silt,26.3,33.7,0.0,21.6,4.94,0.85,3117.7
Cotton,Fruiting,silt,34.2,78.1,0.0,70.5,9.06,1.15,4022.0
Rice,Fruiting,silt,28.0,45.7,6.2,56.9,6.81,1.35,4085.7
Sugarcane,Maturity,silt,32.7,77.7,5.4,17.0,8.47,1.45,9934.4
Wheat,Flowering,clay,36.0,37.1,0.4,39.3,5.23,0.9,2689.6
Wheat,Fruiting,loamy,31.9,69.1,0.0,56.6,7.38,0.9,3244.5
Rice,Maturity,silt,38.0,49.5,0.0,25.5,7.19,1.35,7271.3
Cotton,Flowering,sandy,37.1,83.6,0.0,63.0,7.55,1.15,5521.1
Groundnut,Seedling,sandy,39.7,86.4,0.0,16.6,3.49,0.85,1856.2
Maize,Flowering,loamy,38.6,73.7,0.0,27.0,4.13,1.05,4030.0
Sugarcane,Seedling,clay,24.7,40.7,1.7,58.5,8.31,1.45,2769.8
Wheat,Maturity,loamy,25.6,86.0,0.0,39.8,2.79,0.9,1026.1
Tomato,Flowering,sandy,31.4,33.7,0.0,22.1,4.29,1.0,4905.9
Wheat,Seedling,sandy,20.1,42.1,0.0,22.7,2.65,0.9,1303.7
Rice,Flowering,clay,27.8,54.0,0.5,41.1,0.67,1.35,613.5
Maize,Fruiting,loamy,20.6,74.4,4.4,20.4,8.5,1.05,7937.9
Tomato,Flowering,loamy,36.6,48.1,0.0,80.0,4.36,1.0,611.4
Rice,Maturity,sandy,30.0,35.4,0.0,78.0,2.92,1.35,739.1
Tomato,Flowering,sandy,24.7,64.0,0.0,57.2,7.88,1.0,3910.1
Rice,Flowering,sandy,28.0,36.4,1.5,29.9,3.18,1.35,5395.5
Sugarcane,Seedling,sandy,32.8,56.8,0.0,48.9,1.5,1.45,1172.6
Wheat,Flowering,clay,37.0,82.9,4.7,32.9,9.23,0.9,3810.6
Maize,Maturity,loamy,40.2,67.9,0.0,74.2,8.91,1.05,1604.5
Maize,Vegetative,sandy,34.0,40.7,2.6,39.7,2.15,1.05,1641.6
Maize,Flowering,sandy,29.4,29.2,0.0,67.6,7.49,1.05,3267.3
Sugarcane,Flowering,clay,26.5,70.2,0.0,47.5,8.33,1.45,8032.7
Tomato,Vegetative,loamy,25.0,80.3,0.4,42.6,8.5,1.0,4201.0
Wheat,Seedling,loamy,35.0,51.3,9.3,69.8,6.96,0.9,50.0
Tomato,Flowering,sandy,35.7,35.0,0.0,20.9,4.93,1.0,6192.3
Rice,Seedling,loamy,36.6,35.3,0.5,76.9,7.6,1.35,1213.5
Sugarcane,Flowering,loamy,20.5,64.1,3.8,50.5,3.68,1.45,3177.7
Tomato,Flowering,sandy,34.5,44.7,0.0,76.7,7.33,1.0,1754.2
Sugarcane,Vegetative,loamy,19.3,69.5,0.0,32.0,5.41,1.45,6577.7
Sugarcane,Seedling,loamy,25.7,36.4,3.5,78.1,6.51,1.45,361.9
Wheat,Maturity,sandy,30.0,78.4,0.0,64.3,6.95,0.9,1740.7
Cotton,Seedling,sandy,30.2,55.0,0.0,17.1,6.45,1.15,6983.1
Wheat,Maturity,silt,19.5,78.1,0.2,32.9,6.52,0.9,2496.0
Sugarcane,Flowering,sandy,21.4,49.0,0.0,35.9,5.83,1.45,10106.2
Wheat,Seedling,sandy,18.5,70.1,0.0,69.0,0.8,0.9,113.3
Tomato,Maturity,clay,40.5,83.6,0.0,50.5,7.29,1.0,2418.1
Maize,Fruiting,sandy,25.5,37.2,0.4,64.0,2.74,1.05,1515.8
Rice,Fruiting,sandy,39.0,31.5,0.0,65.2,5.28,1.35,4675.8
Cotton,Fruiting,loamy,22.2,47.7,0.0,19.9,8.67,1.15,13618.5
Cotton,Fruiting,silt,37.7,36.9,0.5,76.1,3.43,1.15,1132.7
Rice,Vegetative,silt,35.9,36.0,1.6,43.8,4.41,1.35,3816.4
Tomato,Seedling,clay,25.2,74.0,0.0,23.0,3.29,1.0,1316.8
Rice,Maturity,loamy,19.2,73.7,0.0,30.6,8.36,1.35,7008.7
Sugarcane,Flowering,loamy,23.6,37.3,0.0,44.7,1.99,1.45,2321.6
Cotton,Maturity,sandy,26.5,51.9,1.4,55.2,5.84,1.15,3337.5
Wheat,Fruiting,silt,19.0,36.8,1.5,20.4,4.73,0.9,3683.7
Groundnut,Fruiting,clay,26.7,37.5,0.0,57.0,8.22,0.85,2706.5
Groundnut,Vegetative,loamy,35.2,47.7,0.0,70.0,2.92,0.85,516.8
Groundnut,Fruiting,loamy,33.9,78.6,0.0,52.0,5.43,0.85,2403.4
Wheat,Seedling,loamy,37.7,25.9,0.0,16.5,2.55,0.9,1360.4
Rice,Maturity,clay,38.9,28.0,0.0,68.6,5.32,1.35,1741.6
Tomato,Maturity,silt,34.0,42.8,0.1,77.2,3.79,1.0,434.0
Cotton,Flowering,sandy,29.7,31.4,0.0,71.1,6.29,1.15,3280.3
Sugarcane,Flowering,silt,40.0,29.4,0.0,16.4,3.33,1.45,7515.6
Rice,Flowering,clay,23.8,50.0,0.0,41.5,9.81,1.35,8659.6
Wheat,Fruiting,silt,19.8,27.1,3.3,43.8,8.28,0.9,3502.5
Rice,Fruiting,silt,36.5,42.3,0.0,26.7,5.55,1.35,9122.9
Sugarcane,Flowering,loamy,28.9,78.9,0.7,35.5,7.99,1.45,11069.0
Rice,Seedling,clay,23.9,65.5,5.7,55.2,0.84,1.35,122.1
Wheat,Seedling,loamy,37.3,88.2,0.0,31.5,4.49,0.9,1721.3
Groundnut,Maturity,sandy,40.0,76.3,0.0,77.5,4.44,0.85,533.1
Tomato,Seedling,silt,33.1,88.3,0.0,49.7,2.6,1.0,705.0
Tomato,Maturity,silt,34.5,39.6,0.0,59.0,5.08,1.0,1418.5
Rice,Fruiting,silt,20.6,78.4,0.0,26.6,0.66,1.35,930.8
Groundnut,Maturity,silt,31.4,74.4,0.0,63.4,5.67,0.85,975.0
Cotton,Seedling,clay,29.3,71.7,0.0,42.9,1.71,1.15,754.9
Wheat,Seedling,loamy,38.5,88.1,0.0,75.0,9.49,0.9,904.5
Wheat,Seedling,sandy,34.1,25.1,0.0,50.6,8.3,0.9,2769.5
Maize,Flowering,sandy,20.0,38.9,0.0,52.5,3.25,1.05,2242.8
Maize,Seedling,silt,18.7,80.2,1.7,51.9,9.55,1.05,2082.0
Sugarcane,Flowering,loamy,20.6,65.0,0.0,77.6,8.06,1.45,2563.3
Cotton,Seedling,loamy,20.6,76.0,0.8,74.2,8.96,1.15,1261.0
Rice,Maturity,loamy,32.9,54.6,0.0,75.3,1.25,1.35,296.5
Groundnut,Flowering,loamy,32.4,66.7,5.9,78.8,4.67,0.85,50.0
Sugarcane,Vegetative,sandy,35.6,62.5,0.6,47.6,7.42,1.45,9173.7
Rice,Seedling,sandy,22.5,56.3,0.0,43.4,5.63,1.35,3903.2
Wheat,Seedling,clay,20.2,89.9,0.0,45.1,9.67,0.9,2016.8
Maize,Seedling,silt,35.1,69.0,0.1,25.6,7.68,1.05,4189.4
Wheat,Fruiting,loamy,38.0,72.9,0.0,65.7,2.99,0.9,945.6
Tomato,Maturity,sandy,36.6,34.7,0.3,55.6,6.36,1.0,2656.4
Groundnut,Vegetative,loamy,23.0,62.8,0.0,38.2,5.23,0.85,2077.6
Rice,Seedling,silt,23.5,82.9,0.0,31.3,0.9,1.35,593.7
Sugarcane,Maturity,silt,31.8,42.5,0.0,16.3,2.4,1.45,3363.0
Groundnut,Fruiting,clay,23.1,85.5,0.0,36.4,8.38,0.85,3892.9
Maize,Flowering,clay,24.8,87.6,0.0,45.2,4.72,1.05,2487.1
Rice,Flowering,sandy,29.2,27.3,3.9,20.7,8.53,1.35,15595.3
Rice,Vegetative,sandy,27.9,83.9,4.8,52.1,1.34,1.35,944.2
Rice,Flowering,clay,30.8,75.9,0.3,67.9,7.27,1.35,3048.3
Tomato,Seedling,sandy,32.5,72.6,0.0,67.2,5.2,1.0,1086.6
Rice,Fruiting,loamy,23.6,42.3,0.0,47.2,6.02,1.35,6438.1
Rice,Fruiting,silt,29.7,30.3,0.0,69.8,9.35,1.35,4951.7
Tomato,Flowering,silt,35.6,70.6,0.0,44.8,2.01,1.0,1190.3
Cotton,Vegetative,clay,32.0,34.8,7.5,48.9,5.36,1.15,2015.1
Wheat,Vegetative,clay,39.8,76.8,0.0,78.0,3.33,0.9,340.7
Tomato,Flowering,clay,32.3,67.4,1.5,31.5,6.05,1.0,3646.6
Rice,Vegetative,clay,19.2,80.3,0.0,21.1,5.86,1.35,5733.1
Cotton,Vegetative,silt,27.9,38.2,4.2,76.6,1.35,1.15,111.0
Sugarcane,Flowering,loamy,38.0,41.3,2.2,41.3,0.65,1.45,906.6
Groundnut,Flowering,clay,27.2,41.0,0.0,48.6,4.54,0.85,1623.7
Wheat,Vegetative,loamy,36.1,31.9,6.7,60.0,5.25,0.9,426.6
Tomato,Fruiting,silt,38.3,51.8,0.0,69.5,9.9,1.0,3233.8
Rice,Flowering,clay,37.4,30.6,0.0,16.2,9.43,1.35,14545.1
Maize,Maturity,loamy,19.4,65.8,0.0,65.7,2.84,1.05,670.8
Tomato,Vegetative,clay,36.3,62.2,0.0,65.3,8.3,1.0,2103.8
Wheat,Fruiting,clay,22.0,52.0,0.0,79.1,8.59,0.9,953.5
Sugarcane,Flowering,sandy,25.4,42.1,3.2,68.0,5.47,1.45,3523.3
Cotton,Seedling,silt,34.4,44.1,0.0,54.9,1.35,1.15,533.6
Groundnut,Fruiting,silt,30.2,84.4,0.0,46.0,1.3,0.85,589.9
Sugarcane,Flowering,clay,22.1,68.7,1.6,45.0,5.65,1.45,5138.4
Tomato,Flowering,clay,33.6,70.1,0.0,21.7,1.99,1.0,1619.1
Tomato,Vegetative,sandy,39.7,36.6,0.0,20.1,7.47,1.0,7995.8
Tomato,Vegetative,sandy,19.6,76.0,0.0,25.5,5.22,1.0,4092.5
Groundnut,Seedling,sandy,33.1,25.8,0.0,61.5,9.09,0.85,1834.9
Tomato,Vegetative,sandy,41.9,35.2,0.0,59.4,2.66,1.0,1313.1
Cotton,Seedling,clay,25.5,89.3,0.0,21.2,3.86,1.15,2376.4
Cotton,Fruiting,sandy,41.0,31.9,6.6,67.7,8.63,1.15,4492.5
Tomato,Vegetative,silt,35.4,51.4,0.0,21.7,5.96,1.0,4421.1
Sugarcane,Fruiting,sandy,27.7,56.7,0.0,15.5,7.85,1.45,24052.0
Sugarcane,Vegetative,sandy,19.0,41.8,0.0,20.3,4.77,1.45,8515.7
Groundnut,Seedling,silt,34.3,45.6,1.5,52.4,3.75,0.85,596.6
Maize,Vegetative,silt,18.0,42.6,0.9,24.6,6.15,1.05,4437.9
Sugarcane,Fruiting,sandy,24.8,38.7,0.0,48.0,1.58,1.45,2551.6
Sugarcane,Flowering,loamy,39.0,76.4,0.1,70.4,8.42,1.45,4922.1
Groundnut,Flowering,silt,24.2,55.0,0.0,22.8,2.4,0.85,1551.1
Tomato,Flowering,clay,31.2,28.9,0.0,35.8,9.92,1.0,6479.8
Sugarcane,Maturity,silt,24.3,43.6,0.0,54.7,8.43,1.45,5766.8
Tomato,Maturity,clay,18.8,46.8,2.3,73.4,3.22,1.0,127.0
Groundnut,Maturity,silt,21.8,47.9,0.0,79.5,4.16,0.85,278.7
Rice,Seedling,silt,27.5,61.2,0.0,36.8,2.35,1.35,1400.0
Cotton,Seedling,sandy,33.7,76.1,8.0,28.1,0.83,1.15,537.5
Rice,Vegetative,silt,34.7,79.4,3.1,77.7,1.4,1.35,168.6
Cotton,Vegetative,silt,26.7,76.0,0.0,62.4,9.7,1.15,4337.8
Groundnut,Maturity,silt,39.2,60.1,0.0,35.7,4.41,0.85,1709.9
Groundnut,Fruiting,clay,24.0,64.4,0.0,18.1,7.68,0.85,5057.0
Wheat,Fruiting,silt,31.8,78.0,0.0,31.1,9.08,0.9,6596.6
Sugarcane,Seedling,loamy,26.0,57.8,0.0,54.4,3.15,1.45,1716.5
Tomato,Maturity,sandy,39.9,81.4,7.9,69.7,7.91,1.0,50.0
Wheat,Seedling,sandy,34.6,27.2,3.6,45.2,7.4,0.9,1805.0
Groundnut,Seedling,sandy,34.6,40.0,0.0,27.8,7.63,0.85,3560.4
Maize,Seedling,loamy,30.7,61.0,0.7,76.5,3.21,1.05,292.5
Wheat,Flowering,silt,27.3,87.5,0.0,76.4,9.9,0.9,1340.1
Groundnut,Flowering,loamy,34.3,57.2,0.0,51.1,7.39,0.85,3022.7
Wheat,Maturity,clay,35.1,56.3,0.0,23.8,5.7,0.9,2630.6
Rice,Fruiting,sandy,34.5,65.5,0.0,24.0,5.72,1.35,12057.2
Sugarcane,Vegetative,clay,22.5,88.6,0.0,20.1,3.77,1.45,4791.7
Sugarcane,Vegetative,clay,31.7,44.6,6.5,29.9,5.54,1.45,5640.3
Sugarcane,Fruiting,sandy,35.4,30.2,5.1,67.3,5.34,1.45,4195.1
Wheat,Vegetative,loamy,38.7,76.9,0.0,27.2,8.23,0.9,5167.3
Cotton,Flowering,sandy,28.2,87.4,0.0,60.3,7.88,1.15,6196.8
Sugarcane,Seedling,loamy,34.3,31.2,0.0,26.6,7.51,1.45,7783.7
Cotton,Seedling,silt,24.5,55.8,0.1,16.0,6.38,1.15,4889.0
Wheat,Flowering,sandy,33.5,82.5,0.0,58.1,0.82,0.9,375.2
Groundnut,Fruiting,sandy,22.0,84.2,0.0,34.8,7.3,0.85,4966.0
Sugarcane,Flowering,silt,26.6,77.7,0.0,30.8,4.73,1.45,7234.2
Wheat,Vegetative,loamy,18.2,64.2,0.0,66.1,8.1,0.9,1642.8
Tomato,Seedling,loamy,32.7,49.2,0.0,19.7,6.54,1.0,3425.1
Rice,Fruiting,sandy,30.5,57.2,0.0,22.7,1.09,1.35,2446.2
Cotton,Vegetative,silt,31.3,74.2,3.6,37.5,7.75,1.15,5800.5
Tomato,Maturity,loamy,26.5,45.9,0.0,59.9,6.22,1.0,1721.3
Sugarcane,Maturity,silt,34.8,60.0,0.0,23.3,1.67,1.45,2071.1
Cotton,Maturity,loamy,33.8,71.5,0.7,24.9,2.84,1.15,2711.6
Rice,Seedling,sandy,30.9,28.1,6.9,38.4,1.18,1.35,715.6
Rice,Vegetative,loamy,24.7,38.6,3.3,48.0,4.37,1.35,2912.6
Tomato,Fruiting,sandy,28.3,47.5,0.0,25.9,6.46,1.0,8108.1
Groundnut,Flowering,sandy,36.1,39.9,0.0,63.2,2.47,0.85,903.2
Sugarcane,Vegetative,sandy,23.2,60.3,0.0,63.6,0.55,1.45,400.3
Rice,Flowering,sandy,39.2,65.0,0.0,41.7,3.52,1.35,5071.5
Tomato,Vegetative,clay,27.0,55.7,6.1,59.0,2.54,1.0,199.3
Tomato,Flowering,clay,19.8,29.4,0.6,42.3,2.0,1.0,969.1
Rice,Fruiting,silt,33.2,27.4,0.0,42.1,4.42,1.35,5567.1
Rice,Vegetative,silt,29.8,86.9,1.0,56.0,9.3,1.35,5442.1
Tomato,Seedling,clay,34.8,37.4,1.3,36.6,3.16,1.0,993.1
Maize,Seedling,silt,22.4,74.3,5.5,20.6,5.26,1.05,1701.0
Cotton,Vegetative,loamy,20.8,87.7,1.1,24.7,4.09,1.15,4146.4
Tomato,Fruiting,clay,24.3,61.2,0.0,40.3,1.43,1.0,928.7
Groundnut,Seedling,loamy,34.6,78.7,0.0,23.4,4.27,0.85,1658.7
Tomato,Fruiting,clay,25.2,70.7,0.9,71.3,5.47,1.0,1109.1
Wheat,Vegetative,sandy,22.1,88.9,2.4,77.1,5.23,0.9,299.6
Wheat,Fruiting,sandy,41.9,27.3,6.5,40.6,4.04,0.9,2868.6
Sugarcane,Flowering,loamy,19.7,76.9,0.0,26.9,1.38,1.45,2212.5
Groundnut,Maturity,loamy,23.3,77.3,0.0,31.3,2.09,0.85,778.3
Wheat,Flowering,clay,18.9,57.2,0.8,34.2,5.03,0.9,2277.9
Sugarcane,Fruiting,sandy,22.7,58.8,0.0,73.8,1.32,1.45,794.4
Cotton,Vegetative,sandy,40.7,73.3,1.3,73.2,2.19,1.15,823.1
Maize,Fruiting,silt,23.5,83.6,0.0,51.1,9.46,1.05,5662.8
Sugarcane,Flowering,clay,31.8,67.0,1.2,61.0,6.88,1.45,4397.2
Sugarcane,Flowering,loamy,41.1,65.7,0.0,62.1,6.12,1.45,5060.4
Groundnut,Vegetative,silt,27.0,42.0,0.0,55.2,8.43,0.85,2385.2
Tomato,Fruiting,sandy,21.5,55.2,1.0,77.3,3.94,1.0,756.1
Groundnut,Seedling,clay,28.1,80.3,13.7,52.7,5.44,0.85,50.0
Groundnut,Maturity,loamy,26.6,53.0,0.3,55.5,7.0,0.85,1573.7
Groundnut,Seedling,sandy,21.2,67.5,0.0,52.7,3.47,0.85,811.5
Rice,Fruiting,loamy,32.4,59.3,0.0,65.8,5.41,1.35,3411.7
Groundnut,Flowering,sandy,19.0,27.0,13.8,24.2,5.1,0.85,1548.4
Maize,Vegetative,sandy,39.6,34.8,0.0,40.1,5.54,1.05,4928.6
Cotton,Fruiting,clay,18.2,27.2,0.0,75.8,7.43,1.15,1995.7
Sugarcane,Fruiting,silt,40.9,44.5,0.0,77.2,1.79,1.45,758.6
Cotton,Seedling,clay,30.6,69.7,0.0,38.6,5.79,1.15,2912.4
Maize,Vegetative,silt,18.2,63.2,0.0,67.1,9.0,1.05,2312.0
Tomato,Flowering,clay,31.1,66.4,2.4,62.7,8.47,1.0,1853.7
Sugarcane,Flowering,clay,38.1,70.7,0.0,22.2,7.29,1.45,12387.6
Rice,Seedling,silt,26.6,26.3,2.0,16.9,4.97,1.35,3990.9
Maize,Maturity,loamy,41.8,60.6,0.0,39.3,2.08,1.05,1184.8
Groundnut,Seedling,clay,37.0,70.4,7.6,26.5,8.09,0.85,369.3
Wheat,Flowering,clay,34.9,38.2,8.0,36.2,9.22,0.9,2399.0
Wheat,Vegetative,clay,21.9,37.2,0.0,78.8,2.81,0.9,248.3
Wheat,Maturity,sandy,38.0,73.6,3.7,22.0,0.5,0.9,295.5
Cotton,Fruiting,silt,27.4,58.2,0.0,79.7,1.85,1.15,431.6
Wheat,Maturity,sandy,25.4,58.5,0.0,67.5,9.34,0.9,2075.6
Groundnut,Vegetative,sandy,22.0,73.9,0.9,17.7,4.99,0.85,3425.6
Cotton,Vegetative,silt,20.4,56.1,0.0,19.8,8.38,1.15,9207.2
Wheat,Vegetative,clay,24.4,47.1,0.0,64.1,2.24,0.9,449.8
Rice,Fruiting,clay,35.4,74.9,0.0,54.9,7.36,1.35,5637.0
Tomato,Flowering,loamy,20.7,44.4,6.0,63.3,3.24,1.0,399.0
Maize,Maturity,loamy,22.2,61.9,0.0,76.8,8.52,1.05,1143.7
Wheat,Flowering,sandy,30.0,78.3,21.2,28.5,8.2,0.9,970.1
Maize,Seedling,sandy,21.3,80.1,12.2,34.7,4.21,1.05,405.1
Groundnut,Vegetative,sandy,29.5,60.4,0.0,20.4,5.46,0.85,4072.0
Maize,Seedling,loamy,26.9,35.8,0.0,56.1,2.64,1.05,798.1
Groundnut,Flowering,sandy,33.1,36.6,0.0,21.2,2.28,0.85,2051.8
Maize,Seedling,loamy,33.4,25.5,4.2,18.7,7.12,1.05,3651.2
Cotton,Maturity,loamy,21.8,71.7,2.7,26.5,2.19,1.15,1646.7
Tomato,Flowering,sandy,30.7,44.8,0.4,74.7,6.48,1.0,1589.1
Maize,Vegetative,silt,31.9,44.5,4.9,27.3,8.11,1.05,5103.4
Tomato,Flowering,loamy,24.3,60.3,0.0,66.4,3.36,1.0,975.0
Wheat,Vegetative,loamy,25.6,58.6,4.1,32.8,6.69,0.9,2609.7
Rice,Seedling,sandy,39.2,72.8,0.0,58.4,9.0,1.35,4981.4
Sugarcane,Seedling,loamy,20.9,43.2,4.1,58.1,9.06,1.45,2862.3
Rice,Seedling,silt,40.1,38.2,0.0,21.5,4.77,1.35,4314.7
Sugarcane,Maturity,loamy,24.3,59.4,0.9,72.9,4.21,1.45,1228.3
Maize,Vegetative,loamy,36.3,32.0,4.2,16.8,5.5,1.05,4724.9
Rice,Vegetative,silt,19.8,54.7,2.2,33.0,2.63,1.35,2244.3
Cotton,Seedling,sandy,31.6,66.9,0.5,73.5,7.14,1.15,1625.4
Groundnut,Vegetative,clay,24.3,66.6,0.0,58.1,1.32,0.85,297.4
Cotton,Fruiting,silt,28.7,36.8,0.0,21.4,9.6,1.15,16068.4
Tomato,Maturity,silt,21.9,69.8,0.0,65.3,9.53,1.0,1890.4
Rice,Seedling,loamy,39.2,58.2,7.3,57.5,9.59,1.35,1768.7
Rice,Fruiting,silt,35.9,48.3,22.6,53.4,3.18,1.35,559.7
Cotton,Flowering,loamy,31.4,60.2,0.0,67.8,3.49,1.15,1617.0
Wheat,Flowering,silt,19.6,67.3,0.0,18.0,7.87,0.9,5458.8
Rice,Fruiting,silt,35.7,82.2,0.0,70.9,1.46,1.35,688.8
Groundnut,Flowering,sandy,40.7,70.4,0.0,72.3,9.82,0.85,2334.4
Groundnut,Flowering,sandy,33.9,78.0,0.0,68.4,5.43,0.85,1533.8
Tomato,Vegetative,sandy,25.5,37.6,0.0,50.0,3.22,1.0,1850.3
Sugarcane,Maturity,clay,18.6,25.5,0.0,73.8,4.22,1.45,1020.2
Cotton,Flowering,sandy,20.0,70.6,4.3,56.8,0.82,1.15,523.5
Cotton,Maturity,silt,39.7,50.5,0.0,45.6,7.14,1.15,4813.8
Sugarcane,Maturity,sandy,38.2,86.8,0.0,55.7,4.45,1.45,3773.2
Sugarcane,Fruiting,clay,30.4,59.8,0.0,54.4,7.66,1.45,7568.6
Rice,Flowering,silt,27.9,71.2,0.0,48.2,6.97,1.35,6391.1
Sugarcane,Maturity,silt,23.0,27.5,0.0,16.7,2.36,1.45,3030.0
Cotton,Seedling,silt,21.2,65.0,0.0,70.9,3.09,1.15,601.8
Maize,Seedling,sandy,27.6,83.3,0.0,70.0,9.89,1.05,1959.1
Wheat,Maturity,clay,40.4,58.3,0.0,51.0,6.98,0.9,2030.8
Wheat,Seedling,silt,33.3,59.5,0.7,46.6,2.01,0.9,497.5
Tomato,Vegetative,silt,28.2,44.5,0.0,34.3,8.69,1.0,5103.9
Groundnut,Maturity,silt,27.4,51.2,2.4,21.7,4.46,0.85,1534.0
Rice,Seedling,silt,26.4,78.1,0.0,42.8,4.95,1.35,2619.1
Wheat,Flowering,clay,23.3,43.2,1.3,74.4,9.05,0.9,915.2
Maize,Fruiting,sandy,29.2,69.4,3.2,57.9,6.28,1.05,3405.0
Sugarcane,Seedling,sandy,32.0,25.4,0.0,22.6,4.36,1.45,6002.7
Tomato,Maturity,sandy,18.6,33.2,0.0,46.9,4.8,1.0,2211.6
Cotton,Seedling,silt,40.9,57.5,0.0,36.9,8.25,1.15,5399.1
Sugarcane,Seedling,loamy,20.3,30.5,0.0,71.6,5.41,1.45,1480.1
Wheat,Flowering,clay,25.9,39.2,1.7,60.8,2.97,0.9,637.7
Maize,Maturity,clay,37.2,52.8,7.0,54.3,0.59,1.05,57.0
Tomato,Seedling,sandy,37.5,84.8,0.0,27.9,2.6,1.0,1555.0
Maize,Maturity,sandy,23.3,28.9,0.3,64.5,5.34,1.05,1812.7
Groundnut,Flowering,clay,40.2,38.9,0.0,15.9,2.7,0.85,1831.1
Rice,Seedling,loamy,20.7,47.3,3.6,43.9,4.34,1.35,1809.5
Wheat,Fruiting,silt,22.8,32.0,0.0,62.6,6.77,0.9,2213.2
Tomato,Maturity,sandy,41.0,35.9,0.0,60.4,2.57,1.0,1024.6
Maize,Seedling,clay,41.1,67.3,0.0,59.7,4.27,1.05,1032.1
Cotton,Fruiting,sandy,20.1,75.8,0.6,69.0,6.32,1.15,3462.6
Cotton,Seedling,loamy,32.9,47.1,0.0,42.3,3.81,1.15,2327.5
Rice,Flowering,loamy,26.7,36.6,0.0,59.4,0.57,1.35,394.1
Sugarcane,Vegetative,silt,32.2,55.7,0.0,60.7,9.06,1.45,6336.6
Maize,Seedling,clay,22.3,39.5,1.2,74.6,7.02,1.05,448.7
Maize,Seedling,sandy,27.2,71.3,0.0,70.8,9.07,1.05,1831.3
Groundnut,Seedling,silt,28.9,57.2,0.0,32.5,8.61,0.85,2549.9
Sugarcane,Fruiting,silt,19.9,80.0,0.0,71.4,5.69,1.45,2783.3
Groundnut,Vegetative,silt,22.2,74.6,4.5,36.4,2.3,0.85,549.7
Rice,Fruiting,clay,25.7,84.0,0.0,73.5,0.95,1.35,323.9
Sugarcane,Seedling,silt,20.4,63.4,4.7,39.2,8.77,1.45,4456.4
Cotton,Fruiting,silt,23.6,40.5,0.0,23.0,8.95,1.15,13646.4
Tomato,Vegetative,silt,24.7,29.2,0.0,44.5,6.39,1.0,2975.0
Cotton,Fruiting,sandy,18.7,69.9,0.0,46.0,9.78,1.15,12187.8
Rice,Flowering,clay,19.6,69.4,0.0,66.3,8.1,1.35,3351.8
Tomato,Vegetative,silt,38.3,47.8,1.4,65.0,3.64,1.0,844.2
Rice,Fruiting,sandy,41.4,60.4,0.0,78.0,1.73,1.35,768.2
Wheat,Fruiting,sandy,33.7,42.6,0.0,56.4,8.79,0.9,5119.2
Cotton,Fruiting,loamy,24.9,45.2,6.3,48.3,6.97,1.15,5234.9
Wheat,Vegetative,loamy,33.1,84.5,0.0,30.1,8.28,0.9,4657.3
Wheat,Fruiting,sandy,23.3,47.8,0.0,66.1,6.04,0.9,2217.0
Wheat,Flowering,sandy,18.5,45.6,14.5,17.0,5.99,0.9,2644.7
Maize,Vegetative,silt,35.6,37.1,2.9,43.6,7.28,1.05,3606.8
Wheat,Fruiting,silt,39.4,47.3,0.0,50.5,5.03,0.9,2681.9
Wheat,Seedling,loamy,40.5,26.8,0.0,47.9,1.19,0.9,358.8
Groundnut,Vegetative,silt,23.1,81.1,0.0,44.6,8.43,0.85,2802.3
Cotton,Vegetative,loamy,20.7,70.4,0.0,35.2,1.34,1.15,1208.8
Cotton,Seedling,sandy,36.3,30.8,0.0,35.5,0.55,1.15,491.2
Sugarcane,Fruiting,clay,33.1,52.2,1.7,65.7,7.73,1.45,4858.4
Groundnut,Fruiting,loamy,27.8,80.4,0.0,71.4,1.09,0.85,222.2
Maize,Maturity,sandy,31.1,59.6,0.0,75.3,6.98,1.05,1372.4
Wheat,Flowering,sandy,23.0,70.2,2.8,63.4,2.29,0.9,581.1
Maize,Vegetative,loamy,39.8,31.7,0.0,75.4,4.89,1.05,1062.3
Maize,Fruiting,silt,39.6,66.3,0.8,62.0,8.6,1.05,3953.8
Rice,Seedling,silt,19.4,80.7,0.0,16.2,0.56,1.35,437.6
Maize,Fruiting,clay,38.2,67.3,0.0,73.9,4.06,1.05,990.4
Rice,Flowering,silt,40.4,84.5,0.0,21.0,9.63,1.35,14977.8
Groundnut,Maturity,clay,31.2,78.4,4.2,40.9,9.33,0.85,1314.9
Rice,Vegetative,sandy,27.6,86.1,0.0,23.6,5.48,1.35,8257.7
Wheat,Flowering,clay,21.1,47.5,7.9,37.7,5.2,0.9,1039.6
Tomato,Flowering,loamy,40.5,84.4,0.0,26.0,2.55,1.0,2431.5
Tomato,Vegetative,silt,38.8,39.3,0.0,25.7,7.74,1.0,5664.2
Cotton,Seedling,sandy,18.2,66.0,0.0,59.8,3.57,1.15,1420.6
Tomato,Vegetative,clay,32.3,85.8,0.0,73.1,9.15,1.0,1436.8
Rice,Flowering,clay,22.6,30.2,3.9,29.9,4.11,1.35,4260.4
Maize,Maturity,silt,23.3,66.4,0.0,53.0,2.55,1.05,914.2
Sugarcane,Maturity,sandy,24.2,25.6,0.0,76.1,3.34,1.45,1124.7
Wheat,Vegetative,clay,36.1,28.9,0.0,68.9,4.51,0.9,823.2
Rice,Maturity,silt,31.3,34.7,2.0,23.8,7.27,1.35,7051.8
Groundnut,Vegetative,loamy,20.1,44.5,0.0,78.2,6.73,0.85,670.6
Maize,Vegetative,sandy,40.3,33.0,1.0,52.1,4.4,1.05,2857.5
Cotton,Maturity,loamy,30.2,57.1,0.0,43.0,4.41,1.15,3030.0
Groundnut,Flowering,clay,18.4,33.1,0.0,52.5,7.7,0.85,2338.0
Wheat,Flowering,sandy,21.2,46.5,0.2,47.9,2.06,0.9,1162.0
Wheat,Flowering,sandy,40.6,48.9,3.8,67.5,9.02,0.9,1999.2
Maize,Fruiting,loamy,29.4,52.2,0.0,45.8,8.42,1.05,6587.2
Tomato,Seedling,sandy,27.8,34.9,0.0,73.1,7.99,1.0,1277.7
Wheat,Vegetative,clay,39.1,73.6,0.0,44.1,9.7,0.9,4008.5
Rice,Maturity,silt,33.3,71.8,0.0,34.5,6.62,1.35,5674.6
Maize,Maturity,silt,29.1,76.5,0.0,45.3,3.34,1.05,1490.5
Groundnut,Maturity,clay,35.6,61.2,0.0,36.6,4.58,0.85,1461.1
Groundnut,Vegetative,loamy,37.7,43.5,0.5,78.0,6.9,0.85,670.9
Cotton,Flowering,sandy,38.4,25.0,9.1,26.1,0.78,1.15,1231.1
Groundnut,Fruiting,clay,26.9,57.8,6.4,50.4,3.81,0.85,592.4
Sugarcane,Seedling,sandy,41.6,29.9,3.7,73.9,3.82,1.45,796.8
Groundnut,Fruiting,silt,18.9,40.0,1.0,76.3,8.15,0.85,854.8
Tomato,Flowering,loamy,26.3,49.9,3.7,21.7,2.8,1.0,2110.9
Tomato,Fruiting,sandy,26.4,82.7,0.0,15.5,9.48,1.0,12480.5
Groundnut,Maturity,silt,35.9,84.8,0.0,45.5,3.06,0.85,948.7
Cotton,Seedling,loamy,23.1,68.4,0.0,22.8,5.95,1.15,4295.9
Wheat,Maturity,clay,41.7,26.0,0.0,43.1,0.55,0.9,196.9
Tomato,Flowering,sandy,28.8,25.8,0.0,53.8,4.69,1.0,2811.5
Maize,Flowering,loamy,35.8,30.0,0.0,61.3,5.99,1.05,2760.0
Maize,Flowering,silt,20.2,78.3,0.0,31.1,1.94,1.05,1488.2
Wheat,Vegetative,clay,24.1,71.9,1.4,46.3,8.37,0.9,2423.5
Wheat,Maturity,loamy,37.9,86.9,0.0,54.6,7.92,0.9,2322.5
Wheat,Seedling,loamy,35.6,75.9,0.0,17.7,4.7,0.9,2212.1
Rice,Seedling,silt,26.5,49.9,0.0,78.9,4.92,1.35,615.2
Cotton,Fruiting,sandy,23.3,65.3,0.0,60.2,8.22,1.15,6813.9
Sugarcane,Vegetative,loamy,24.9,46.9,0.0,61.5,5.75,1.45,3681.8
Maize,Flowering,clay,39.2,45.6,0.0,53.0,5.49,1.05,2819.2
Sugarcane,Seedling,sandy,29.2,35.5,0.0,49.3,0.77,1.45,595.2
Groundnut,Maturity,silt,33.3,58.7,0.0,53.0,9.11,0.85,2324.3
Cotton,Fruiting,clay,23.8,75.9,0.0,72.7,6.3,1.15,2233.2
Rice,Fruiting,clay,20.9,67.5,0.0,62.6,5.88,1.35,3241.7
Groundnut,Fruiting,clay,29.1,46.8,8.4,61.8,7.06,0.85,50.0
Tomato,Fruiting,loamy,25.2,48.0,1.7,74.4,1.2,1.0,212.6
Tomato,Flowering,sandy,35.9,47.3,8.2,35.5,5.24,1.0,3615.0
Sugarcane,Vegetative,silt,23.1,34.4,0.0,50.0,4.58,1.45,3892.1
Cotton,Seedling,silt,38.5,67.0,0.0,54.5,8.53,1.15,3718.2
Wheat,Flowering,loamy,27.3,36.6,0.0,23.5,1.75,0.9,1374.2
Wheat,Fruiting,loamy,39.1,72.2,0.0,59.9,9.17,0.9,3927.5
Tomato,Flowering,silt,41.7,34.0,0.2,16.2,9.36,1.0,9855.3
Tomato,Maturity,clay,36.4,30.2,0.0,73.4,6.89,1.0,935.9
Sugarcane,Fruiting,silt,19.1,83.9,2.7,44.4,9.95,1.45,10881.1
Tomato,Vegetative,silt,26.3,30.5,0.0,36.9,3.12,1.0,1739.8
Rice,Fruiting,silt,37.6,60.0,0.0,33.0,6.49,1.35,10197.3
Rice,Flowering,silt,35.7,43.8,0.0,53.8,0.51,1.35,413.9
Groundnut,Fruiting,clay,24.2,80.1,0.0,54.7,8.81,0.85,2927.7
Wheat,Vegetative,loamy,31.5,48.2,0.0,46.9,5.57,0.9,2507.8
Rice,Seedling,loamy,22.4,36.3,0.0,37.6,7.74,1.35,4876.8
Cotton,Maturity,silt,35.5,26.0,5.6,30.3,3.05,1.15,2155.6
Cotton,Vegetative,clay,27.6,47.9,0.0,75.9,9.26,1.15,2027.1
Sugarcane,Vegetative,loamy,32.8,45.3,0.0,61.8,4.36,1.45,3059.7
Sugarcane,Seedling,loamy,31.0,84.1,0.0,67.9,8.99,1.45,2974.2
Wheat,Maturity,clay,24.6,85.2,0.0,34.1,6.51,0.9,2238.5
Rice,Flowering,sandy,18.1,35.2,0.0,62.0,6.88,1.35,5143.6
Rice,Maturity,clay,31.0,47.6,1.5,53.6,6.03,1.35,2742.3
Tomato,Maturity,sandy,25.0,31.3,0.0,77.7,6.7,1.0,932.8
Tomato,Maturity,loamy,24.2,62.9,0.0,79.3,3.76,1.0,364.8
Maize,Fruiting,loamy,22.7,84.7,0.0,37.6,3.99,1.05,3425.3
Tomato,Flowering,sandy,36.1,43.1,4.4,22.3,7.31,1.0,7629.0
Rice,Flowering,loamy,36.0,85.8,0.0,79.6,6.97,1.35,1701.8
Cotton,Flowering,clay,33.0,74.6,3.3,24.3,4.03,1.15,4414.1
Wheat,Vegetative,loamy,19.1,76.8,0.0,42.1,5.16,0.9,2218.3
Maize,Fruiting,silt,40.1,58.3,6.4,78.5,1.25,1.05,50.0
Wheat,Flowering,loamy,22.6,50.3,1.3,53.0,9.94,0.9,3672.9
Rice,Seedling,sandy,41.6,82.0,0.0,50.9,7.01,1.35,4848.4
Cotton,Flowering,sandy,27.2,39.3,0.0,36.2,2.29,1.15,3178.7
Rice,Flowering,sandy,20.1,52.5,0.0,22.2,6.99,1.35,12162.2
Wheat,Fruiting,sandy,41.1,54.8,1.4,17.8,7.01,0.9,8774.3
Cotton,Flowering,loamy,31.3,85.7,3.9,20.1,7.36,1.15,9330.5
Tomato,Fruiting,silt,30.8,60.0,0.0,21.8,8.15,1.0,7951.3
Groundnut,Flowering,clay,21.9,37.8,0.7,70.6,6.0,0.85,776.4
Sugarcane,Vegetative,silt,26.4,53.1,1.8,79.4,8.2,1.45,1380.3
Cotton,Vegetative,loamy,38.6,49.5,1.4,42.0,4.09,1.15,3590.2
Wheat,Vegetative,sandy,31.0,40.0,0.0,16.1,9.37,0.9,8768.5
Cotton,Maturity,clay,41.8,53.3,0.0,26.7,9.36,1.15,7992.9
Cotton,Flowering,loamy,19.3,62.6,0.0,22.8,6.95,1.15,9004.0
Tomato,Fruiting,loamy,40.5,41.7,0.0,59.8,9.7,1.0,5158.2
Wheat,Vegetative,clay,20.7,76.7,0.0,25.1,5.61,0.9,2757.1
Wheat,Maturity,sandy,33.2,35.4,0.0,16.4,6.47,0.9,4934.8
Rice,Vegetative,loamy,28.0,60.5,0.6,23.7,4.39,1.35,5227.6
Rice,Flowering,loamy,24.9,34.1,0.5,35.7,4.52,1.35,5526.2
Wheat,Vegetative,loamy,19.0,26.0,0.8,46.5,8.46,0.9,3057.9
Sugarcane,Seedling,clay,18.8,48.6,5.1,43.0,9.1,1.45,3336.5
Tomato,Flowering,sandy,28.6,26.5,0.0,60.5,4.99,1.0,2494.3
Sugarcane,Maturity,sandy,30.5,37.3,1.3,43.1,6.29,1.45,7204.4
Wheat,Vegetative,sandy,36.0,89.5,0.0,78.6,4.89,0.9,717.4
Sugarcane,Fruiting,sandy,37.2,45.8,0.0,40.3,8.01,1.45,17191.0
Rice,Flowering,clay,24.1,36.8,1.0,71.2,7.98,1.35,2586.8
Tomato,Seedling,loamy,30.6,61.5,0.0,31.0,7.76,1.0,3413.0
Wheat,Seedling,silt,30.1,36.8,0.0,38.5,8.74,0.9,2825.4
Sugarcane,Seedling,loamy,33.3,61.8,0.0,67.5,0.98,1.45,345.5
Wheat,Seedling,silt,35.9,32.6,0.0,71.6,2.5,0.9,285.5
Rice,Vegetative,silt,35.6,84.0,0.0,33.7,5.7,1.35,5856.2
Tomato,Vegetative,clay,20.9,64.2,0.0,79.7,1.92,1.0,181.2
Sugarcane,Vegetative,loamy,40.8,88.6,0.0,28.6,1.99,1.45,3006.0
Tomato,Flowering,clay,38.6,39.7,0.0,33.9,7.78,1.0,5510.8
Sugarcane,Maturity,clay,30.8,39.2,2.5,28.2,3.12,1.45,2976.2
Cotton,Maturity,silt,38.9,89.1,0.0,29.9,8.0,1.15,6964.4
Rice,Maturity,silt,28.1,61.3,10.4,65.6,6.93,1.35,50.0
Tomato,Fruiting,silt,20.2,73.0,0.0,33.0,5.95,1.0,4532.1
Tomato,Vegetative,clay,24.6,34.9,0.0,24.3,2.16,1.0,1382.1
Groundnut,Fruiting,clay,31.0,57.5,0.0,64.8,2.23,0.85,565.4
Cotton,Vegetative,clay,21.0,61.5,8.0,47.1,8.72,1.15,2766.4
Wheat,Flowering,sandy,29.1,40.8,0.0,64.0,5.63,0.9,2143.7
Sugarcane,Flowering,clay,30.7,47.4,5.4,17.4,7.13,1.45,11700.0
Groundnut,Fruiting,loamy,26.0,75.1,0.0,17.1,5.23,0.85,4052.3
Sugarcane,Fruiting,sandy,40.4,81.9,4.7,34.7,5.22,1.45,11338.0
Wheat,Seedling,sandy,22.8,66.8,0.0,50.9,4.67,0.9,1360.4
Maize,Seedling,sandy,18.0,46.2,4.0,20.4,1.23,1.05,631.7
Sugarcane,Maturity,silt,22.7,63.3,0.0,35.0,4.88,1.45,4639.0
Maize,Fruiting,loamy,40.8,48.5,0.0,34.8,2.42,1.05,2571.6
Rice,Vegetative,loamy,39.5,43.8,0.0,37.6,1.8,1.35,2007.5
Cotton,Fruiting,sandy,23.6,52.5,4.2,39.3,3.79,1.15,4778.3
Tomato,Fruiting,sandy,25.0,64.4,2.5,32.3,2.12,1.0,2051.2
Maize,Flowering,silt,41.8,70.6,2.5,40.0,5.94,1.05,4070.4
Cotton,Vegetative,sandy,41.5,30.8,0.0,24.4,5.19,1.15,8623.5
Groundnut,Seedling,loamy,31.5,62.7,0.0,15.8,5.13,0.85,2078.3
Rice,Maturity,sandy,24.7,67.7,0.0,58.7,4.45,1.35,2668.7
Rice,Fruiting,sandy,21.2,57.7,0.0,44.2,9.95,1.35,14154.1
Wheat,Flowering,loamy,34.2,69.2,0.4,56.0,4.38,0.9,1655.4
Cotton,Seedling,sandy,29.4,54.0,0.0,58.1,7.19,1.15,3368.4
Tomato,Seedling,clay,37.3,67.7,0.0,25.3,3.44,1.0,1429.4
Rice,Vegetative,loamy,32.2,56.1,2.7,21.3,6.99,1.35,8781.5
Sugarcane,Fruiting,clay,25.6,68.6,0.0,34.5,7.95,1.45,11487.0
Groundnut,Fruiting,silt,32.9,37.5,0.8,52.5,5.71,0.85,2189.2
Wheat,Maturity,clay,27.4,60.3,0.0,56.5,8.94,0.9,1929.1
Rice,Fruiting,loamy,26.5,25.6,0.0,31.2,7.5,1.35,11169.2
Wheat,Vegetative,silt,34.9,29.4,0.0,76.4,7.85,0.9,1058.4
Groundnut,Flowering,sandy,35.1,68.9,0.0,17.6,9.13,0.85,8822.9
Cotton,Flowering,clay,22.9,89.1,0.0,32.7,5.95,1.15,5864.6
Groundnut,Vegetative,clay,34.3,76.2,0.0,48.7,7.46,0.85,2364.7
Rice,Flowering,clay,19.3,48.3,0.0,74.7,4.0,1.35,1091.9
Wheat,Seedling,clay,37.3,41.3,0.3,72.7,3.16,0.9,286.8
Cotton,Flowering,sandy,27.3,71.3,0.0,45.1,2.06,1.15,2449.1
Maize,Fruiting,sandy,36.8,52.1,0.0,43.6,1.07,1.05,1132.8
Wheat,Vegetative,sandy,27.6,58.9,2.5,23.1,0.95,0.9,667.5
Groundnut,Maturity,silt,35.4,26.9,0.0,18.7,2.27,0.85,1157.0
Maize,Maturity,loamy,20.4,76.9,0.0,61.1,9.33,1.05,2647.9
Tomato,Vegetative,loamy,23.6,89.7,0.0,69.8,1.46,1.0,310.3
Rice,Fruiting,silt,37.2,77.9,0.0,27.1,1.38,1.35,2292.4
Groundnut,Maturity,loamy,30.2,81.0,0.0,65.0,8.51,0.85,1467.7
Maize,Fruiting,sandy,40.0,33.4,1.8,67.5,2.1,1.05,999.7
Maize,Maturity,clay,18.2,43.5,1.7,51.8,4.14,1.05,1081.1
Sugarcane,Fruiting,clay,37.3,49.3,0.6,79.1,7.39,1.45,2088.6
Maize,Maturity,loamy,31.6,85.9,0.0,70.5,9.56,1.05,1934.6
Rice,Maturity,sandy,37.1,76.1,0.0,52.8,1.54,1.35,1210.8
Rice,Fruiting,silt,28.9,72.0,0.0,38.5,2.87,1.35,3596.3
Wheat,Fruiting,loamy,22.2,51.2,0.0,50.1,9.47,0.9,4854.0
Groundnut,Vegetative,clay,39.4,76.5,0.0,50.0,1.48,0.85,432.2
Wheat,Fruiting,clay,41.4,57.6,6.8,76.1,8.05,0.9,50.0
Wheat,Maturity,sandy,30.5,84.9,0.8,55.6,7.21,0.9,2279.8
Tomato,Flowering,sandy,37.6,60.7,0.0,20.6,6.27,1.0,7799.3
Cotton,Maturity,loamy,39.5,34.7,4.1,51.9,6.35,1.15,3046.0
Wheat,Fruiting,silt,30.6,44.2,0.0,64.1,4.78,0.9,1495.1
Rice,Flowering,loamy,22.0,37.8,0.0,55.9,0.5,1.35,379.0
Rice,Fruiting,loamy,19.5,63.1,0.0,29.4,6.34,1.35,9273.8
Cotton,Seedling,clay,28.1,85.0,0.0,52.2,1.56,1.15,551.3
Wheat,Vegetative,sandy,24.1,57.6,0.0,55.6,1.18,0.9,475.7
Cotton,Flowering,silt,25.4,81.1,0.0,64.8,2.37,1.15,1106.8
Maize,Vegetative,sandy,29.3,89.8,0.0,57.4,8.79,1.05,4416.1
Groundnut,Fruiting,silt,25.7,87.3,0.0,44.7,0.95,0.85,435.5
Wheat,Fruiting,silt,27.2,84.5,0.0,62.8,3.1,0.9,995.0
Tomato,Maturity,silt,27.2,59.8,0.0,75.2,8.51,1.0,1080.6
Groundnut,Flowering,silt,36.7,51.6,0.0,44.5,8.36,0.85,3718.1
Sugarcane,Vegetative,clay,31.8,51.3,0.0,30.6,4.09,1.45,4932.2
Cotton,Fruiting,clay,23.1,26.4,0.0,36.9,5.21,1.15,5582.9
Cotton,Vegetative,sandy,27.6,78.5,1.0,35.5,3.75,1.15,4163.6
Groundnut,Vegetative,silt,37.8,47.2,0.0,31.9,1.0,0.85,504.1
Cotton,Flowering,clay,39.1,36.3,0.0,79.1,6.52,1.15,1343.2
Tomato,Fruiting,sandy,22.2,75.7,0.0,43.2,3.98,1.0,3249.3
Rice,Vegetative,silt,24.2,67.4,0.4,57.7,8.34,1.35,4483.4
Maize,Seedling,sandy,34.3,47.7,0.0,57.1,5.21,1.05,1931.5
Groundnut,Seedling,silt,39.1,78.6,1.6,58.9,1.25,0.85,144.2
Tomato,Fruiting,clay,35.2,36.2,2.1,49.0,6.12,1.0,3055.4
Cotton,Fruiting,loamy,35.1,71.3,2.1,69.8,7.95,1.15,3334.4
Rice,Fruiting,silt,34.0,83.5,0.0,72.7,1.02,1.35,429.0
Sugarcane,Maturity,loamy,18.1,65.9,0.0,63.3,2.66,1.45,1288.0
Rice,Vegetative,sandy,30.5,40.2,0.0,59.9,0.53,1.35,413.4
Cotton,Maturity,clay,37.7,54.7,0.0,67.7,1.11,1.15,344.9
Tomato,Flowering,clay,28.0,41.9,0.0,72.0,3.03,1.0,596.3
Cotton,Seedling,sandy,31.9,34.7,0.0,35.4,6.86,1.15,5781.1
Tomato,Seedling,sandy,34.7,89.7,0.0,60.2,6.58,1.0,1743.8
Wheat,Maturity,silt,20.5,54.6,0.0,78.1,8.25,0.9,664.1
Groundnut,Fruiting,silt,20.9,27.7,0.0,36.0,7.3,0.85,4231.9
Cotton,Fruiting,clay,39.7,68.5,3.9,75.9,7.83,1.15,1373.3
Rice,Seedling,sandy,31.4,50.3,0.0,35.0,7.14,1.35,6155.3
Groundnut,Maturity,loamy,35.7,26.4,0.0,72.8,5.31,0.85,661.2
Wheat,Vegetative,sandy,38.6,35.2,6.9,73.9,2.94,0.9,50.0
Sugarcane,Flowering,clay,39.1,82.7,1.8,56.0,8.8,1.45,6889.9
Maize,Seedling,clay,34.3,29.8,4.8,53.1,9.98,1.05,1100.4
Rice,Maturity,clay,35.7,83.1,0.0,33.4,3.24,1.35,2491.0
Maize,Fruiting,silt,23.6,59.1,4.1,57.6,0.9,1.05,338.4
Rice,Vegetative,clay,39.1,68.8,2.4,37.2,5.96,1.35,4862.9
Cotton,Vegetative,clay,39.2,89.4,0.0,19.0,6.37,1.15,7117.6
Groundnut,Vegetative,loamy,28.9,28.1,0.0,21.5,7.96,0.85,4632.6
Tomato,Vegetative,sandy,26.0,39.0,0.0,40.1,8.56,1.0,5981.6
Groundnut,Fruiting,silt,37.1,54.7,0.0,53.8,2.12,0.85,906.6
Rice,Maturity,sandy,33.2,66.2,0.7,74.5,2.24,1.35,649.1
Rice,Flowering,silt,29.9,77.4,0.0,39.7,2.85,1.35,2941.1
Cotton,Seedling,loamy,19.6,62.6,0.0,63.1,0.8,1.15,221.1
Sugarcane,Maturity,silt,34.7,61.8,2.1,33.0,3.88,1.45,3833.8
Sugarcane,Maturity,clay,22.4,47.2,1.2,29.2,9.07,1.45,8192.7
Rice,Vegetative,loamy,21.5,65.4,0.0,70.6,6.39,1.35,2235.4
Rice,Fruiting,loamy,21.6,63.4,0.0,70.6,8.45,1.35,4184.1
Sugarcane,Flowering,loamy,34.9,59.6,0.0,77.2,4.19,1.45,1568.6
Groundnut,Vegetative,loamy,33.0,88.5,0.0,38.2,6.41,0.85,2850.0
Rice,Flowering,sandy,25.4,69.7,0.0,40.5,4.95,1.35,6527.2
Groundnut,Fruiting,silt,40.9,46.3,0.0,73.2,5.19,0.85,1047.9
Groundnut,Maturity,clay,41.9,76.7,0.0,31.1,9.66,0.85,3589.0
Rice,Flowering,silt,20.4,25.1,0.0,77.5,2.57,1.35,669.2
Rice,Vegetative,loamy,39.0,31.4,0.0,26.4,2.0,1.35,2839.0
Groundnut,Maturity,silt,24.4,79.7,0.0,57.0,0.88,0.85,174.5
Sugarcane,Maturity,sandy,39.4,89.8,0.0,43.1,1.05,1.45,1220.7
Sugarcane,Fruiting,clay,38.4,60.7,0.0,37.6,7.71,1.45,11804.1
Maize,Flowering,clay,36.7,42.8,0.4,38.2,0.84,1.05,601.1
Groundnut,Vegetative,loamy,32.5,75.9,9.5,75.4,6.46,0.85,50.0
Groundnut,Fruiting,sandy,27.9,72.7,6.2,59.2,3.24,0.85,713.2
Groundnut,Maturity,loamy,35.7,73.2,0.0,15.9,2.97,0.85,1671.2
Groundnut,Seedling,clay,30.6,35.7,0.0,67.5,7.06,0.85,762.3
Maize,Vegetative,loamy,37.0,39.4,0.0,52.1,4.53,1.05,2379.9
Groundnut,Fruiting,sandy,32.2,75.2,0.0,73.9,2.2,0.85,546.1
Sugarcane,Flowering,loamy,31.6,47.1,2.2,31.9,7.56,1.45,11757.6
Groundnut,Vegetative,sandy,33.1,28.0,0.0,68.8,2.52,0.85,582.7
Rice,Vegetative,clay,19.8,73.9,5.0,74.5,7.76,1.35,414.3
Sugarcane,Fruiting,sandy,35.3,39.3,0.0,73.6,3.75,1.45,2555.3
Rice,Maturity,loamy,29.3,73.8,15.2,32.7,6.98,1.35,2519.4
Cotton,Seedling,sandy,30.0,84.2,0.5,58.5,4.06,1.15,1697.6
Maize,Flowering,sandy,41.7,48.0,0.0,21.0,4.8,1.05,6713.4
Sugarcane,Flowering,clay,32.7,30.6,0.0,52.1,6.82,1.45,6264.2
Wheat,Vegetative,sandy,30.0,57.3,0.0,15.2,6.31,0.9,5700.4
Groundnut,Fruiting,silt,21.0,48.8,0.0,57.8,8.82,0.85,3017.7
Wheat,Seedling,sandy,35.2,37.7,0.0,54.8,8.34,0.9,2504.3
Cotton,Maturity,sandy,20.1,43.0,1.3,63.2,9.75,1.15,4003.3
Tomato,Maturity,loamy,30.3,86.4,0.0,37.9,5.77,1.0,2702.3
Tomato,Vegetative,clay,33.3,50.0,0.0,71.8,8.69,1.0,1552.6
Tomato,Maturity,silt,28.7,33.1,0.3,30.7,9.68,1.0,5233.2
Wheat,Maturity,sandy,40.7,64.1,0.6,53.0,3.67,0.9,1278.8
Cotton,Maturity,silt,27.5,62.9,2.3,34.4,8.81,1.15,5839.1
Sugarcane,Maturity,clay,22.7,77.7,0.0,21.5,6.42,1.45,6450.8
Rice,Maturity,sandy,39.3,41.2,0.0,31.2,5.51,1.35,7056.6
Tomato,Fruiting,loamy,21.0,48.0,5.7,47.1,6.49,1.0,2693.5
Groundnut,Vegetative,sandy,41.8,81.4,0.0,49.0,4.51,0.85,2068.5
Maize,Flowering,loamy,23.3,51.5,0.0,55.2,1.32,1.05,636.4
Groundnut,Flowering,clay,21.3,41.3,0.0,36.1,8.9,0.85,3808.6
Cotton,Vegetative,sandy,28.9,51.2,0.0,60.2,4.07,1.15,2698.2
Cotton,Seedling,sandy,19.8,73.0,0.0,33.0,3.06,1.15,2276.3
Cotton,Vegetative,sandy,32.2,36.8,0.0,79.2,2.36,1.15,604.0
Rice,Seedling,silt,29.1,37.7,5.1,37.3,2.9,1.35,1287.3
Groundnut,Seedling,silt,29.8,26.0,1.7,73.3,6.89,0.85,201.6
Wheat,Vegetative,clay,40.6,52.1,0.0,27.8,9.31,0.9,5060.1
Sugarcane,Vegetative,clay,21.4,61.6,0.0,57.7,1.6,1.45,952.1
Groundnut,Seedling,sandy,24.3,36.6,4.2,65.7,2.43,0.85,50.0
Cotton,Fruiting,clay,22.7,56.8,0.0,68.3,7.19,1.15,3137.6
Groundnut,Maturity,clay,38.8,75.5,1.0,39.7,2.44,0.85,665.6
Wheat,Fruiting,silt,21.4,36.6,1.7,20.4,6.9,0.9,5205.6
Rice,Maturity,clay,18.7,33.8,0.0,33.1,1.63,1.35,1201.4
Cotton,Fruiting,silt,41.8,25.8,2.1,51.8,1.42,1.15,1273.6
Rice,Flowering,sandy,24.6,67.3,0.0,65.3,1.68,1.35,1128.7
Tomato,Vegetative,loamy,32.5,63.4,0.0,46.1,7.35,1.0,3714.5
Wheat,Vegetative,loamy,35.5,34.2,0.0,29.7,4.86,0.9,2914.3
Tomato,Vegetative,loamy,29.1,89.5,0.0,56.3,7.97,1.0,2941.9
Maize,Flowering,sandy,25.4,81.6,2.7,32.9,3.19,1.05,2954.5
Maize,Vegetative,sandy,19.4,29.9,1.9,21.8,2.99,1.05,2989.6
Wheat,Flowering,silt,40.0,36.0,0.0,35.2,0.65,0.9,414.1
Cotton,Vegetative,clay,32.0,75.4,0.0,73.7,1.15,1.15,297.1
Wheat,Fruiting,sandy,23.5,80.4,0.0,48.3,5.91,0.9,3779.0
Sugarcane,Fruiting,loamy,38.5,40.1,0.0,74.5,0.65,1.45,356.0
Sugarcane,Fruiting,sandy,29.5,82.2,12.7,63.0,6.34,1.45,3805.4
Rice,Seedling,loamy,25.3,51.8,2.1,37.2,0.57,1.35,330.8
Tomato,Vegetative,sandy,22.2,77.4,0.0,23.3,8.29,1.0,7135.9
Cotton,Seedling,clay,20.9,67.5,0.0,42.7,1.71,1.15,740.2
Wheat,Maturity,sandy,22.5,43.0,0.0,47.6,7.81,0.9,3239.1
Tomato,Vegetative,loamy,37.1,51.1,0.0,59.5,6.4,1.0,2378.1
Groundnut,Seedling,clay,22.7,67.7,0.0,57.1,9.61,0.85,1423.4
Wheat,Maturity,loamy,33.8,46.7,1.7,69.3,5.34,0.9,610.2
Rice,Vegetative,silt,31.5,49.3,0.0,16.7,0.61,1.35,841.1
Groundnut,Flowering,silt,40.9,70.1,3.1,43.1,1.35,0.85,496.4
Tomato,Maturity,sandy,26.8,74.9,2.7,45.4,6.14,1.0,2475.5
Tomato,Fruiting,silt,25.1,66.1,0.0,34.7,6.62,1.0,5082.2
Wheat,Seedling,sandy,34.3,38.0,0.3,54.8,0.84,0.9,241.6
Sugarcane,Seedling,clay,41.7,44.2,3.4,40.6,5.72,1.45,3470.3
Sugarcane,Vegetative,silt,37.0,58.7,0.0,46.0,2.55,1.45,2644.7
Tomato,Fruiting,silt,36.9,49.3,4.6,16.0,0.78,1.0,736.5
Wheat,Vegetative,loamy,37.4,68.5,0.0,15.5,8.91,0.9,6700.0
Groundnut,Seedling,silt,38.6,38.6,0.0,50.4,2.36,0.85,513.1
Maize,Vegetative,silt,37.5,73.8,0.0,21.4,8.09,1.05,6902.8
Wheat,Vegetative,clay,35.7,37.2,0.4,34.1,1.96,0.9,964.8
Rice,Maturity,silt,36.5,32.6,0.0,43.6,8.46,1.35,6281.7
Rice,Vegetative,sandy,22.7,83.1,0.0,55.4,4.17,1.35,3193.3
Sugarcane,Seedling,silt,29.3,63.2,0.0,63.9,2.33,1.45,865.6
Maize,Seedling,silt,28.2,25.1,0.0,65.4,9.46,1.05,1889.9
Maize,Seedling,clay,23.4,37.2,0.0,74.6,0.9,1.05,94.6
Sugarcane,Maturity,sandy,27.5,56.6,0.0,33.9,2.14,1.45,2877.9
Sugarcane,Maturity,clay,32.4,42.3,5.1,51.4,6.42,1.45,3132.2
Wheat,Vegetative,silt,29.3,40.0,0.0,24.5,5.66,0.9,3421.7
Maize,Flowering,sandy,27.8,83.4,0.0,77.4,1.37,1.05,319.3
Groundnut,Seedling,sandy,28.8,78.8,0.0,24.0,9.34,0.85,4139.6
Sugarcane,Vegetative,sandy,31.8,69.9,0.0,53.2,6.32,1.45,6715.7
Groundnut,Flowering,silt,38.9,76.2,0.0,18.7,7.62,0.85,5398.7
Cotton,Fruiting,clay,30.6,38.3,0.0,63.3,4.39,1.15,2455.0
Sugarcane,Flowering,sandy,30.4,34.9,0.0,15.1,6.79,1.45,18468.8
Wheat,Vegetative,loamy,38.9,32.1,0.0,23.8,8.94,0.9,6253.6
Wheat,Vegetative,loamy,40.4,52.4,2.1,56.5,2.5,0.9,706.2
Tomato,Maturity,silt,22.5,29.3,0.0,21.9,5.66,1.0,3388.7
Wheat,Flowering,loamy,32.1,68.1,0.0,50.5,9.23,0.9,4087.2
Tomato,Seedling,sandy,21.6,46.3,0.0,52.7,4.95,1.0,1590.3
Sugarcane,Flowering,loamy,20.2,35.3,0.0,47.9,7.46,1.45,8144.4
Sugarcane,Maturity,silt,26.8,88.6,0.0,54.0,5.32,1.45,3487.5
Cotton,Fruiting,clay,40.3,44.4,0.0,50.5,6.05,1.15,5532.7
Wheat,Vegetative,clay,29.9,25.5,0.0,31.3,0.86,0.9,436.3
Groundnut,Vegetative,loamy,36.9,26.8,0.0,23.4,4.88,0.85,3015.7
Sugarcane,Flowering,loamy,28.7,66.5,2.5,26.5,9.43,1.45,15536.6
Tomato,Seedling,clay,29.0,72.4,1.7,40.6,2.01,1.0,494.3
Groundnut,Flowering,sandy,33.7,53.7,0.0,75.6,5.59,0.85,1049.4
Sugarcane,Vegetative,loamy,26.9,44.9,0.7,47.6,8.46,1.45,8126.1
Rice,Fruiting,loamy,24.5,31.6,0.0,35.1,2.85,1.35,4117.6
Groundnut,Maturity,loamy,40.7,31.4,0.0,16.9,6.13,0.85,3537.1
Wheat,Vegetative,loamy,24.3,41.6,5.8,15.4,3.7,0.9,1936.5
Cotton,Maturity,clay,18.1,56.7,9.2,17.8,6.39,1.15,3195.4
Sugarcane,Fruiting,sandy,30.8,56.6,0.0,73.8,4.11,1.45,2664.4
Groundnut,Vegetative,sandy,21.9,76.8,1.9,76.0,9.65,0.85,676.3
Tomato,Maturity,clay,32.3,42.3,0.0,70.9,9.42,1.0,1513.1
Cotton,Flowering,silt,22.2,77.5,2.8,54.5,7.53,1.15,4064.0
Rice,Vegetative,silt,19.2,36.7,3.3,66.5,9.06,1.35,2744.8
Groundnut,Flowering,loamy,39.1,75.0,14.0,29.5,5.62,0.85,854.5
Sugarcane,Maturity,sandy,21.5,52.8,0.0,73.0,7.32,1.45,2780.9
Cotton,Maturity,clay,21.1,39.3,4.8,78.8,5.64,1.15,50.0
Cotton,Fruiting,sandy,25.7,43.8,0.0,26.3,4.13,1.15,7618.1
Groundnut,Maturity,loamy,23.1,39.1,0.0,38.1,5.44,0.85,1878.8
Cotton,Seedling,clay,40.5,61.3,0.0,33.5,5.27,1.15,3140.5
Sugarcane,Seedling,clay,22.5,50.7,0.0,58.9,4.0,1.45,1489.4
Groundnut,Seedling,silt,27.2,51.5,2.0,60.4,1.69,0.85,143.8
Wheat,Maturity,clay,30.4,67.6,0.0,50.1,7.82,0.9,2151.1
Wheat,Vegetative,clay,24.3,51.0,0.0,23.2,9.62,0.9,5091.9
Wheat,Maturity,clay,29.7,50.9,0.0,19.0,6.64,0.9,3158.0
Sugarcane,Seedling,loamy,35.9,43.4,3.2,22.6,6.57,1.45,6472.1
Sugarcane,Flowering,clay,27.3,75.8,0.0,48.8,5.3,1.45,4815.2
Sugarcane,Flowering,loamy,27.0,80.4,2.2,31.9,5.89,1.45,8376.5
Cotton,Fruiting,sandy,33.2,45.2,0.0,69.3,7.44,1.15,4730.0
Rice,Flowering,clay,20.9,41.7,2.6,52.1,4.21,1.35,2532.5
Sugarcane,Fruiting,sandy,25.0,44.1,0.0,42.9,1.37,1.45,2473.6
Wheat,Seedling,silt,39.1,89.4,0.0,64.5,2.1,0.9,337.1
Tomato,Flowering,clay,41.4,83.1,0.0,21.2,7.43,1.0,6359.7
Rice,Vegetative,loamy,28.0,55.4,0.0,54.0,9.3,1.35,6309.5
Sugarcane,Seedling,clay,41.4,72.2,0.0,45.4,0.66,1.45,395.9
Rice,Flowering,loamy,33.4,53.4,1.9,43.5,4.21,1.35,4193.6
Cotton,Vegetative,loamy,23.2,57.1,0.0,15.8,0.57,1.15,710.6
Groundnut,Fruiting,silt,37.7,63.3,0.0,38.3,4.04,0.85,2505.5
Cotton,Vegetative,silt,31.6,31.7,0.8,43.9,0.93,1.15,743.5
Sugarcane,Fruiting,silt,18.3,25.7,0.0,34.7,8.34,1.45,13408.4
Cotton,Vegetative,clay,35.7,43.0,4.9,58.9,1.63,1.15,552.3
Wheat,Seedling,sandy,31.7,36.2,4.5,25.8,2.25,0.9,824.8
Maize,Seedling,sandy,29.2,89.7,0.0,56.6,9.15,1.05,2988.6
Sugarcane,Vegetative,loamy,40.6,82.8,8.5,78.6,3.98,1.45,50.0
Tomato,Fruiting,loamy,19.0,86.3,0.0,49.2,7.61,1.0,4207.9
Maize,Maturity,silt,23.7,78.5,0.0,34.6,8.25,1.05,4199.7
Tomato,Fruiting,loamy,18.8,72.2,0.0,74.6,9.53,1.0,1938.4
Groundnut,Maturity,loamy,25.6,63.5,0.0,32.7,6.14,0.85,2304.7
Maize,Flowering,loamy,39.7,43.4,0.0,72.1,1.49,1.05,436.8
Cotton,Vegetative,silt,29.7,32.7,0.0,48.6,8.91,1.15,6728.6
Groundnut,Vegetative,sandy,31.6,25.1,9.5,59.8,5.39,0.85,50.0
Wheat,Fruiting,sandy,40.3,84.3,2.5,21.7,1.99,0.9,2073.9
Cotton,Maturity,sandy,25.6,57.0,0.0,50.3,4.6,1.15,3286.6
Cotton,Maturity,clay,35.0,49.2,0.0,36.5,9.87,1.15,7225.3
Sugarcane,Flowering,silt,25.1,64.1,0.0,25.1,6.01,1.45,9440.0
Groundnut,Seedling,loamy,27.2,41.0,0.0,31.1,7.94,0.85,2508.9
Cotton,Flowering,silt,28.2,65.4,0.0,26.5,9.54,1.15,12194.0
Wheat,Vegetative,loamy,21.5,29.8,0.0,34.5,4.87,0.9,2614.5
Maize,Vegetative,silt,26.5,66.6,0.0,65.7,3.41,1.05,962.6
Cotton,Vegetative,silt,27.7,69.8,0.0,32.3,8.29,1.15,7685.7
Wheat,Fruiting,silt,36.3,47.7,0.6,22.3,9.53,0.9,8279.3
Sugarcane,Maturity,silt,20.1,69.4,0.0,69.6,3.41,1.45,1183.3
Sugarcane,Vegetative,sandy,30.5,46.8,0.0,57.5,0.72,1.45,701.7
Maize,Vegetative,sandy,28.7,36.0,10.8,66.9,2.34,1.05,50.0
Groundnut,Fruiting,silt,23.4,58.5,2.3,79.2,8.72,0.85,257.3
Maize,Vegetative,sandy,36.4,36.3,0.4,47.7,7.79,1.05,5588.2
Rice,Flowering,loamy,32.5,41.0,0.0,51.2,7.47,1.35,6707.8
Cotton,Flowering,clay,28.1,80.9,0.0,51.3,1.42,1.15,941.5
Tomato,Maturity,loamy,38.3,26.8,0.0,18.8,2.66,1.0,1998.4
Wheat,Fruiting,silt,27.4,45.1,0.0,34.5,8.24,0.9,5864.4
Maize,Seedling,loamy,26.5,35.4,0.0,78.8,9.05,1.05,852.2
Rice,Seedling,loamy,26.0,34.9,0.0,17.0,9.25,1.35,8049.2
Maize,Fruiting,clay,38.8,88.0,0.0,31.8,4.1,1.05,3790.6
Sugarcane,Maturity,loamy,23.0,33.5,0.0,57.1,3.8,1.45,2391.3
Cotton,Maturity,clay,27.1,45.5,0.0,52.7,9.17,1.15,4334.6
Wheat,Fruiting,loamy,32.7,44.8,2.9,76.6,8.36,0.9,678.7
Maize,Vegetative,silt,35.2,60.8,0.0,70.6,2.77,1.05,706.6
Maize,Fruiting,sandy,34.1,32.1,18.5,53.7,2.87,1.05,564.2
Cotton,Flowering,silt,32.2,62.4,0.0,67.8,2.16,1.15,947.9
Sugarcane,Flowering,clay,22.1,56.1,10.2,57.8,6.09,1.45,2132.2
Maize,Fruiting,loamy,34.7,87.7,0.0,29.6,2.6,1.05,2721.4
Tomato,Fruiting,loamy,23.0,85.3,0.0,36.3,6.66,1.0,5019.0
Rice,Vegetative,sandy,40.9,33.4,0.0,40.3,1.55,1.35,2187.4
Sugarcane,Seedling,loamy,19.2,66.6,0.0,78.7,4.32,1.45,657.4
Wheat,Fruiting,sandy,36.0,61.7,7.2,53.7,6.78,0.9,2481.7
Maize,Maturity,silt,35.2,45.4,0.0,29.0,3.07,1.05,2071.8
Sugarcane,Fruiting,sandy,28.9,76.2,0.8,58.2,4.39,1.45,5372.1
Maize,Fruiting,clay,36.4,78.4,0.1,61.3,2.32,1.05,979.6
Groundnut,Maturity,silt,32.3,73.1,0.2,57.8,4.23,0.85,876.4
Tomato,Vegetative,silt,18.8,49.8,0.0,15.4,3.69,1.0,2591.7
Wheat,Flowering,clay,35.8,70.5,2.4,48.2,6.97,0.9,2369.2
Rice,Maturity,clay,18.4,46.3,0.0,26.4,4.25,1.35,3442.4
Sugarcane,Flowering,loamy,28.4,34.5,1.9,60.5,0.55,1.45,424.8
Tomato,Seedling,silt,41.5,67.9,1.5,77.7,0.63,1.0,50.0
Wheat,Fruiting,clay,42.0,66.6,0.0,51.0,7.62,0.9,3641.4
Groundnut,Fruiting,clay,28.5,28.3,10.5,37.6,6.17,0.85,978.2
Maize,Vegetative,sandy,31.4,38.9,0.0,45.9,4.88,1.05,3659.4
Cotton,Vegetative,silt,36.9,75.3,0.4,35.6,3.36,1.15,3220.1
Maize,Flowering,loamy,35.1,47.4,0.0,34.6,9.34,1.05,8515.9
Groundnut,Fruiting,loamy,40.3,35.2,0.4,69.0,0.83,0.85,209.6
Tomato,Flowering,clay,28.8,46.9,0.0,45.0,8.22,1.0,4037.9
Groundnut,Seedling,clay,37.5,37.5,3.0,31.0,2.14,0.85,431.4
Wheat,Flowering,sandy,40.1,33.3,0.0,24.6,9.36,0.9,9409.8
Sugarcane,Maturity,loamy,22.9,32.7,6.8,77.7,4.47,1.45,50.0
Groundnut,Flowering,silt,41.3,75.0,0.0,70.8,5.67,0.85,1077.8
Wheat,Seedling,silt,18.2,30.3,0.0,76.1,6.91,0.9,519.6
Wheat,Maturity,loamy,34.4,80.6,4.9,52.9,7.69,0.9,1024.6
Sugarcane,Maturity,sandy,41.5,87.9,0.0,36.9,3.27,1.45,4335.5
Groundnut,Fruiting,silt,27.2,59.4,0.0,16.0,8.97,0.85,7494.1
Groundnut,Vegetative,clay,34.4,65.2,1.3,41.2,6.99,0.85,2230.5
Tomato,Vegetative,sandy,40.8,41.8,0.0,45.9,8.7,1.0,5899.4
Tomato,Flowering,silt,29.5,56.4,0.0,74.4,8.92,1.0,1751.5
Wheat,Vegetative,silt,33.7,33.9,0.0,78.7,4.52,0.9,491.5
Rice,Maturity,sandy,35.7,67.8,5.3,52.7,9.36,1.35,5352.8
Groundnut,Fruiting,loamy,23.5,60.0,1.5,66.4,4.95,0.85,1044.9
Wheat,Flowering,sandy,35.0,46.3,0.0,34.3,7.04,0.9,5631.2
Maize,Seedling,clay,30.3,45.3,0.0,70.6,7.94,1.05,1165.4
Groundnut,Maturity,sandy,26.1,78.4,0.2,22.4,8.8,0.85,5179.8
Rice,Maturity,loamy,39.6,73.7,10.1,49.5,3.53,1.35,1201.6
Groundnut,Fruiting,silt,22.1,39.1,2.5,38.5,7.63,0.85,3505.9
Sugarcane,Fruiting,clay,38.8,29.3,0.0,30.1,9.38,1.45,17034.3
Cotton,Seedling,clay,40.7,60.6,2.4,15.2,1.08,1.15,783.2
Cotton,Maturity,silt,21.3,62.7,4.5,62.8,2.24,1.15,421.8
Cotton,Maturity,clay,21.9,48.5,0.0,53.8,7.2,1.15,3057.5
Wheat,Flowering,clay,37.0,41.1,2.7,45.2,2.19,0.9,846.7
Tomato,Maturity,silt,41.8,46.9,1.2,60.2,5.33,1.0,1348.5
Wheat,Seedling,sandy,26.4,70.1,0.0,30.8,3.04,0.9,1316.7
Rice,Seedling,loamy,39.3,63.7,0.0,26.6,1.84,1.35,1584.0
Tomato,Vegetative,sandy,22.0,67.5,4.6,21.3,7.93,1.0,5867.9
Cotton,Fruiting,silt,35.4,39.4,0.0,55.0,9.9,1.15,8462.7
Groundnut,Flowering,clay,24.1,48.0,0.0,30.5,1.15,0.85,550.0
Maize,Fruiting,silt,18.1,81.8,10.9,69.7,9.75,1.05,50.0
Cotton,Fruiting,sandy,24.6,73.2,0.0,61.0,7.02,1.15,5744.7
Maize,Maturity,silt,21.2,58.2,3.3,20.0,2.35,1.05,1303.0
Wheat,Fruiting,clay,26.5,85.5,11.3,71.4,6.95,0.9,50.0
Wheat,Seedling,sandy,30.5,25.3,0.1,60.4,5.12,0.9,1230.1
Tomato,Vegetative,sandy,33.4,74.9,0.0,28.0,7.69,1.0,6590.4
Wheat,Vegetative,sandy,31.3,27.6,0.8,53.9,3.0,0.9,1263.7
Maize,Maturity,loamy,35.5,68.4,0.9,66.0,9.58,1.05,2321.9
Maize,Seedling,loamy,22.1,41.4,0.7,34.0,4.28,1.05,1805.4
Sugarcane,Vegetative,loamy,36.2,80.1,0.0,21.7,9.44,1.45,15918.1
Maize,Flowering,sandy,22.0,53.7,0.0,18.0,4.12,1.05,5325.1
Groundnut,Seedling,sandy,30.8,84.6,8.4,61.8,0.79,0.85,50.0
Rice,Maturity,silt,39.7,50.2,0.0,45.2,4.73,1.35,3538.9
Cotton,Vegetative,clay,36.8,38.2,11.8,52.0,1.34,1.15,288.8
Maize,Vegetative,clay,23.1,45.2,1.8,36.6,8.89,1.05,4417.9
Cotton,Maturity,loamy,33.3,43.3,3.3,58.9,5.68,1.15,2019.9
Groundnut,Fruiting,clay,36.7,52.5,4.9,69.1,5.9,0.85,273.6
Groundnut,Maturity,silt,24.2,73.5,0.0,78.1,5.19,0.85,384.0
Rice,Maturity,loamy,20.0,84.2,0.0,30.0,7.4,1.35,6218.5
Sugarcane,Seedling,silt,25.7,50.1,11.9,21.8,0.91,1.45,497.3
Sugarcane,Fruiting,sandy,21.5,25.5,0.0,46.5,2.52,1.45,4463.6
Tomato,Fruiting,sandy,33.6,35.5,0.0,51.8,6.06,1.0,4571.8
Maize,Vegetative,loamy,36.5,82.5,0.0,58.8,5.11,1.05,2138.0
Wheat,Vegetative,sandy,28.3,82.0,1.7,51.2,5.34,0.9,2078.5
Cotton,Vegetative,silt,32.1,82.5,3.4,71.6,8.48,1.15,1612.4
Tomato,Vegetative,sandy,22.0,42.2,0.5,34.5,9.99,1.0,7302.9
Tomato,Flowering,silt,24.5,65.2,0.0,15.6,6.69,1.0,6008.7
Groundnut,Maturity,silt,19.6,62.3,0.0,33.2,3.01,0.85,1099.9
Rice,Fruiting,silt,28.7,76.8,0.0,54.3,7.43,1.35,6297.1
Tomato,Seedling,silt,20.1,36.0,0.0,38.1,7.8,1.0,2568.2
Groundnut,Seedling,clay,27.4,60.5,0.0,75.0,4.18,0.85,290.0
Tomato,Flowering,loamy,23.9,64.3,0.0,78.1,1.29,1.0,200.8
Wheat,Flowering,clay,37.8,63.7,0.0,79.2,1.48,0.9,166.1
Cotton,Fruiting,sandy,20.9,88.6,0.0,26.5,1.82,1.15,3230.0
Maize,Fruiting,silt,29.4,74.3,0.0,22.2,7.88,1.05,8507.4
Maize,Maturity,sandy,22.3,42.8,0.0,20.1,8.6,1.05,7834.9
Sugarcane,Flowering,sandy,20.4,61.1,0.0,53.6,6.76,1.45,7573.9
Cotton,Maturity,silt,21.7,53.5,0.0,46.3,5.23,1.15,3078.5
Rice,Seedling,sandy,31.5,87.6,0.0,46.2,2.5,1.35,1692.8
Maize,Maturity,clay,20.3,46.0,0.0,72.3,5.64,1.05,887.9
Rice,Flowering,loamy,19.3,46.5,0.0,47.7,8.03,1.35,7033.1
Groundnut,Maturity,sandy,39.7,58.9,0.0,43.3,6.22,0.85,2659.4
Cotton,Fruiting,silt,30.5,86.3,0.0,71.9,6.05,1.15,2389.4
Groundnut,Maturity,clay,36.2,45.5,0.0,64.8,9.98,0.85,1541.4
Sugarcane,Fruiting,silt,33.1,63.4,5.3,60.8,7.51,1.45,5384.1
Wheat,Maturity,clay,35.4,57.6,0.0,31.3,6.99,0.9,2858.7
Cotton,Seedling,clay,23.1,47.3,0.0,42.3,6.88,1.15,3204.0
Tomato,Vegetative,loamy,40.1,36.6,0.0,31.1,0.71,1.0,507.1
Tomato,Maturity,loamy,37.2,51.9,3.1,19.5,8.86,1.0,5086.2
Cotton,Flowering,loamy,27.5,79.6,0.0,49.8,9.06,1.15,7132.8
Wheat,Seedling,silt,39.3,84.0,0.0,18.6,7.74,0.9,3438.3
Groundnut,Fruiting,loamy,22.0,83.1,0.0,48.3,8.69,0.85,3600.5
Wheat,Maturity,silt,32.2,40.2,0.0,75.9,8.71,0.9,953.7
Rice,Fruiting,sandy,21.0,86.9,4.8,34.8,6.61,1.35,9707.7
Sugarcane,Fruiting,clay,24.0,62.0,0.0,57.5,2.01,1.45,1682.7
Groundnut,Flowering,loamy,27.6,37.8,1.3,15.8,8.16,0.85,5569.2
Maize,Flowering,silt,33.9,32.6,0.0,17.8,1.71,1.05,1829.6
Wheat,Vegetative,loamy,23.9,30.1,6.8,18.2,8.72,0.9,3753.4
Maize,Fruiting,clay,38.6,30.5,1.7,26.5,6.49,1.05,6404.9
Groundnut,Maturity,sandy,34.0,54.5,3.7,52.8,4.53,0.85,970.1
Maize,Fruiting,loamy,27.0,72.9,0.0,56.1,3.49,1.05,1984.9
Groundnut,Fruiting,clay,21.8,78.4,0.0,19.5,2.82,0.85,1846.2
Tomato,Vegetative,clay,35.3,79.2,0.0,22.1,7.25,1.0,4696.9
Sugarcane,Seedling,sandy,31.4,48.9,0.4,65.0,3.08,1.45,1496.4
Cotton,Seedling,sandy,23.1,67.6,0.0,66.9,9.78,1.15,3085.1
Sugarcane,Fruiting,loamy,38.2,80.5,0.0,46.0,3.46,1.45,5198.5
Wheat,Flowering,silt,24.6,46.4,6.5,75.3,0.51,0.9,50.0
Sugarcane,Vegetative,clay,18.4,29.8,0.7,27.5,7.02,1.45,8191.1
Wheat,Flowering,silt,28.2,43.3,2.1,34.7,4.73,0.9,2579.8
Cotton,Vegetative,clay,27.6,75.8,0.7,74.1,5.3,1.15,1147.9
Cotton,Vegetative,silt,37.8,58.0,0.0,20.8,6.35,1.15,7887.4
Rice,Fruiting,loamy,18.7,63.5,0.0,37.5,1.81,1.35,2237.0
Groundnut,Flowering,silt,20.8,44.2,4.5,70.1,3.46,0.85,71.5
Maize,Flowering,sandy,22.4,77.4,0.0,47.5,2.65,1.05,1953.3
Sugarcane,Fruiting,silt,35.9,58.2,10.3,28.5,3.16,1.45,4909.9
Groundnut,Fruiting,loamy,22.7,34.2,0.0,42.9,8.08,0.85,3955.1
Maize,Maturity,loamy,19.8,73.4,0.0,72.5,7.7,1.05,1277.4
Cotton,Maturity,loamy,32.3,47.9,9.7,69.3,4.34,1.15,50.0
Rice,Maturity,silt,19.0,49.6,5.8,75.5,9.58,1.35,50.0
Groundnut,Vegetative,silt,27.8,65.0,0.0,58.4,7.58,0.85,1947.5
Tomato,Fruiting,sandy,26.2,47.0,0.0,38.1,2.99,1.0,3021.4
Wheat,Vegetative,sandy,31.4,43.0,0.0,65.3,5.28,0.9,1624.1
Maize,Seedling,clay,35.1,34.0,9.1,52.4,3.56,1.05,50.0
Sugarcane,Maturity,sandy,31.4,68.2,0.0,23.3,9.67,1.45,15626.2
Sugarcane,Fruiting,clay,25.8,44.0,5.6,54.6,0.99,1.45,724.0
Maize,Fruiting,clay,24.0,40.5,9.2,77.6,2.5,1.05,50.0
Tomato,Vegetative,sandy,32.5,75.4,0.0,24.5,0.72,1.0,678.0
Maize,Vegetative,loamy,19.6,51.8,1.2,41.8,6.35,1.05,3516.1
Cotton,Vegetative,sandy,31.1,58.9,0.0,19.5,5.91,1.15,9454.5
Wheat,Vegetative,loamy,24.6,82.0,0.0,24.2,3.49,0.9,2086.8
Sugarcane,Maturity,silt,39.4,43.5,4.1,41.6,5.12,1.45,4296.7
Cotton,Seedling,clay,27.7,31.0,0.0,32.1,1.17,1.15,682.8
Rice,Maturity,silt,37.0,75.1,0.0,58.5,9.61,1.35,4790.0
Cotton,Seedling,silt,20.8,61.2,0.0,79.8,9.87,1.15,1027.2
Cotton,Fruiting,loamy,24.6,38.0,0.0,71.7,6.1,1.15,2733.2
Maize,Maturity,silt,26.8,38.3,0.0,67.6,8.75,1.05,1954.9
Tomato,Maturity,clay,28.4,39.4,1.9,58.3,5.24,1.0,960.5
Wheat,Flowering,sandy,36.6,76.5,2.4,18.6,3.08,0.9,3060.9
Maize,Vegetative,silt,26.1,87.6,0.0,35.5,2.62,1.05,1701.0
Wheat,Seedling,clay,20.4,29.2,0.0,63.6,1.53,0.9,210.2
Groundnut,Fruiting,loamy,20.0,40.7,0.0,62.4,1.12,0.85,332.1
Cotton,Flowering,clay,38.6,69.2,0.0,67.3,0.55,1.15,246.4
Maize,Flowering,clay,25.4,77.2,10.1,16.4,4.32,1.05,2417.3
Rice,Maturity,silt,36.6,76.4,0.0,57.3,7.15,1.35,3562.3
Wheat,Seedling,clay,41.2,37.1,0.0,72.9,7.36,0.9,744.6
Wheat,Seedling,loamy,28.2,52.6,0.0,15.2,8.97,0.9,4056.3
Tomato,Vegetative,loamy,27.4,62.8,0.0,45.6,5.59,1.0,2755.6
Groundnut,Vegetative,clay,25.5,44.4,0.0,72.2,4.55,0.85,580.8
Groundnut,Maturity,loamy,36.9,57.2,1.6,71.3,9.09,0.85,771.3
Rice,Fruiting,loamy,21.6,37.0,2.2,43.6,4.88,1.35,5299.9
Groundnut,Fruiting,sandy,23.2,30.3,0.0,50.2,1.99,0.85,1069.2
Wheat,Seedling,clay,40.0,48.5,0.0,66.6,1.3,0.9,178.8
Wheat,Vegetative,clay,23.3,53.2,2.2,16.5,1.81,0.9,912.6
Sugarcane,Flowering,loamy,34.3,81.3,0.0,25.0,2.89,1.45,5333.6
Rice,Flowering,clay,21.2,43.7,13.0,42.2,0.56,1.35,231.5
Groundnut,Maturity,silt,38.5,55.2,0.0,24.7,3.06,0.85,1490.6
Wheat,Maturity,loamy,18.3,33.2,1.9,45.0,5.47,0.9,1437.8
Cotton,Seedling,silt,33.3,48.7,0.0,53.4,8.28,1.15,3501.8
Rice,Fruiting,sandy,39.9,37.1,0.0,36.5,5.55,1.35,10874.3
Cotton,Maturity,sandy,20.7,60.4,0.0,68.3,2.98,1.15,1135.1
Tomato,Fruiting,silt,29.8,79.0,0.0,76.3,3.65,1.0,697.1
Rice,Vegetative,sandy,23.6,82.5,1.2,16.5,3.33,1.35,5296.3
Sugarcane,Vegetative,clay,32.8,49.2,0.3,42.8,5.07,1.45,4854.2
Maize,Seedling,loamy,23.7,30.9,0.4,15.8,2.59,1.05,1583.8
Maize,Flowering,sandy,20.7,86.7,3.4,19.0,6.32,1.05,6736.8
Wheat,Flowering,sandy,22.7,49.3,2.6,45.9,8.69,0.9,4408.9
Sugarcane,Vegetative,sandy,41.8,38.5,1.8,53.0,5.09,1.45,5953.3
Cotton,Seedling,sandy,40.2,87.7,0.0,53.5,7.08,1.15,4155.3
Groundnut,Maturity,silt,18.1,76.3,7.4,74.6,9.18,0.85,50.0
Wheat,Seedling,silt,25.2,39.5,0.8,42.7,2.98,0.9,738.4
Cotton,Flowering,loamy,26.0,63.2,0.0,38.8,6.03,1.15,6676.5
Groundnut,Seedling,silt,29.7,76.9,3.5,72.7,9.22,0.85,50.0
Groundnut,Seedling,silt,29.8,86.2,0.0,28.0,3.78,0.85,1211.2
Cotton,Vegetative,clay,36.0,34.6,0.0,59.6,8.28,1.15,4210.8
Sugarcane,Seedling,sandy,21.5,31.9,9.0,21.9,4.73,1.45,4328.8
Rice,Vegetative,clay,33.4,51.9,0.0,32.4,4.92,1.35,4649.8
Cotton,Flowering,loamy,32.0,40.1,0.0,68.1,2.26,1.15,1080.5
Rice,Fruiting,sandy,30.8,80.3,0.0,75.1,0.84,1.35,405.5
Wheat,Vegetative,loamy,18.7,66.4,0.0,40.1,2.16,0.9,866.6
Wheat,Maturity,silt,33.3,72.4,0.0,42.3,9.14,0.9,3399.4
Tomato,Fruiting,clay,39.4,79.1,0.0,73.4,1.04,1.0,243.0
Wheat,Vegetative,clay,39.3,81.4,0.0,41.7,6.82,0.9,2682.8
Wheat,Fruiting,sandy,27.1,67.2,0.8,17.6,4.45,0.9,5061.2
Tomato,Flowering,loamy,20.1,31.2,6.7,59.1,5.33,1.0,849.7
Wheat,Vegetative,sandy,41.9,66.3,4.2,24.5,8.91,0.9,6244.0
Wheat,Flowering,sandy,41.0,43.5,0.0,63.4,9.07,0.9,3746.3
Rice,Fruiting,sandy,31.0,63.9,2.1,51.0,9.79,1.35,12031.9
Sugarcane,Fruiting,sandy,22.1,39.6,0.0,67.8,3.05,1.45,2628.7
Groundnut,Maturity,silt,24.5,55.7,0.0,69.5,5.44,0.85,720.7
Cotton,Seedling,loamy,31.3,28.1,0.1,58.7,4.37,1.15,1567.2
Wheat,Flowering,silt,21.8,76.9,0.0,34.2,9.36,0.9,5324.0
Sugarcane,Vegetative,loamy,31.7,77.6,0.0,34.0,1.57,1.45,2082.0
Rice,Vegetative,loamy,34.4,40.9,3.2,38.7,8.95,1.35,8923.1
Sugarcane,Flowering,sandy,27.9,80.6,0.0,71.7,9.38,1.45,5699.1
Sugarcane,Fruiting,clay,19.8,81.6,0.0,19.4,5.03,1.45,8509.0
Sugarcane,Seedling,clay,20.5,62.1,0.0,55.7,9.86,1.45,3878.5
Groundnut,Flowering,clay,33.4,84.4,0.0,39.7,7.77,0.85,3307.2
Rice,Flowering,clay,41.6,38.2,2.1,75.0,5.73,1.35,1473.1
Tomato,Vegetative,silt,33.9,88.0,0.0,44.2,9.23,1.0,4803.2
Groundnut,Seedling,loamy,34.0,35.2,0.0,70.2,8.15,0.85,934.8
Tomato,Seedling,loamy,38.4,64.6,0.0,57.0,7.21,1.0,1832.3
Maize,Flowering,clay,38.7,39.3,0.0,36.1,9.85,1.05,7560.5
Tomato,Maturity,silt,19.1,39.1,0.0,37.8,1.34,1.0,567.2
Cotton,Maturity,sandy,29.7,54.7,0.8,25.0,9.92,1.15,11528.3
Rice,Fruiting,clay,25.1,61.7,0.0,33.3,9.55,1.35,11575.0
Groundnut,Fruiting,silt,18.2,46.4,0.0,47.5,1.16,0.85,492.8
Sugarcane,Seedling,sandy,23.9,34.4,1.2,33.5,8.74,1.45,8749.1
Maize,Seedling,sandy,33.4,47.9,0.0,79.3,0.97,1.05,107.4
Maize,Seedling,silt,29.6,65.1,0.0,69.6,9.4,1.05,1471.3
Sugarcane,Vegetative,sandy,28.3,76.0,0.0,38.1,5.94,1.45,8551.0
Rice,Seedling,loamy,38.9,55.3,0.0,73.7,7.88,1.35,1748.1
Rice,Seedling,sandy,37.9,69.5,2.2,70.1,3.75,1.35,938.5
Cotton,Maturity,loamy,41.4,83.4,0.0,60.8,3.29,1.15,1516.0
Maize,Flowering,clay,35.0,65.1,0.0,33.4,5.92,1.05,4296.0
Tomato,Maturity,silt,20.4,29.9,0.0,38.3,5.88,1.0,2536.6
Wheat,Maturity,silt,39.2,76.1,1.6,42.3,7.83,0.9,2540.7
Rice,Fruiting,sandy,34.3,29.2,3.5,26.5,4.16,1.35,8851.3
Rice,Fruiting,sandy,35.6,55.5,0.0,36.0,5.1,1.35,9358.3
Wheat,Seedling,loamy,18.0,87.6,2.0,15.6,3.24,0.9,1106.7
Groundnut,Seedling,loamy,18.2,70.7,1.8,44.1,1.19,0.85,195.0
Groundnut,Flowering,sandy,31.5,42.2,0.0,15.3,5.03,0.85,5045.5
Sugarcane,Vegetative,clay,35.5,43.0,16.0,20.8,9.79,1.45,9184.1
Maize,Maturity,sandy,41.0,77.8,1.5,53.7,6.64,1.05,3214.7
Rice,Fruiting,sandy,37.0,26.7,4.0,32.6,1.37,1.35,2578.7
Tomato,Seedling,sandy,22.6,61.3,0.0,25.7,9.97,1.0,5214.3
Maize,Flowering,silt,28.4,62.2,0.0,57.6,4.27,1.05,1963.8
Rice,Seedling,silt,40.6,58.6,0.0,19.5,2.54,1.35,2385.8
Cotton,Vegetative,loamy,24.9,48.0,3.7,50.6,6.09,1.15,3345.6
Maize,Seedling,sandy,22.7,40.0,0.0,69.5,9.36,1.05,1965.2
Sugarcane,Maturity,loamy,23.8,29.5,0.0,63.2,4.41,1.45,2223.9
Cotton,Fruiting,silt,35.2,77.1,0.0,18.1,6.77,1.15,11676.2
Tomato,Seedling,silt,28.5,74.1,0.0,59.6,1.15,1.0,235.8
Groundnut,Fruiting,silt,31.9,31.7,1.3,51.1,2.15,0.85,866.5
Sugarcane,Seedling,clay,32.8,46.8,0.0,37.8,3.69,1.45,2653.9
Wheat,Fruiting,loamy,19.9,36.8,0.0,29.6,5.76,0.9,4337.4
Groundnut,Fruiting,sandy,37.8,46.2,0.0,64.6,7.0,0.85,2708.4
Maize,Vegetative,silt,21.1,29.0,1.3,49.8,0.64,1.05,265.2
Groundnut,Maturity,loamy,26.4,47.2,0.0,48.4,6.0,0.85,1715.7
Wheat,Flowering,sandy,41.5,75.8,0.6,75.8,7.01,0.9,1268.2
Sugarcane,Flowering,sandy,36.7,39.3,0.0,27.3,3.29,1.45,7648.4
Rice,Seedling,loamy,40.9,56.6,0.1,43.0,6.93,1.35,4562.6
Tomato,Flowering,clay,34.3,73.3,0.0,76.4,2.74,1.0,431.7
Cotton,Flowering,loamy,25.3,55.9,0.4,19.0,5.82,1.15,8509.2
Maize,Vegetative,loamy,19.9,44.5,0.5,29.8,3.21,1.05,2285.7
Sugarcane,Seedling,sandy,18.7,75.4,2.5,67.4,4.75,1.45,1426.8
Rice,Seedling,loamy,21.7,86.0,0.0,52.3,6.74,1.35,2837.9
Tomato,Seedling,silt,36.2,70.2,6.5,52.0,3.92,1.0,182.9
Groundnut,Maturity,clay,35.2,57.0,0.0,34.1,9.09,0.85,3213.8
Sugarcane,Fruiting,sandy,28.4,29.6,0.0,71.6,7.91,1.45,5946.8
Tomato,Fruiting,silt,30.3,39.8,0.0,16.2,7.9,1.0,8439.4
Maize,Flowering,silt,23.3,83.0,15.1,61.9,5.3,1.05,50.0
Cotton,Flowering,silt,27.8,71.0,0.0,61.1,0.91,1.15,501.1
Wheat,Seedling,loamy,19.8,70.7,5.9,62.7,6.64,0.9,50.0
Maize,Vegetative,silt,21.9,85.3,0.0,67.2,5.37,1.05,1349.3
Wheat,Seedling,sandy,33.1,71.7,3.6,34.8,7.47,0.9,2334.6
Wheat,Seedling,clay,28.3,49.5,0.8,48.6,4.09,0.9,777.0
Rice,Fruiting,clay,30.1,84.9,1.2,74.6,2.56,1.35,757.8
Wheat,Fruiting,clay,20.5,46.6,0.0,58.9,3.92,0.9,1198.6
Groundnut,Vegetative,sandy,34.6,67.7,0.0,62.9,1.67,0.85,486.8
Cotton,Flowering,loamy,38.9,51.8,0.0,61.9,5.35,1.15,3386.3
Rice,Seedling,loamy,23.0,46.3,0.0,47.1,5.18,1.35,2567.1
Maize,Maturity,sandy,31.6,34.7,0.0,79.7,3.94,1.05,555.8
Rice,Maturity,sandy,29.6,67.9,0.2,66.2,5.1,1.35,2429.1
Groundnut,Flowering,clay,39.1,47.8,0.0,17.0,3.99,0.85,2642.5
Wheat,Seedling,silt,30.9,61.1,0.0,31.7,8.64,0.9,3083.7
Tomato,Fruiting,loamy,19.0,55.0,2.6,18.9,2.55,1.0,2326.1
Wheat,Fruiting,loamy,33.1,35.9,4.0,44.4,3.66,0.9,1889.2
Cotton,Vegetative,loamy,19.7,75.5,0.0,47.2,8.29,1.15,5660.3
Rice,Flowering,sandy,41.1,49.0,5.7,19.1,4.66,1.35,9864.8
Cotton,Seedling,silt,21.1,87.1,1.4,33.9,9.4,1.15,4935.8
Rice,Seedling,clay,30.8,32.5,0.0,78.2,0.9,1.35,118.2
Groundnut,Seedling,loamy,34.7,89.7,0.0,19.9,8.4,0.85,3302.0
Cotton,Fruiting,clay,40.3,32.0,0.0,17.6,0.71,1.15,1188.2
Maize,Seedling,clay,27.3,50.2,4.6,24.6,7.6,1.05,2264.4
Sugarcane,Seedling,loamy,38.4,56.1,0.0,18.8,2.33,1.45,2717.5
Cotton,Fruiting,loamy,32.7,59.5,0.7,60.1,4.54,1.15,3222.2
Cotton,Flowering,silt,37.7,55.1,0.0,34.9,2.48,1.15,2920.0
Groundnut,Maturity,loamy,33.4,37.3,1.1,76.5,8.92,0.85,542.5
Cotton,Flowering,clay,31.1,31.1,5.0,40.0,2.83,1.15,2248.9
Wheat,Maturity,clay,40.4,79.9,0.5,49.8,3.2,0.9,879.1
Groundnut,Fruiting,sandy,18.3,71.6,0.3,77.5,1.97,0.85,299.1
Sugarcane,Fruiting,clay,29.3,57.5,0.0,51.9,9.5,1.45,9707.4
Wheat,Vegetative,sandy,19.4,32.8,0.0,68.0,1.07,0.9,260.8
Maize,Flowering,loamy,26.5,45.1,0.0,37.2,1.89,1.05,1475.6
Sugarcane,Fruiting,clay,41.4,25.2,0.0,34.9,2.64,1.45,4551.2
Maize,Fruiting,clay,27.8,68.3,0.0,76.1,6.61,1.05,1355.2
Wheat,Maturity,sandy,40.3,31.2,0.0,21.8,8.7,0.9,6591.2
Rice,Maturity,loamy,19.3,66.1,0.0,73.1,8.22,1.35,2046.5
Wheat,Vegetative,loamy,35.4,45.0,0.0,75.6,0.87,0.9,133.9
Sugarcane,Maturity,silt,23.2,56.5,0.0,43.6,4.4,1.45,3666.2
Cotton,Vegetative,sandy,39.2,78.6,0.0,34.2,2.33,1.15,3155.4
Wheat,Vegetative,sandy,35.5,87.7,2.2,48.8,7.42,0.9,3136.8
Maize,Flowering,loamy,34.3,38.6,0.0,41.7,7.13,1.05,5396.1
Wheat,Maturity,loamy,32.0,27.2,0.2,63.4,1.7,0.9,367.8
Groundnut,Seedling,sandy,32.2,27.8,0.0,32.4,8.78,0.85,3627.9
Wheat,Flowering,loamy,39.1,43.1,0.0,56.3,9.32,0.9,3842.6
Tomato,Flowering,clay,41.6,69.1,0.0,70.6,6.3,1.0,1498.8
Wheat,Fruiting,loamy,31.1,29.4,0.0,49.4,2.09,0.9,1180.9
Sugarcane,Flowering,clay,22.5,32.2,0.0,37.1,7.47,1.45,9093.2
Tomato,Seedling,sandy,37.4,67.0,0.0,17.1,2.62,1.0,1812.9
Rice,Flowering,silt,40.9,71.5,0.0,42.4,4.0,1.35,4325.4
Sugarcane,Vegetative,silt,31.2,64.5,0.0,47.1,9.28,1.45,8709.0
Maize,Maturity,silt,24.4,81.6,0.0,40.0,6.24,1.05,3031.1
Rice,Fruiting,loamy,25.0,72.2,7.5,27.1,4.18,1.35,5295.7
Maize,Flowering,clay,23.8,42.5,0.5,54.4,3.28,1.05,1348.6
Groundnut,Seedling,silt,41.0,42.1,0.0,20.2,9.12,0.85,3542.6
Wheat,Maturity,loamy,32.4,36.0,0.1,75.3,9.37,0.9,1140.3
Rice,Maturity,silt,31.4,35.6,0.0,71.1,5.09,1.35,1493.5
Maize,Seedling,silt,41.2,78.8,0.0,43.6,4.18,1.05,1650.1
Groundnut,Flowering,loamy,19.5,64.9,0.0,19.6,9.34,0.85,5902.6
Rice,Vegetative,loamy,31.5,38.0,1.2,56.9,5.5,1.35,3343.1
Maize,Seedling,silt,41.6,48.5,0.0,21.0,8.1,1.05,4999.3
Maize,Maturity,loamy,41.6,45.5,0.0,73.1,6.35,1.05,1330.7
Maize,Seedling,silt,31.6,71.2,0.0,45.0,0.82,1.05,284.7
Cotton,Maturity,loamy,25.7,29.1,2.1,76.8,6.9,1.15,872.8
Wheat,Seedling,loamy,22.1,29.7,2.9,61.7,9.25,0.9,644.6
Cotton,Seedling,loamy,18.8,50.0,0.0,61.7,9.01,1.15,2675.2
Sugarcane,Fruiting,clay,41.7,29.4,0.0,16.3,4.78,1.45,11174.7
Cotton,Seedling,sandy,22.5,45.2,0.0,28.0,2.66,1.15,2315.5
Cotton,Seedling,silt,39.9,67.3,0.8,39.2,3.8,1.15,2186.6
Groundnut,Vegetative,sandy,41.5,34.5,3.7,41.5,3.44,0.85,1548.4
Tomato,Fruiting,clay,33.1,79.9,0.0,20.1,9.63,1.0,8246.0
Tomato,Flowering,silt,30.4,41.3,0.0,58.2,6.48,1.0,2627.3
Cotton,Fruiting,clay,26.0,46.6,0.0,75.4,9.95,1.15,2864.8
Maize,Fruiting,clay,20.4,29.6,0.0,74.7,5.67,1.05,1208.0
Tomato,Maturity,sandy,29.5,48.7,0.0,36.9,2.94,1.0,1821.3
Groundnut,Seedling,silt,39.9,76.2,0.0,74.8,2.73,0.85,218.4
Tomato,Vegetative,sandy,27.6,65.1,1.7,38.0,8.14,1.0,5231.3
Groundnut,Flowering,loamy,37.3,84.1,2.9,68.2,8.54,0.85,1026.3
Sugarcane,Maturity,silt,33.1,44.0,0.0,61.0,6.17,1.45,3387.5
Cotton,Fruiting,silt,29.4,44.9,0.0,73.4,7.19,1.15,2825.6
Rice,Vegetative,sandy,24.2,34.5,0.0,49.9,6.95,1.35,6715.1
Sugarcane,Flowering,clay,18.5,80.9,0.0,26.7,0.94,1.45,1217.7
Tomato,Seedling,loamy,29.3,88.2,1.1,29.3,7.23,1.0,2836.4
Tomato,Fruiting,sandy,29.9,78.6,1.9,59.4,8.18,1.0,4150.7
Groundnut,Fruiting,sandy,36.8,57.1,4.2,19.7,6.97,0.85,6600.7
Groundnut,Flowering,clay,24.3,57.0,0.0,30.9,0.92,0.85,430.0
Maize,Flowering,loamy,18.1,88.2,0.0,18.3,9.0,1.05,8936.1
Sugarcane,Vegetative,clay,28.1,77.7,0.0,42.9,3.46,1.45,3159.1
Maize,Maturity,clay,34.9,64.4,10.3,44.6,8.71,1.05,540.7
Groundnut,Maturity,silt,37.5,51.9,0.0,48.7,3.02,0.85,912.2
Groundnut,Vegetative,silt,33.8,75.8,0.4,16.9,1.9,0.85,1051.5
Sugarcane,Fruiting,clay,36.1,37.5,0.0,75.8,9.26,1.45,3872.9
Sugarcane,Fruiting,sandy,41.1,64.4,5.6,30.9,3.78,1.45,9115.3
Tomato,Vegetative,clay,39.3,56.7,0.0,52.0,8.84,1.0,3433.8
Rice,Maturity,silt,22.8,76.4,0.0,33.6,5.85,1.35,4582.2
Maize,Maturity,silt,24.3,58.8,0.0,39.3,4.14,1.05,1968.9
Rice,Vegetative,loamy,18.5,29.0,0.5,44.5,7.76,1.35,6403.5
Wheat,Flowering,silt,33.7,84.8,0.0,35.4,5.21,0.9,3036.2
Sugarcane,Vegetative,loamy,19.4,89.5,0.0,61.5,5.79,1.45,3483.4
Rice,Fruiting,loamy,26.8,39.9,2.5,40.5,7.3,1.35,8575.1
Maize,Vegetative,sandy,32.6,52.3,0.0,47.7,5.62,1.05,4045.8
Maize,Vegetative,clay,29.1,70.4,6.0,73.4,9.36,1.05,50.0
Sugarcane,Flowering,loamy,32.8,74.9,0.0,39.2,6.49,1.45,8785.6
Tomato,Flowering,clay,40.3,40.7,0.0,34.6,7.0,1.0,4678.3
Wheat,Seedling,silt,25.0,48.2,0.0,44.9,6.15,0.9,1591.8
Sugarcane,Vegetative,clay,36.6,44.9,0.0,19.7,8.41,1.45,12726.8
Groundnut,Maturity,silt,22.7,67.9,8.7,75.7,4.19,0.85,50.0
Rice,Seedling,loamy,31.0,33.6,0.0,30.2,3.42,1.35,2774.6
Wheat,Vegetative,loamy,41.2,28.2,0.0,72.7,8.06,0.9,1525.4
Maize,Flowering,sandy,39.3,70.6,0.0,47.5,2.59,1.05,2252.4
Maize,Seedling,silt,21.6,32.9,0.0,64.9,1.95,1.05,383.2
Maize,Fruiting,loamy,38.9,47.9,0.4,26.8,5.16,1.05,6091.0
Sugarcane,Vegetative,loamy,40.8,45.5,0.0,65.8,5.08,1.45,3220.1
Groundnut,Vegetative,silt,20.4,83.7,0.3,47.3,6.23,0.85,1881.2
Maize,Flowering,clay,36.0,63.9,0.5,53.7,5.62,1.05,2556.4
Tomato,Vegetative,loamy,26.2,70.2,0.0,27.6,4.45,1.0,3041.9
Sugarcane,Vegetative,silt,33.8,62.3,0.5,69.7,6.8,1.45,2954.9
Maize,Seedling,sandy,27.0,67.1,0.0,70.7,9.1,1.05,1685.8
Wheat,Vegetative,clay,39.4,74.5,0.0,62.4,5.53,0.9,1252.0
Rice,Maturity,sandy,28.4,59.0,0.0,25.5,8.05,1.35,10334.5
Sugarcane,Vegetative,silt,31.7,47.0,0.0,41.4,2.4,1.45,2695.6
Tomato,Flowering,silt,18.4,33.8,0.0,55.8,4.19,1.0,1668.3
Sugarcane,Vegetative,loamy,29.1,64.6,8.5,44.1,3.45,1.45,2589.6
Cotton,Vegetative,sandy,39.8,66.6,0.8,74.5,1.03,1.15,355.0
Wheat,Flowering,sandy,38.5,63.5,0.0,30.9,8.79,0.9,7509.1
Rice,Vegetative,sandy,23.8,57.7,0.0,19.0,3.11,1.35,5078.5
Maize,Flowering,loamy,30.1,37.1,0.0,57.8,5.23,1.05,2686.9
Wheat,Flowering,sandy,38.6,43.1,0.0,36.2,4.41,0.9,3728.2
Sugarcane,Maturity,clay,26.5,75.4,0.0,33.2,3.58,1.45,3289.1
Wheat,Flowering,loamy,27.7,39.4,0.5,71.4,1.51,0.9,301.3
Sugarcane,Vegetative,clay,23.2,29.2,0.0,64.9,3.96,1.45,1961.7
Wheat,Seedling,clay,19.6,32.5,7.3,60.0,7.8,0.9,50.0
Tomato,Seedling,sandy,27.2,86.2,0.0,27.8,4.76,1.0,2595.5
Cotton,Fruiting,loamy,27.0,28.9,0.6,40.2,6.39,1.15,7753.5
Maize,Maturity,sandy,39.8,64.3,0.0,55.7,6.39,1.05,3121.6
Tomato,Flowering,silt,27.3,33.3,0.0,71.6,6.61,1.0,1512.8
Sugarcane,Vegetative,sandy,37.9,56.7,5.2,23.6,8.96,1.45,16704.8
Cotton,Flowering,clay,38.9,68.4,0.7,23.8,7.85,1.15,9751.6
Tomato,Seedling,sandy,26.9,38.8,0.2,37.8,5.44,1.0,2569.8
Rice,Maturity,sandy,36.0,30.7,2.5,50.0,7.79,1.35,6119.8
Wheat,Vegetative,loamy,29.2,81.9,0.2,57.5,3.9,0.9,1149.3
Maize,Fruiting,silt,37.7,87.9,0.0,21.8,6.96,1.05,8155.2
Rice,Vegetative,sandy,28.0,59.2,0.0,36.0,1.62,1.35,2081.1
Sugarcane,Seedling,loamy,29.7,44.4,0.3,26.7,2.43,1.45,2300.9
Maize,Seedling,sandy,25.4,84.0,0.0,75.1,2.05,1.05,292.1
Maize,Vegetative,loamy,38.7,31.0,0.0,59.0,1.65,1.05,751.4
Sugarcane,Vegetative,loamy,24.3,41.4,0.0,44.3,8.51,1.45,9025.1
Cotton,Fruiting,loamy,19.1,51.0,0.0,24.3,8.28,1.15,12162.7
Cotton,Seedling,silt,19.5,86.7,0.0,68.8,3.35,1.15,677.2
Sugarcane,Fruiting,sandy,23.2,75.7,2.7,16.0,3.9,1.45,10607.0
Sugarcane,Vegetative,silt,33.2,52.4,0.0,38.0,5.73,1.45,6745.3
Maize,Flowering,clay,36.9,50.3,0.0,77.1,7.15,1.05,1261.9
Maize,Maturity,loamy,21.5,72.1,0.0,42.0,7.39,1.05,3374.3
Cotton,Seedling,sandy,35.9,70.8,0.0,15.9,5.54,1.15,6301.5
Cotton,Fruiting,silt,32.4,72.6,0.0,64.5,6.1,1.15,3603.0
Sugarcane,Fruiting,silt,40.0,26.8,0.0,72.6,4.69,1.45,2743.3
Rice,Seedling,sandy,41.1,25.6,0.0,20.5,4.44,1.35,5448.2
Rice,Flowering,sandy,23.7,84.9,7.7,79.8,3.33,1.35,50.0
Wheat,Fruiting,silt,41.3,83.1,0.0,18.2,8.27,0.9,8148.2
Maize,Seedling,loamy,21.9,56.5,0.0,77.7,6.37,1.05,624.0
Tomato,Flowering,silt,39.0,50.7,0.0,43.7,9.18,1.0,5654.6
Maize,Fruiting,silt,31.6,57.7,1.2,72.9,0.96,1.05,232.6
Rice,Vegetative,clay,38.4,36.1,2.0,31.6,3.39,1.35,3254.8
Maize,Flowering,loamy,22.5,87.9,0.0,27.7,8.2,1.05,6826.0
Groundnut,Fruiting,silt,22.8,89.3,0.0,48.5,8.36,0.85,3427.9
Tomato,Flowering,silt,40.7,63.3,2.6,24.7,8.57,1.0,6872.9
Maize,Flowering,loamy,34.4,72.4,0.0,77.0,5.37,1.05,1087.2
Maize,Seedling,sandy,33.0,30.3,0.0,72.2,4.55,1.05,892.2
Cotton,Vegetative,loamy,25.5,30.6,0.0,23.6,2.46,1.15,2870.1
Maize,Maturity,clay,23.7,84.2,0.0,50.4,1.21,1.05,397.3
Groundnut,Seedling,sandy,20.7,86.0,0.0,40.5,1.79,0.85,561.1
Wheat,Seedling,sandy,22.5,69.2,0.0,55.0,7.87,0.9,1971.0
Groundnut,Maturity,silt,38.3,44.5,0.6,52.4,1.37,0.85,351.5
Groundnut,Vegetative,loamy,38.2,77.4,0.1,42.5,1.56,0.85,652.7
Sugarcane,Flowering,loamy,31.0,65.9,10.3,58.3,0.83,1.45,431.1
Cotton,Flowering,clay,28.8,61.1,0.0,17.7,6.71,1.15,8891.8
Tomato,Flowering,silt,24.7,30.6,0.0,76.0,9.9,1.0,1754.2
Maize,Seedling,silt,40.7,60.2,1.3,51.3,6.25,1.05,1846.9
Rice,Fruiting,silt,34.4,62.5,1.7,73.8,3.61,1.35,1283.7
Tomato,Maturity,clay,31.3,31.4,0.0,66.3,4.81,1.0,871.8
Tomato,Seedling,loamy,19.3,89.5,0.0,62.1,3.25,1.0,580.8
Cotton,Seedling,clay,36.5,41.2,0.0,34.7,2.6,1.15,1559.9
Cotton,Vegetative,sandy,34.3,83.1,0.7,21.8,3.39,1.15,5312.4
Cotton,Flowering,silt,36.2,58.9,0.0,15.2,5.26,1.15,8000.3
Tomato,Fruiting,loamy,32.7,67.8,3.7,24.9,8.63,1.0,7703.4
Tomato,Flowering,loamy,27.1,82.1,0.0,47.8,2.48,1.0,1273.8
Cotton,Flowering,clay,33.2,42.8,0.0,22.7,5.44,1.15,7013.1
Tomato,Vegetative,sandy,39.3,27.7,0.0,64.5,7.07,1.0,2781.1
Wheat,Flowering,silt,35.8,77.3,6.0,32.8,6.93,0.9,3045.5
Maize,Vegetative,clay,29.6,75.2,0.0,41.2,1.56,1.05,819.2
Tomato,Vegetative,clay,22.0,67.1,0.0,46.9,3.32,1.0,1256.5
Rice,Seedling,clay,35.6,55.2,0.0,69.7,3.58,1.35,859.3
Sugarcane,Maturity,clay,35.3,67.3,0.0,31.1,0.74,1.45,739.9
Sugarcane,Seedling,sandy,36.3,29.5,1.7,63.1,2.66,1.45,1361.1
Sugarcane,Flowering,sandy,38.8,37.3,0.0,34.0,4.25,1.45,8985.2
Wheat,Fruiting,sandy,28.5,59.7,0.0,41.8,3.91,0.9,3063.1
Tomato,Flowering,loamy,37.1,28.7,0.0,16.9,2.74,1.0,2848.1
Tomato,Seedling,silt,19.2,62.7,0.0,78.4,7.66,1.0,569.3
Cotton,Flowering,loamy,28.8,77.9,0.0,45.0,9.03,1.15,8321.7
Groundnut,Seedling,silt,27.2,38.0,7.9,34.7,7.69,0.85,109.0
Cotton,Seedling,sandy,18.6,50.7,0.0,36.7,2.88,1.15,2080.9
Groundnut,Seedling,clay,27.2,83.1,0.0,56.8,6.21,0.85,892.5
Rice,Flowering,silt,30.9,54.6,0.0,47.8,1.37,1.35,1264.1
Tomato,Seedling,sandy,41.4,41.6,0.0,46.3,4.4,1.0,1879.1
Tomato,Seedling,silt,38.8,42.3,0.0,46.1,9.61,1.0,3209.9
Sugarcane,Fruiting,sandy,32.0,53.8,0.0,42.2,1.32,1.45,2561.9
Cotton,Vegetative,clay,18.9,67.0,10.5,42.1,5.97,1.15,1744.7
Sugarcane,Seedling,loamy,27.7,34.7,0.0,30.5,8.55,1.45,7679.8
Wheat,Flowering,clay,19.3,53.0,0.0,18.6,4.52,0.9,2807.1
Maize,Seedling,silt,32.3,86.1,0.0,58.5,2.53,1.05,613.2
Wheat,Seedling,silt,38.6,45.3,0.0,48.8,1.78,0.9,473.5
Cotton,Maturity,sandy,23.1,52.6,0.2,72.7,1.36,1.15,406.6
Groundnut,Seedling,clay,21.2,32.2,0.0,31.4,2.82,0.85,745.7
Tomato,Maturity,loamy,41.9,26.2,0.0,49.8,9.89,1.0,4133.3
Sugarcane,Maturity,silt,31.3,45.0,0.0,34.3,4.5,1.45,4937.3
Sugarcane,Fruiting,silt,28.1,60.5,0.6,33.6,4.16,1.45,6848.0
Maize,Fruiting,sandy,31.4,53.6,0.0,57.9,9.26,1.05,6723.4
Rice,Maturity,silt,34.8,86.3,0.0,41.7,0.87,1.35,627.4
Rice,Seedling,silt,41.9,28.4,5.3,16.3,6.57,1.35,5251.1
Maize,Fruiting,loamy,26.2,36.0,8.3,43.9,9.0,1.05,4678.2
Groundnut,Seedling,clay,21.2,32.0,2.7,68.6,2.91,0.85,50.0
Rice,Flowering,clay,20.5,61.4,1.0,29.7,2.89,1.35,2821.9
Cotton,Fruiting,loamy,30.9,37.4,0.0,58.4,9.82,1.15,7805.4
Cotton,Fruiting,loamy,30.5,46.1,0.0,17.9,6.09,1.15,10651.5
Tomato,Seedling,clay,32.7,46.6,0.0,64.1,5.35,1.0,922.0
Sugarcane,Flowering,sandy,41.8,37.2,0.0,24.7,5.29,1.45,12840.3
Groundnut,Maturity,clay,23.0,75.3,0.0,60.2,1.24,0.85,199.4
Wheat,Fruiting,silt,35.4,47.6,0.0,68.9,6.75,0.9,1821.7
Wheat,Flowering,sandy,25.0,74.6,0.5,53.0,0.96,0.9,438.9
Maize,Maturity,clay,29.4,77.9,0.0,37.6,3.84,1.05,1802.7
Tomato,Fruiting,loamy,28.9,77.5,0.0,62.5,9.55,1.0,3894.6
Tomato,Flowering,clay,27.4,50.1,4.7,35.9,9.36,1.0,3943.5
Maize,Fruiting,loamy,36.4,80.3,5.3,36.8,2.53,1.05,1933.9
Sugarcane,Maturity,silt,36.9,55.6,2.1,68.2,5.18,1.45,1893.4
Cotton,Vegetative,clay,31.8,54.9,0.7,34.5,9.92,1.15,8265.9
Cotton,Maturity,silt,24.3,67.8,0.0,16.7,6.68,1.15,6479.4
Groundnut,Vegetative,sandy,22.2,74.9,0.0,57.5,1.49,0.85,480.7
Groundnut,Fruiting,loamy,23.1,43.4,0.2,75.0,2.28,0.85,367.4
Cotton,Flowering,loamy,23.2,41.4,0.0,70.1,2.54,1.15,997.5
Cotton,Maturity,sandy,23.1,69.5,0.0,56.9,4.94,1.15,2705.7
Sugarcane,Flowering,loamy,25.7,34.8,1.7,47.1,7.93,1.45,9027.5
Maize,Maturity,clay,20.9,87.2,1.1,57.0,7.82,1.05,1781.1
Groundnut,Flowering,loamy,18.4,37.8,0.0,45.9,4.24,0.85,1779.1
Tomato,Flowering,loamy,34.2,85.9,2.1,23.0,6.88,1.0,5604.1
Wheat,Vegetative,silt,33.4,58.8,0.0,66.0,5.78,0.9,1325.6
Groundnut,Seedling,clay,32.6,41.4,3.5,37.6,2.87,0.85,371.8
Groundnut,Maturity,clay,36.0,40.1,0.0,30.5,2.48,0.85,936.5
Rice,Fruiting,sandy,26.0,70.7,0.0,60.1,0.52,1.35,499.7
Groundnut,Flowering,sandy,39.1,31.1,2.7,58.4,5.72,0.85,2049.7
Rice,Flowering,sandy,20.8,62.0,1.6,70.1,1.02,1.35,453.1
Sugarcane,Maturity,loamy,20.9,26.1,0.0,20.0,8.23,1.45,10056.1
Sugarcane,Maturity,clay,26.0,40.3,0.6,29.8,9.69,1.45,9044.7
Rice,Seedling,silt,32.5,47.2,0.8,58.9,4.38,1.35,1571.5
Maize,Maturity,clay,33.7,55.1,10.8,33.8,9.16,1.05,1334.8
Cotton,Flowering,loamy,20.3,65.3,0.0,28.9,9.73,1.15,11734.5
Sugarcane,Vegetative,loamy,29.9,73.9,6.1,61.3,8.37,1.45,3908.0
Rice,Flowering,sandy,36.3,78.9,0.0,78.2,8.54,1.35,2887.7
Cotton,Flowering,sandy,27.8,27.8,0.0,56.8,8.34,1.15,7126.1
Sugarcane,Seedling,loamy,23.3,68.8,6.8,74.6,9.24,1.45,50.0
Rice,Fruiting,loamy,41.6,78.0,0.0,71.2,5.08,1.35,2882.2
Tomato,Seedling,silt,31.4,62.7,1.6,18.5,1.51,1.0,689.3
Tomato,Flowering,silt,27.0,42.2,0.0,41.1,1.35,1.0,810.8
Cotton,Seedling,silt,24.8,53.1,0.0,72.9,5.04,1.15,935.5
Tomato,Seedling,silt,25.6,27.9,1.1,35.8,6.33,1.0,2234.6
Wheat,Fruiting,clay,39.6,30.6,0.0,53.7,3.61,0.9,1620.4
Maize,Seedling,clay,20.4,68.3,0.0,69.3,0.88,1.05,115.7
Groundnut,Fruiting,loamy,24.6,69.5,0.0,79.2,4.05,0.85,480.5
Wheat,Maturity,sandy,20.2,26.8,0.0,40.7,0.83,0.9,382.2
Wheat,Seedling,clay,24.4,57.9,0.0,66.3,6.21,0.9,780.5
Groundnut,Fruiting,loamy,22.6,41.1,0.0,23.1,9.1,0.85,6560.6
Tomato,Maturity,loamy,20.3,77.0,0.0,48.1,2.76,1.0,966.5
Wheat,Maturity,sandy,38.1,44.9,2.3,33.7,1.74,0.9,913.2
Cotton,Flowering,silt,30.3,82.3,0.0,18.3,4.84,1.15,6660.2
Tomato,Maturity,sandy,35.8,25.1,0.0,70.3,3.76,1.0,934.2
Cotton,Flowering,clay,31.5,66.8,0.5,42.7,2.02,1.15,1693.0
Rice,Maturity,sandy,20.9,68.3,0.1,60.5,5.51,1.35,2887.1
Rice,Vegetative,loamy,24.2,30.7,0.0,15.2,2.62,1.35,3681.5
Sugarcane,Fruiting,sandy,20.8,81.3,0.0,17.4,9.26,1.45,23347.8
Tomato,Flowering,silt,26.3,36.3,0.0,39.1,6.69,1.0,4083.3
Maize,Vegetative,clay,40.7,88.2,5.2,29.3,4.75,1.05,2573.8
Rice,Seedling,clay,32.7,89.9,0.0,46.0,2.94,1.35,1331.3
Maize,Seedling,loamy,26.2,60.8,0.0,24.0,1.76,1.05,946.9
Groundnut,Fruiting,silt,33.7,88.0,4.9,45.3,6.94,0.85,2135.0
Wheat,Flowering,sandy,19.5,26.9,0.0,54.4,4.55,0.9,2261.1
Groundnut,Seedling,clay,34.0,74.6,0.0,78.1,6.31,0.85,358.5
Groundnut,Maturity,loamy,18.9,33.5,0.0,76.3,7.1,0.85,627.5
Sugarcane,Vegetative,sandy,24.2,81.6,0.0,69.5,5.2,1.45,2872.8
Sugarcane,Maturity,loamy,41.3,80.8,0.0,58.8,1.58,1.45,998.0
Cotton,Maturity,clay,19.7,75.1,3.6,50.1,1.53,1.15,500.1
Rice,Seedling,silt,29.0,64.4,0.0,24.1,9.7,1.35,7080.4
Maize,Seedling,loamy,38.0,75.8,0.0,28.7,8.02,1.05,4262.1
Maize,Flowering,silt,20.6,42.5,4.0,44.5,3.66,1.05,1768.6
Maize,Vegetative,loamy,24.6,27.6,0.0,43.5,3.26,1.05,1975.1
Rice,Vegetative,silt,25.3,66.0,15.9,26.0,2.2,1.35,1230.7
Maize,Maturity,silt,26.8,74.5,0.6,56.0,0.59,1.05,181.3
Cotton,Seedling,sandy,26.8,70.3,0.2,60.1,2.25,1.15,951.0
Tomato,Flowering,sandy,18.9,89.6,0.0,73.8,5.39,1.0,1256.6
Groundnut,Maturity,loamy,27.2,25.7,0.1,53.6,3.15,0.85,813.0
Tomato,Maturity,clay,31.8,58.0,0.0,76.7,1.01,1.0,105.9
Sugarcane,Seedling,clay,39.5,67.6,0.0,73.5,7.93,1.45,1776.1
Rice,Seedling,sandy,30.2,42.1,0.0,78.1,9.7,1.35,1819.0
Groundnut,Vegetative,silt,41.6,85.1,0.0,19.0,6.5,0.85,4082.6
Rice,Flowering,clay,27.5,67.5,0.0,17.6,4.88,1.35,6513.8
Cotton,Maturity,sandy,33.6,82.3,0.0,75.8,0.87,1.15,217.4
Maize,Seedling,clay,41.2,37.4,0.0,51.7,1.3,1.05,397.2
Sugarcane,Maturity,silt,24.2,46.4,0.0,30.3,6.94,1.45,7192.6
Cotton,Seedling,sandy,18.3,41.0,0.0,47.1,6.78,1.15,3916.6
Maize,Vegetative,clay,30.3,72.0,0.0,70.9,9.61,1.05,2019.2
Maize,Fruiting,silt,39.4,45.9,0.0,48.0,7.34,1.05,5392.4
Tomato,Seedling,silt,30.4,86.2,3.5,54.8,3.34,1.0,397.5
Groundnut,Vegetative,silt,25.2,82.5,0.0,66.0,2.91,0.85,523.1
Tomato,Flowering,silt,19.1,82.9,1.5,56.8,6.78,1.0,2109.0
Groundnut,Maturity,silt,29.6,67.0,0.0,36.3,6.51,0.85,2284.2
Maize,Seedling,sandy,24.3,82.7,0.0,51.6,5.3,1.05,1908.1
Groundnut,Maturity,silt,28.4,68.0,0.6,40.8,3.56,0.85,1094.7
Wheat,Fruiting,silt,35.0,46.3,0.0,57.7,5.09,0.9,2142.9
Tomato,Flowering,silt,22.3,51.7,6.1,39.3,6.62,1.0,2483.7
Sugarcane,Vegetative,loamy,18.3,89.2,0.0,67.8,4.28,1.45,2047.5
Maize,Seedling,clay,40.6,38.2,0.0,22.3,9.17,1.05,5152.9
Sugarcane,Seedling,clay,38.6,51.2,0.0,38.8,2.88,1.45,2128.6
Maize,Fruiting,sandy,22.4,77.7,2.2,25.8,8.07,1.05,9699.6
Rice,Maturity,sandy,41.0,78.4,2.2,74.5,3.05,1.35,741.7
Maize,Fruiting,loamy,22.2,74.7,0.0,35.9,9.23,1.05,8049.0
Rice,Maturity,silt,34.6,48.4,0.0,66.5,6.59,1.35,2369.6
Wheat,Maturity,loamy,33.9,43.1,6.4,66.3,8.57,0.9,50.0
Sugarcane,Seedling,silt,24.0,29.8,0.0,25.7,3.44,1.45,3165.6
Tomato,Seedling,silt,26.5,25.7,0.0,23.1,6.11,1.0,2852.5
Groundnut,Seedling,sandy,19.5,82.6,0.0,45.8,3.29,0.85,877.4
Wheat,Seedling,clay,22.3,32.7,0.0,68.0,7.84,0.9,899.7
Wheat,Maturity,clay,18.6,50.1,0.0,46.1,3.92,0.9,1050.3
Maize,Seedling,silt,24.1,52.1,0.0,64.3,1.05,1.05,206.1
Rice,Vegetative,loamy,19.8,87.0,0.0,66.2,7.11,1.35,2873.0
Groundnut,Fruiting,clay,18.9,82.1,0.0,67.4,1.65,0.85,326.2
Groundnut,Maturity,loamy,22.7,40.4,11.1,38.6,0.87,0.85,50.0
Rice,Fruiting,clay,38.5,43.6,0.3,43.5,5.39,1.35,5849.2
Groundnut,Fruiting,sandy,40.7,52.6,0.0,15.9,6.79,0.85,7883.8
Maize,Flowering,sandy,36.6,85.5,0.0,23.4,1.26,1.05,1552.7
Groundnut,Fruiting,silt,21.7,62.0,0.0,55.6,8.76,0.85,3127.4
Cotton,Fruiting,sandy,20.9,45.6,0.0,47.7,2.68,1.15,3347.9
Sugarcane,Vegetative,loamy,25.9,65.2,0.0,45.9,3.72,1.45,3626.9
Rice,Maturity,loamy,39.0,58.7,0.0,39.3,6.43,1.35,5564.7
Groundnut,Flowering,silt,37.1,78.9,0.0,52.8,4.06,0.85,1500.6
Cotton,Vegetative,silt,38.5,57.1,0.0,74.8,3.74,1.15,1048.8
Cotton,Maturity,silt,30.6,64.3,4.6,32.9,3.87,1.15,2479.5
Maize,Fruiting,silt,24.9,55.1,0.0,39.0,5.65,1.05,4408.4
Groundnut,Maturity,loamy,29.6,83.1,0.0,20.5,7.63,0.85,3637.6
Rice,Seedling,clay,23.1,56.7,0.0,47.3,4.4,1.35,1860.7
Groundnut,Flowering,clay,37.2,70.7,0.3,21.5,8.01,0.85,4758.5
Rice,Vegetative,sandy,41.3,88.8,6.6,18.7,8.21,1.35,13595.9
Sugarcane,Fruiting,loamy,25.6,56.3,0.0,72.5,2.15,1.45,1078.8
Groundnut,Fruiting,sandy,21.9,54.8,0.0,56.7,3.92,0.85,1775.4
Maize,Seedling,clay,36.0,82.3,0.0,16.7,2.91,1.05,1538.6
Maize,Seedling,clay,37.7,54.7,0.0,65.1,8.73,1.05,1703.8
Cotton,Maturity,silt,27.0,61.2,0.0,60.0,9.68,1.15,4086.2
Wheat,Flowering,silt,31.2,32.8,0.0,71.9,3.36,0.9,648.0
Tomato,Maturity,sandy,30.1,84.8,0.0,61.3,9.62,1.0,3115.2
Rice,Maturity,silt,32.4,45.8,0.7,26.8,9.37,1.35,8853.1
Sugarcane,Vegetative,silt,22.4,88.4,0.0,41.3,8.26,1.45,8260.2
Maize,Vegetative,loamy,36.6,39.2,7.7,55.1,7.08,1.05,1507.1
Sugarcane,Seedling,clay,32.8,88.9,2.6,24.9,9.9,1.45,6989.8
Cotton,Seedling,loamy,40.9,67.2,0.2,46.0,8.41,1.15,4713.0
Maize,Vegetative,silt,40.1,30.1,0.0,18.7,1.33,1.05,1265.2
Cotton,Seedling,sandy,37.3,34.1,0.0,18.3,1.34,1.15,1508.0
Groundnut,Flowering,loamy,22.9,51.9,0.0,77.8,2.31,0.85,269.8
Rice,Flowering,sandy,38.9,87.7,1.3,75.9,4.3,1.35,1557.2
Tomato,Flowering,sandy,22.6,48.1,0.0,56.6,5.17,1.0,2899.9
Groundnut,Vegetative,sandy,40.9,62.5,1.8,27.7,6.75,0.85,4481.3
Groundnut,Maturity,silt,23.9,31.9,0.0,45.5,8.72,0.85,2483.0
Rice,Maturity,silt,24.5,77.9,0.1,33.3,9.29,1.35,7169.9
Sugarcane,Flowering,sandy,26.8,27.0,0.3,66.1,8.09,1.45,6643.5
Sugarcane,Fruiting,sandy,23.1,72.6,0.0,70.2,4.43,1.45,3221.1
Wheat,Fruiting,loamy,34.9,30.8,0.0,48.8,4.18,0.9,2455.8
Groundnut,Vegetative,sandy,19.9,73.2,2.7,16.7,3.95,0.85,2449.2
Sugarcane,Maturity,loamy,41.4,37.9,0.0,78.3,9.37,1.45,2348.6
Groundnut,Fruiting,silt,29.4,28.3,0.0,79.9,4.16,0.85,465.2
Sugarcane,Flowering,loamy,41.8,48.2,0.2,74.3,1.29,1.45,597.5
Sugarcane,Seedling,clay,40.5,73.2,0.0,30.5,6.96,1.45,6004.3
Rice,Vegetative,loamy,36.1,79.9,0.0,22.8,1.51,1.35,2057.5
Wheat,Maturity,sandy,20.8,39.6,2.3,72.4,5.82,0.9,496.0
Groundnut,Fruiting,clay,38.1,51.0,4.6,26.5,6.62,0.85,3248.4
Cotton,Seedling,silt,35.4,38.5,10.9,60.5,3.26,1.15,50.0
Wheat,Fruiting,loamy,40.8,81.0,0.0,41.8,2.47,0.9,1648.1
Rice,Fruiting,silt,34.0,85.2,0.0,55.7,2.36,1.35,2010.2
Rice,Fruiting,loamy,19.4,56.0,0.0,76.8,1.02,1.35,315.7
Cotton,Seedling,sandy,21.3,43.6,0.0,38.7,1.99,1.15,1379.7
Wheat,Vegetative,clay,37.4,39.1,0.0,58.9,6.12,0.9,1738.5
Tomato,Maturity,silt,37.7,70.6,0.0,52.6,2.11,1.0,703.8
Maize,Flowering,silt,21.3,49.7,2.0,58.6,3.42,1.05,1232.9
Tomato,Seedling,sandy,33.3,35.5,0.0,77.7,4.32,1.0,525.7
Cotton,Vegetative,silt,35.4,37.1,0.0,47.4,3.11,1.15,2388.2
Groundnut,Seedling,sandy,21.4,51.5,0.0,75.1,6.54,0.85,627.0
Wheat,Vegetative,sandy,31.3,77.9,0.0,16.8,1.34,0.9,1203.2
Groundnut,Vegetative,silt,31.2,37.0,0.0,27.8,9.99,0.85,5312.0
Maize,Fruiting,loamy,25.6,49.3,0.0,43.0,2.18,1.05,1745.1
Groundnut,Fruiting,loamy,35.5,41.3,9.4,79.6,6.51,0.85,50.0
Cotton,Flowering,sandy,31.5,53.8,0.0,35.7,1.86,1.15,2667.9
Groundnut,Fruiting,loamy,39.4,82.2,3.6,40.0,2.88,0.85,1363.8
Maize,Flowering,clay,19.9,57.7,0.0,74.3,9.43,1.05,1837.3
Rice,Seedling,silt,28.3,84.3,0.0,33.1,3.25,1.35,2148.8
Cotton,Vegetative,silt,28.0,81.0,5.6,48.2,4.59,1.15,2339.9
Tomato,Maturity,loamy,39.9,68.4,0.0,59.9,1.84,1.0,533.2
Cotton,Vegetative,loamy,30.5,83.8,0.0,45.6,6.42,1.15,5159.7
Wheat,Fruiting,sandy,30.0,57.8,5.4,20.4,4.32,0.9,4063.3
Wheat,Fruiting,clay,36.2,88.7,0.0,70.6,5.06,0.9,1145.9
Groundnut,Maturity,loamy,41.0,62.1,0.0,37.2,9.06,0.85,3521.8
Tomato,Seedling,loamy,34.2,82.2,0.0,74.7,4.52,1.0,523.0
Maize,Seedling,loamy,34.2,43.4,0.0,53.9,3.5,1.05,1077.8
Rice,Flowering,loamy,29.4,88.8,0.0,78.5,4.18,1.35,1041.7
Wheat,Seedling,clay,29.6,46.7,9.6,75.2,1.32,0.9,50.0
Rice,Flowering,clay,37.8,29.0,10.7,30.7,4.91,1.35,4514.4
Groundnut,Vegetative,clay,28.3,28.1,0.0,72.3,6.69,0.85,866.8
Tomato,Maturity,loamy,21.1,40.9,0.0,30.3,3.99,1.0,2076.3
Tomato,Maturity,clay,30.9,33.2,9.3,17.1,2.99,1.0,807.4
Sugarcane,Vegetative,clay,24.9,40.9,18.4,20.5,3.4,1.45,2520.5
Cotton,Vegetative,loamy,35.4,89.4,5.1,45.0,5.28,1.15,3335.7
Rice,Flowering,loamy,35.1,43.0,3.4,47.9,3.7,1.35,3451.2
Maize,Vegetative,silt,41.7,26.0,4.6,71.3,8.23,1.05,800.7
Sugarcane,Fruiting,silt,31.5,59.1,0.0,30.8,5.35,1.45,9908.8
Wheat,Seedling,sandy,31.3,70.0,4.8,75.8,5.5,0.9,50.0
Rice,Fruiting,silt,32.4,47.9,0.0,65.2,6.61,1.35,4035.4
Groundnut,Fruiting,silt,32.6,32.1,0.3,21.2,5.98,0.85,4689.3
Sugarcane,Fruiting,clay,35.3,58.7,0.3,22.9,3.31,1.45,6375.6
Groundnut,Seedling,clay,30.0,49.9,0.0,70.1,4.25,0.85,391.7
Wheat,Flowering,clay,36.0,72.1,0.0,59.5,7.27,0.9,2252.2
Groundnut,Fruiting,sandy,19.2,70.6,0.0,58.7,3.43,0.85,1415.3
Cotton,Fruiting,loamy,24.5,37.1,0.0,30.5,5.59,1.15,8016.8
Tomato,Fruiting,clay,38.3,53.7,0.5,67.3,9.58,1.0,2879.9
Cotton,Vegetative,loamy,29.5,35.5,0.0,62.3,3.58,1.15,1856.7
Maize,Fruiting,clay,27.9,42.0,1.5,49.3,5.8,1.05,3354.2
Tomato,Seedling,silt,18.0,63.1,7.1,75.7,3.66,1.0,50.0
Tomato,Flowering,sandy,27.8,38.8,0.0,40.2,1.81,1.0,1532.5
Cotton,Vegetative,clay,32.4,66.2,0.0,23.8,9.0,1.15,9248.6
Cotton,Vegetative,loamy,38.9,50.5,0.0,56.8,5.25,1.15,3360.2
Wheat,Seedling,loamy,33.4,32.1,0.0,17.9,7.32,0.9,3493.0
Maize,Flowering,sandy,22.6,63.6,0.0,30.7,5.23,1.05,5291.2
Rice,Vegetative,clay,41.2,76.3,0.6,20.1,1.79,1.35,2131.8
Groundnut,Fruiting,loamy,29.6,51.4,5.6,40.1,1.39,0.85,524.1
Wheat,Flowering,loamy,30.0,79.7,0.0,57.3,6.13,0.9,2224.2
Rice,Fruiting,loamy,34.9,33.8,0.0,46.9,8.2,1.35,9763.7
Sugarcane,Maturity,clay,27.9,47.8,0.0,32.7,8.9,1.45,8420.7
Maize,Maturity,sandy,37.6,83.0,0.0,40.4,8.36,1.05,5789.3
Wheat,Vegetative,clay,28.4,66.8,0.0,40.6,3.63,0.9,1439.5
Cotton,Flowering,silt,33.2,42.9,0.7,16.1,0.6,1.15,913.9
Maize,Fruiting,silt,39.2,55.6,1.0,67.4,1.16,1.05,443.9
Sugarcane,Maturity,sandy,34.9,47.8,0.0,49.0,6.37,1.45,6883.2
Tomato,Vegetative,loamy,38.6,69.9,0.0,26.0,0.64,1.0,483.9
Maize,Maturity,clay,31.5,34.8,0.0,72.7,3.66,1.05,588.5
Cotton,Vegetative,clay,30.7,85.7,0.3,79.6,9.73,1.15,1406.1
Maize,Seedling,clay,30.0,57.8,2.2,21.9,4.47,1.05,1892.5
Tomato,Vegetative,sandy,28.6,30.4,0.0,47.4,0.68,1.0,414.9
Cotton,Fruiting,sandy,18.8,88.3,0.0,50.1,4.4,1.15,4601.4
Sugarcane,Fruiting,sandy,23.7,63.2,0.0,42.0,6.64,1.45,12103.3
Rice,Vegetative,clay,24.7,76.8,2.5,74.7,7.79,1.35,1137.8
Wheat,Maturity,loamy,29.1,62.6,0.0,70.0,1.02,0.9,162.9
Groundnut,Fruiting,clay,34.0,59.9,5.7,36.4,1.93,0.85,646.0
Sugarcane,Vegetative,loamy,33.0,73.6,0.0,28.1,9.95,1.45,15276.8
Groundnut,Fruiting,clay,41.9,39.1,1.9,26.8,7.27,0.85,4541.3
Maize,Maturity,clay,21.7,73.7,0.0,74.0,5.85,1.05,785.1
Rice,Fruiting,clay,35.3,57.4,7.6,44.4,7.25,1.35,5894.8
Groundnut,Maturity,sandy,33.8,85.2,3.1,28.5,2.89,0.85,1204.9
Tomato,Vegetative,clay,23.3,37.1,0.0,30.6,1.08,1.0,592.4
Wheat,Flowering,clay,25.6,46.8,3.5,17.0,3.5,0.9,1972.4
Tomato,Flowering,silt,38.5,77.5,0.0,25.5,7.1,1.0,6251.0
Sugarcane,Maturity,sandy,24.8,64.5,0.0,40.4,9.8,1.45,10976.4
Sugarcane,Flowering,sandy,40.4,50.2,1.2,34.5,8.96,1.45,18986.4
Groundnut,Seedling,clay,31.6,83.0,0.0,58.3,8.63,0.85,1217.2
Sugarcane,Seedling,loamy,24.8,42.8,0.0,64.6,4.44,1.45,1680.8
Maize,Fruiting,sandy,28.3,73.4,0.0,25.2,2.22,1.05,3022.4
Wheat,Maturity,clay,28.0,41.8,0.0,44.2,6.06,0.9,1889.9
Groundnut,Maturity,loamy,26.6,51.7,1.3,17.4,2.15,0.85,989.1
Wheat,Flowering,clay,26.2,51.1,0.0,49.3,5.97,0.9,2284.2
Cotton,Flowering,silt,41.4,78.6,0.0,32.9,5.13,1.15,6455.4
Wheat,Fruiting,sandy,22.6,58.4,0.0,65.7,4.17,0.9,1585.2
Rice,Maturity,loamy,37.7,45.1,0.0,16.1,2.09,1.35,2573.8
Groundnut,Vegetative,clay,20.6,31.4,0.0,38.5,9.52,0.85,3380.0
Wheat,Seedling,loamy,29.6,68.4,0.0,48.1,1.37,0.9,346.9
Groundnut,Fruiting,clay,24.3,59.9,0.0,79.3,8.77,0.85,838.7
Sugarcane,Vegetative,clay,21.1,74.1,2.5,63.8,7.63,1.45,2841.5
Maize,Flowering,silt,21.4,65.9,0.0,15.7,8.81,1.05,8754.5
Rice,Maturity,silt,36.2,85.7,0.0,22.9,6.48,1.35,6575.3
Tomato,Maturity,sandy,38.3,54.2,0.0,60.8,2.1,1.0,729.9
Tomato,Maturity,silt,41.1,82.6,0.0,33.5,7.56,1.0,3977.2
Tomato,Seedling,loamy,37.8,26.3,0.0,76.9,7.76,1.0,797.8
Rice,Vegetative,loamy,38.4,52.1,0.0,46.2,5.37,1.35,5037.9
Wheat,Flowering,silt,19.8,77.7,0.0,58.0,9.14,0.9,2896.7
Cotton,Flowering,loamy,28.1,61.7,0.0,30.3,3.28,1.15,3862.2
Tomato,Maturity,clay,25.4,46.1,0.0,69.5,5.38,1.0,865.8
Tomato,Flowering,silt,26.0,79.0,3.9,60.8,5.34,1.0,1120.3
Tomato,Vegetative,clay,21.5,43.1,3.6,21.0,4.85,1.0,2409.3
Cotton,Vegetative,loamy,41.9,83.1,0.0,23.6,4.93,1.15,6222.6
Rice,Vegetative,clay,34.1,32.9,0.0,69.7,2.22,1.35,797.1
Groundnut,Maturity,silt,22.7,82.3,0.0,49.7,4.5,0.85,1125.8
Maize,Fruiting,clay,41.2,56.3,0.0,76.9,9.75,1.05,2072.7
Rice,Maturity,loamy,25.3,83.3,0.0,19.6,6.8,1.35,7327.7
Sugarcane,Vegetative,silt,25.4,47.0,0.0,19.2,4.37,1.45,6880.9
Cotton,Seedling,clay,29.7,58.3,0.0,63.3,9.56,1.15,2712.4
Cotton,Vegetative,loamy,23.7,41.7,0.0,19.7,0.64,1.15,791.7
Tomato,Maturity,loamy,31.6,79.7,0.0,41.9,3.69,1.0,1606.2
Maize,Maturity,clay,22.7,85.8,0.0,22.1,0.6,1.05,327.9
Rice,Seedling,silt,40.0,46.4,0.0,47.9,4.04,1.35,2304.7
Cotton,Flowering,clay,31.7,39.1,0.0,39.4,9.7,1.15,8813.6
Rice,Flowering,clay,32.0,52.8,0.0,63.0,0.84,1.35,460.1
Wheat,Vegetative,loamy,36.9,61.3,6.0,17.0,2.04,0.9,1118.9
Sugarcane,Vegetative,silt,35.2,89.4,0.3,20.5,5.62,1.45,8950.0
Wheat,Maturity,clay,22.8,82.6,9.5,16.9,0.54,0.9,63.6
Cotton,Seedling,loamy,28.4,28.7,0.0,41.4,7.87,1.15,4562.8
Rice,Seedling,clay,41.1,74.5,0.0,44.8,5.88,1.35,3191.3
Cotton,Flowering,clay,21.4,26.7,0.0,17.3,5.4,1.15,6704.2
Maize,Flowering,sandy,37.1,45.2,0.0,67.4,7.93,1.05,3658.7
Maize,Flowering,silt,39.8,47.7,0.0,66.8,3.05,1.05,1118.0
Sugarcane,Vegetative,sandy,33.5,74.6,0.0,30.2,2.15,1.45,3891.6
Maize,Seedling,loamy,21.1,37.5,0.5,58.0,3.07,1.05,718.8
Sugarcane,Fruiting,clay,37.2,88.0,0.0,38.1,4.62,1.45,6521.0
Sugarcane,Flowering,silt,25.1,65.0,0.0,45.3,1.06,1.45,1229.7
Wheat,Maturity,clay,30.4,54.9,0.0,69.4,8.04,0.9,1116.7
Groundnut,Vegetative,sandy,31.8,80.0,9.5,54.5,7.38,0.85,314.8
Wheat,Flowering,silt,33.0,58.0,0.0,18.4,5.23,0.9,4013.3
Sugarcane,Flowering,clay,40.1,79.3,0.0,40.6,8.67,1.45,10550.7
Sugarcane,Maturity,loamy,36.5,38.3,0.0,37.6,0.72,1.45,788.1
Tomato,Maturity,silt,21.3,33.6,12.9,37.5,1.14,1.0,50.0
Maize,Flowering,loamy,29.6,85.5,0.0,57.3,9.4,1.05,4693.2
Cotton,Flowering,clay,21.2,30.5,1.3,50.7,3.61,1.15,2319.6
Rice,Fruiting,sandy,28.7,49.1,0.0,50.4,9.77,1.35,12639.2
Sugarcane,Flowering,clay,41.4,49.4,0.0,28.0,7.13,1.45,12061.4
Cotton,Maturity,silt,25.2,36.7,1.7,59.9,7.25,1.15,2554.3
Maize,Flowering,clay,28.0,56.0,0.0,75.0,0.52,1.05,102.1
Maize,Seedling,loamy,26.3,57.4,0.0,26.9,4.35,1.05,2237.1
Maize,Fruiting,loamy,37.0,60.9,8.2,66.1,5.81,1.05,882.7
Sugarcane,Maturity,silt,41.5,66.8,0.0,20.9,6.27,1.45,8581.2
Sugarcane,Seedling,clay,33.7,27.1,0.0,25.1,4.71,1.45,4163.4
Rice,Maturity,silt,39.3,41.1,0.3,46.4,2.47,1.35,1695.7
Groundnut,Vegetative,clay,21.3,49.8,15.1,69.0,6.69,0.85,50.0
Maize,Vegetative,clay,40.0,46.5,0.0,22.5,9.07,1.05,7366.9
Rice,Flowering,silt,26.3,27.3,0.0,21.5,0.51,1.35,727.0
Sugarcane,Seedling,sandy,34.4,30.0,0.0,67.6,3.64,1.45,1684.1
Maize,Seedling,sandy,37.3,45.1,0.1,22.1,8.96,1.05,6730.2
Cotton,Fruiting,sandy,25.6,40.1,0.0,28.9,1.51,1.15,2758.4
Rice,Vegetative,silt,26.3,26.8,0.0,31.1,7.77,1.35,8751.8
Wheat,Maturity,loamy,31.1,37.1,0.0,78.2,1.39,0.9,132.8
Sugarcane,Maturity,loamy,40.9,32.7,0.0,53.0,5.7,1.45,4398.9
Maize,Maturity,clay,22.3,78.1,0.0,58.1,3.36,1.05,900.6
Rice,Maturity,sandy,41.6,55.9,0.0,16.0,2.08,1.35,3426.9
Maize,Vegetative,sandy,37.8,43.9,0.0,23.0,8.65,1.05,9617.0
Wheat,Fruiting,silt,29.4,31.6,0.0,46.2,9.65,0.9,5281.2
Sugarcane,Vegetative,sandy,26.0,70.9,0.0,53.8,2.11,1.45,2103.1
Sugarcane,Maturity,clay,36.2,52.2,6.3,43.9,9.95,1.45,5541.8
Maize,Seedling,loamy,23.3,73.2,0.2,15.4,4.16,1.05,2424.7
Maize,Vegetative,loamy,39.0,36.8,0.0,19.9,5.73,1.05,5911.2
Cotton,Seedling,sandy,19.8,65.9,3.6,77.7,8.33,1.15,309.0
Sugarcane,Vegetative,sandy,26.5,73.8,5.6,58.0,8.7,1.45,6030.4
Maize,Flowering,clay,18.1,46.3,1.2,57.3,9.92,1.05,3403.5
Maize,Flowering,clay,36.5,85.9,0.0,66.1,3.28,1.05,1036.3
Tomato,Seedling,sandy,27.7,62.8,2.4,37.8,0.61,1.0,228.2
Sugarcane,Seedling,silt,37.9,88.7,0.5,17.8,2.97,1.45,3111.4
Wheat,Seedling,sandy,41.3,72.5,0.0,62.6,5.38,0.9,1261.2
Rice,Maturity,silt,35.5,52.2,0.0,36.2,7.2,1.35,6379.3
Maize,Flowering,clay,31.8,48.0,1.9,24.5,1.15,1.05,916.6
Rice,Vegetative,sandy,38.6,61.6,0.0,74.0,1.3,1.35,540.0
Sugarcane,Maturity,sandy,28.8,35.9,2.1,70.9,8.05,1.45,3244.4
Groundnut,Fruiting,silt,32.3,87.1,0.0,77.0,7.63,0.85,1072.0
Groundnut,Vegetative,loamy,33.1,70.6,0.0,23.6,7.23,0.85,4073.4
Tomato,Fruiting,sandy,29.1,84.5,4.5,38.0,9.35,1.0,7617.4
Wheat,Fruiting,sandy,34.3,73.2,2.7,79.9,8.98,0.9,692.9
Rice,Flowering,clay,27.4,66.5,4.6,43.1,6.58,1.35,4651.4
Rice,Vegetative,clay,33.6,58.4,0.0,64.2,8.65,1.35,3905.6
Tomato,Flowering,silt,26.6,26.3,0.0,32.7,3.42,1.0,2582.4
Groundnut,Seedling,loamy,26.5,66.9,0.0,62.4,9.57,0.85,1429.3
Groundnut,Fruiting,sandy,35.6,71.2,0.0,75.3,1.64,0.85,342.2
Tomato,Fruiting,silt,19.3,86.5,0.0,22.0,8.49,1.0,7484.4
Wheat,Seedling,loamy,41.6,34.8,1.8,35.1,5.9,0.9,1824.2
Maize,Fruiting,sandy,38.1,29.6,2.2,75.9,7.51,1.05,1873.5
Sugarcane,Fruiting,loamy,21.5,71.1,0.0,17.9,1.85,1.45,3792.1
Groundnut,Maturity,clay,32.0,49.8,0.0,17.6,7.06,0.85,3316.9
Rice,Seedling,sandy,35.4,54.0,0.0,75.5,4.99,1.35,1238.6
Cotton,Seedling,loamy,34.0,65.1,0.0,25.6,7.62,1.15,5500.0
Groundnut,Fruiting,silt,24.2,61.4,0.0,46.8,2.92,0.85,1317.2
Rice,Fruiting,sandy,35.3,27.4,5.1,48.6,5.95,1.35,7648.7
Wheat,Vegetative,loamy,32.7,56.3,0.0,76.9,3.77,0.9,468.8
Rice,Vegetative,loamy,29.5,62.9,0.0,47.2,4.53,1.35,3717.0
Maize,Flowering,sandy,39.1,84.1,0.0,48.5,6.01,1.05,4995.4
Rice,Fruiting,loamy,22.4,37.9,0.9,61.5,4.3,1.35,3034.8
Groundnut,Fruiting,clay,18.6,69.0,0.2,26.3,3.62,0.85,2014.3
Wheat,Seedling,clay,20.0,48.7,0.3,31.8,4.19,0.9,1170.3
Groundnut,Maturity,clay,22.0,79.5,1.1,44.4,10.0,0.85,2115.5
Maize,Flowering,sandy,38.1,76.2,0.0,63.7,5.59,1.05,3021.0
Maize,Vegetative,sandy,21.9,50.8,2.8,57.5,7.55,1.05,3000.1
Wheat,Flowering,sandy,38.2,78.9,1.7,63.0,0.75,0.9,265.1
Groundnut,Flowering,sandy,28.6,68.5,3.6,76.3,9.87,0.85,443.9
Cotton,Maturity,loamy,23.2,82.2,3.4,52.1,5.35,1.15,2183.5
Sugarcane,Maturity,clay,29.4,63.1,0.0,17.9,5.91,1.45,6868.6
Rice,Fruiting,silt,38.8,58.3,0.0,21.7,3.8,1.35,6990.2
Maize,Maturity,silt,39.0,67.5,0.0,63.6,4.8,1.05,1367.6
Groundnut,Seedling,loamy,38.1,65.9,0.0,60.2,3.17,0.85,552.3
Cotton,Vegetative,loamy,31.4,57.4,10.2,15.6,1.8,1.15,1775.3
Tomato,Maturity,silt,38.2,42.7,6.9,75.7,7.59,1.0,50.0
Groundnut,Maturity,clay,40.4,62.9,0.0,71.6,9.88,0.85,1140.6
Groundnut,Vegetative,silt,32.3,51.2,0.0,35.2,1.57,0.85,721.7
Rice,Seedling,silt,26.3,57.8,4.9,50.5,5.05,1.35,1446.1
Sugarcane,Seedling,clay,19.6,28.1,0.0,65.0,6.93,1.45,2177.5
Maize,Maturity,clay,28.9,31.7,6.8,36.2,2.19,1.05,567.2
Rice,Vegetative,clay,22.0,66.1,0.0,20.5,6.18,1.35,6570.7
Tomato,Vegetative,sandy,27.2,46.3,0.0,32.0,0.76,1.0,615.1
Cotton,Flowering,sandy,30.3,67.0,0.0,46.8,8.29,1.15,9158.2
Wheat,Seedling,loamy,40.8,60.9,0.0,75.2,3.52,0.9,359.0
Tomato,Maturity,loamy,22.2,65.1,0.2,43.4,8.3,1.0,3388.5
Rice,Fruiting,silt,29.8,70.6,0.0,52.0,3.3,1.35,3019.5
Tomato,Vegetative,clay,18.7,58.4,0.0,57.0,5.56,1.0,1600.1
Groundnut,Flowering,sandy,38.6,54.8,0.0,59.0,5.74,0.85,2395.6
Cotton,Flowering,silt,37.8,74.5,0.7,39.7,5.18,1.15,5160.6
Maize,Seedling,loamy,24.6,43.3,1.4,55.3,6.47,1.05,1552.2
Maize,Seedling,clay,18.2,42.0,0.0,59.2,4.84,1.05,978.3
Wheat,Vegetative,clay,25.9,44.1,0.0,15.3,9.41,0.9,5671.4
Wheat,Vegetative,sandy,25.9,65.5,0.2,18.5,3.27,0.9,2685.4
Groundnut,Seedling,clay,21.0,36.6,5.5,76.6,8.2,0.85,50.0
Wheat,Maturity,sandy,40.6,27.5,1.2,52.0,1.6,0.9,627.4
Wheat,Seedling,clay,31.3,61.2,0.0,49.8,1.36,0.9,286.5
Wheat,Seedling,clay,36.5,70.1,0.0,80.0,4.32,0.9,238.8
Rice,Fruiting,clay,36.0,61.5,0.0,46.9,4.79,1.35,4538.5
Maize,Fruiting,loamy,31.6,25.3,0.0,58.8,6.7,1.05,3718.0
Sugarcane,Flowering,silt,24.5,77.8,1.7,51.2,3.25,1.45,3021.7
Sugarcane,Maturity,loamy,34.6,57.0,1.3,37.2,6.53,1.45,6507.6
Cotton,Flowering,loamy,38.8,57.1,2.2,69.4,9.08,1.15,3443.1
Tomato,Vegetative,sandy,33.4,68.5,0.0,63.5,0.84,1.0,321.9
Rice,Vegetative,clay,28.2,41.2,1.9,73.0,1.18,1.35,258.4
Maize,Flowering,loamy,22.7,57.8,0.0,18.6,1.56,1.05,1514.1
Tomato,Seedling,loamy,42.0,58.0,3.9,67.9,6.43,1.0,276.6
Wheat,Seedling,silt,23.0,82.1,2.3,42.9,2.35,0.9,421.0
Maize,Fruiting,loamy,26.6,67.7,9.6,38.1,7.51,1.05,3781.8
Maize,Maturity,clay,30.1,54.3,0.0,37.3,5.21,1.05,2565.1
Rice,Vegetative,sandy,23.0,83.7,0.0,41.1,4.02,1.35,4443.4
Cotton,Vegetative,silt,24.0,45.8,4.4,61.6,7.94,1.15,2593.4
Maize,Seedling,clay,19.2,51.5,6.6,63.4,4.94,1.05,50.0
Tomato,Vegetative,clay,21.8,36.3,0.0,23.2,6.48,1.0,4059.1
Tomato,Seedling,clay,21.4,31.0,1.2,31.9,5.75,1.0,1698.7
Cotton,Fruiting,sandy,26.6,79.0,4.8,16.1,2.75,1.15,5445.9
Maize,Seedling,silt,35.7,41.1,0.0,16.4,8.45,1.05,5005.7
Cotton,Maturity,loamy,27.3,52.6,0.0,16.5,4.83,1.15,5197.7
Tomato,Flowering,silt,40.8,41.7,6.3,25.1,7.46,1.0,5198.1
Cotton,Fruiting,loamy,27.6,73.8,0.0,39.4,0.91,1.15,1092.8
Cotton,Flowering,silt,26.2,61.7,8.9,39.7,8.97,1.15,5933.9
Tomato,Seedling,clay,33.5,68.6,0.0,20.0,3.5,1.0,1565.2
Rice,Flowering,silt,32.6,69.4,0.0,36.6,8.31,1.35,9446.0
Cotton,Flowering,silt,39.3,35.3,4.4,21.2,8.81,1.15,12499.4
Cotton,Fruiting,clay,32.0,49.6,0.0,36.2,5.43,1.15,6306.0
Wheat,Flowering,sandy,40.8,70.1,0.8,48.8,6.82,0.9,4222.1
Tomato,Vegetative,clay,38.8,72.3,0.0,21.8,2.44,1.0,1687.9
Maize,Flowering,clay,41.6,67.4,4.8,71.3,9.05,1.05,855.8
Maize,Flowering,silt,24.3,70.7,0.7,39.8,6.31,1.05,4083.6
Maize,Fruiting,sandy,29.3,39.5,0.0,34.0,6.37,1.05,7930.7
Rice,Flowering,sandy,36.8,87.9,0.0,36.0,4.71,1.35,7348.4
Sugarcane,Fruiting,clay,31.6,72.3,0.0,25.1,5.19,1.45,9177.6
Cotton,Flowering,clay,33.0,53.8,0.0,20.1,6.35,1.15,8267.7
Sugarcane,Vegetative,loamy,19.1,56.2,2.1,40.7,7.36,1.45,7278.3
Cotton,Vegetative,clay,36.8,89.3,0.0,76.1,8.12,1.15,1821.4
Maize,Seedling,clay,32.1,59.2,2.5,28.7,7.31,1.05,2667.4
Rice,Maturity,loamy,24.2,27.3,0.0,71.3,4.76,1.35,1443.4
Groundnut,Fruiting,sandy,40.1,25.5,0.0,63.4,0.69,0.85,300.1
Rice,Flowering,sandy,28.3,44.9,1.0,65.9,2.61,1.35,1700.2
Cotton,Flowering,loamy,25.4,67.6,0.0,77.7,8.92,1.15,2299.1
Wheat,Fruiting,sandy,25.0,30.2,0.0,44.8,4.35,0.9,3138.5
Groundnut,Maturity,sandy,36.2,47.7,1.0,30.9,1.55,0.85,758.2
Rice,Vegetative,clay,22.9,69.0,0.7,75.5,2.06,1.35,402.8
Rice,Seedling,silt,29.6,45.5,0.0,61.1,3.26,1.35,1125.3
Cotton,Seedling,silt,22.4,57.2,0.0,61.8,8.97,1.15,2626.5
Groundnut,Fruiting,loamy,20.8,39.3,0.0,60.2,4.67,0.85,1539.4
Groundnut,Flowering,clay,30.0,49.0,0.0,76.9,2.6,0.85,283.5
Rice,Vegetative,loamy,41.6,77.7,0.0,39.4,5.4,1.35,5739.6
Tomato,Seedling,clay,18.6,71.7,0.0,66.9,9.38,1.0,1162.8
Wheat,Vegetative,sandy,28.9,57.9,3.4,17.1,4.49,0.9,3295.7
Tomato,Seedling,silt,25.6,69.7,0.0,59.2,8.77,1.0,1826.8
Groundnut,Maturity,clay,19.2,84.6,0.0,50.0,2.73,0.85,570.4
Groundnut,Seedling,silt,39.2,36.3,0.0,78.2,2.26,0.85,160.7
Tomato,Maturity,clay,36.4,75.7,0.0,70.8,2.31,1.0,352.6
Sugarcane,Vegetative,sandy,23.8,57.0,0.0,22.9,0.89,1.45,1642.7
Maize,Flowering,loamy,29.4,66.3,0.0,45.9,6.97,1.05,4740.5
Cotton,Flowering,loamy,33.0,74.7,0.0,37.9,5.16,1.15,5488.3
Sugarcane,Maturity,clay,33.8,50.7,2.3,47.8,2.15,1.45,1380.7
Sugarcane,Flowering,loamy,40.7,65.6,1.6,63.6,4.94,1.45,3642.0
Rice,Vegetative,clay,20.8,41.3,0.0,37.3,9.57,1.35,7734.9
Wheat,Fruiting,loamy,34.9,59.9,0.0,24.9,6.74,0.9,5719.2
Groundnut,Vegetative,silt,38.6,82.1,2.9,49.4,3.91,0.85,941.2
Tomato,Vegetative,silt,18.6,26.9,0.0,36.5,0.57,1.0,303.9
Sugarcane,Maturity,loamy,38.8,43.5,0.4,26.5,2.76,1.45,3640.5
Tomato,Vegetative,loamy,24.3,83.3,0.0,53.6,2.09,1.0,791.1
Wheat,Maturity,clay,33.5,58.7,0.0,23.5,2.67,0.9,1215.4
Rice,Maturity,clay,31.8,52.7,1.6,51.5,7.43,1.35,3483.7
Sugarcane,Seedling,loamy,39.2,74.8,0.4,37.7,9.15,1.45,7604.2
Groundnut,Seedling,clay,27.5,34.7,0.0,79.0,4.99,0.85,260.5
Sugarcane,Maturity,silt,19.4,47.5,2.3,35.1,2.17,1.45,1794.4
Maize,Fruiting,loamy,20.0,35.1,0.0,66.4,1.18,1.05,448.2
Wheat,Fruiting,loamy,39.0,59.7,0.0,65.9,0.67,0.9,229.3
Rice,Maturity,silt,33.5,62.2,0.0,32.5,6.4,1.35,5735.4
Maize,Seedling,silt,30.4,89.8,0.0,28.8,4.81,1.05,2295.2
Cotton,Seedling,sandy,21.1,72.1,0.0,73.5,3.29,1.15,724.8
Groundnut,Seedling,loamy,38.1,79.7,1.9,22.0,6.25,0.85,1996.6
Maize,Seedling,silt,35.6,34.1,0.0,44.7,8.31,1.05,3279.5
Maize,Maturity,clay,31.3,71.8,0.0,65.3,8.96,1.05,2034.8
Rice,Seedling,silt,39.8,33.6,0.0,16.3,4.73,1.35,4607.8
Groundnut,Fruiting,silt,41.9,29.5,0.0,44.6,1.71,0.85,963.2
Groundnut,Seedling,silt,31.1,86.6,0.0,42.4,7.63,0.85,1918.3
Groundnut,Seedling,sandy,25.9,35.2,0.0,60.2,4.83,0.85,997.7
Sugarcane,Vegetative,clay,30.3,53.3,0.0,77.8,9.06,1.45,2228.9
Groundnut,Maturity,loamy,32.5,38.0,0.0,79.5,0.74,0.85,56.3
Maize,Maturity,silt,41.8,33.5,0.0,71.9,4.38,1.05,908.7
Tomato,Vegetative,sandy,29.6,76.1,0.0,47.0,0.75,1.0,455.8
Rice,Maturity,sandy,33.6,38.0,0.0,70.7,1.47,1.35,601.6
Maize,Fruiting,clay,39.6,38.1,0.0,55.2,4.51,1.05,2659.0
Tomato,Flowering,loamy,30.0,75.8,1.2,65.4,1.72,1.0,485.4
Sugarcane,Flowering,silt,37.3,56.4,1.7,64.0,6.57,1.45,4506.6
Tomato,Flowering,clay,39.2,28.9,0.0,79.4,2.76,1.0,369.7
Maize,Fruiting,sandy,40.7,36.8,2.0,26.4,8.73,1.05,12845.2
Sugarcane,Flowering,sandy,22.5,87.2,0.0,65.9,1.27,1.45,942.1
Wheat,Maturity,silt,41.3,41.0,0.0,45.1,4.32,0.9,1656.4
Sugarcane,Seedling,sandy,33.2,55.6,2.9,18.6,3.88,1.45,5150.0
Wheat,Maturity,clay,31.3,74.0,0.0,23.2,7.85,0.9,3529.5
Wheat,Seedling,sandy,31.3,68.0,1.2,48.0,2.42,0.9,667.2
Rice,Vegetative,silt,41.1,66.7,5.8,59.4,9.35,1.35,3971.8
Rice,Seedling,silt,35.0,75.0,2.6,75.2,7.85,1.35,716.4
Rice,Vegetative,clay,23.7,25.8,0.0,55.7,8.36,1.35,4581.1
Rice,Seedling,sandy,25.3,44.7,8.0,48.3,7.44,1.35,2623.3
Sugarcane,Fruiting,clay,40.1,80.8,2.0,30.4,6.3,1.45,10112.8
Groundnut,Seedling,sandy,21.2,39.0,0.0,61.2,5.75,0.85,1142.9
Maize,Flowering,sandy,22.4,67.2,0.0,25.5,7.26,1.05,8441.9
Rice,Seedling,silt,19.5,35.0,0.0,64.7,3.11,1.35,873.9
Wheat,Fruiting,clay,22.9,26.5,0.0,31.8,5.44,0.9,3365.4
Groundnut,Maturity,silt,30.1,47.2,0.0,25.5,0.72,0.85,317.9
Maize,Seedling,clay,36.7,45.7,0.0,33.1,1.57,1.05,655.3
Rice,Seedling,sandy,36.3,73.7,0.0,55.6,7.13,1.35,4103.0
Maize,Seedling,silt,21.4,76.6,1.4,52.1,2.84,1.05,664.5
Rice,Vegetative,sandy,19.4,31.1,0.0,40.5,5.76,1.35,6571.8
Cotton,Seedling,loamy,27.7,65.3,8.2,57.9,3.24,1.15,253.0
Wheat,Seedling,clay,37.7,49.2,0.2,24.7,9.04,0.9,3381.6
Maize,Vegetative,sandy,18.2,28.1,0.0,79.9,1.39,1.05,211.7
Maize,Seedling,loamy,29.2,62.2,0.0,51.5,3.94,1.05,1278.4
Sugarcane,Maturity,silt,29.4,65.0,0.9,72.1,6.52,1.45,1831.8
Groundnut,Flowering,loamy,34.6,34.9,0.0,79.0,1.48,0.85,175.9
Groundnut,Flowering,sandy,37.0,35.9,0.0,71.8,4.47,0.85,1078.5
Cotton,Vegetative,sandy,33.8,66.7,0.0,19.7,8.49,1.15,13350.4
Maize,Maturity,silt,39.7,66.5,0.0,19.1,9.57,1.05,7353.6
Tomato,Maturity,clay,21.2,69.8,0.0,27.6,6.45,1.0,2898.0
Maize,Vegetative,loamy,35.4,59.3,0.0,65.2,9.44,1.05,3237.6
Cotton,Maturity,loamy,37.5,82.3,4.1,52.4,7.6,1.15,3305.0
Wheat,Flowering,clay,24.7,35.1,4.9,30.9,6.62,0.9,2632.6
Wheat,Maturity,clay,28.7,40.1,0.8,54.3,4.44,0.9,931.5
Maize,Fruiting,sandy,24.6,28.5,2.6,42.0,0.67,1.05,628.7
Groundnut,Fruiting,loamy,20.1,72.2,0.0,33.3,5.87,0.85,3441.8
Wheat,Fruiting,clay,25.6,56.0,6.3,55.3,9.45,0.9,1412.1
Tomato,Vegetative,sandy,33.9,82.1,0.0,55.0,0.65,1.0,330.2
Cotton,Maturity,sandy,37.6,78.4,0.9,54.2,5.45,1.15,3514.7
Wheat,Seedling,clay,29.9,34.8,1.9,70.7,0.63,0.9,50.0
Rice,Flowering,silt,18.5,26.8,0.0,46.6,8.48,1.35,7408.8
Groundnut,Seedling,silt,22.4,83.0,0.0,59.0,7.56,0.85,1110.7
Cotton,Seedling,clay,39.3,33.3,4.7,47.4,2.45,1.15,771.8
Sugarcane,Maturity,silt,26.7,42.2,2.7,64.6,1.51,1.45,569.5
Maize,Maturity,clay,28.7,39.7,0.0,54.0,4.49,1.05,1450.8
Tomato,Maturity,loamy,40.7,75.2,0.3,26.4,9.47,1.0,6072.3
Rice,Flowering,sandy,28.2,49.5,14.0,42.1,7.71,1.35,6747.0
Cotton,Seedling,clay,35.6,69.5,0.0,78.0,1.64,1.15,215.7
Maize,Maturity,loamy,23.1,73.3,0.0,57.6,0.66,1.05,213.5
Cotton,Maturity,silt,36.0,70.2,0.0,27.3,8.36,1.15,7721.6
Groundnut,Maturity,silt,22.3,43.6,0.0,41.1,8.82,0.85,2614.8
Tomato,Vegetative,loamy,21.9,73.4,3.2,53.5,2.01,1.0,550.0
Tomato,Seedling,clay,26.1,33.8,0.0,49.7,6.52,1.0,1679.3
